Use alodigaWallet;
SET FOREIGN_KEY_CHECKS=0;

SET @Delete =  0;
DELETE FROM account_bank WHERE id >= @Delete;
DELETE FROM account_type_bank WHERE id >= @Delete;
DELETE FROM address WHERE id >= @Delete;
DELETE FROM address_type WHERE id >= @Delete;
DELETE FROM affiliation_request WHERE id >= @Delete;
DELETE FROM audit WHERE id >= @Delete;
DELETE FROM audit_action WHERE id >= @Delete;
DELETE FROM balance_history WHERE id >= @Delete;
DELETE FROM bank WHERE id >= @Delete;
DELETE FROM bank_has_product WHERE id >= @Delete;
DELETE FROM bank_operation WHERE id >= @Delete;
DELETE FROM bank_operation_mode WHERE id >= @Delete;
DELETE FROM bank_operation_type WHERE id >= @Delete;
DELETE FROM business_affiliation_request WHERE id >= @Delete;
DELETE FROM business_category WHERE id >= @Delete;
DELETE FROM business_has_product WHERE id >= @Delete;
DELETE FROM business_service_type WHERE id >= @Delete;
DELETE FROM business_sub_category WHERE id >= @Delete;
DELETE FROM business_type WHERE id >= @Delete;
DELETE FROM calendar_days WHERE id >= @Delete;
DELETE FROM card WHERE id >= @Delete;
DELETE FROM category WHERE id >= @Delete;
DELETE FROM category_data WHERE id >= @Delete;
DELETE FROM city WHERE id >= @Delete;
DELETE FROM civil_status WHERE id >= @Delete;
DELETE FROM classification_preference WHERE id >= @Delete;
DELETE FROM close WHERE id >= @Delete;
DELETE FROM code WHERE id >= @Delete;
DELETE FROM code_error_transaction_log WHERE id >= @Delete;
DELETE FROM collections_request WHERE id >= @Delete;
DELETE FROM collection_type WHERE id >= @Delete;
DELETE FROM comercial_agency WHERE id >= @Delete;
DELETE FROM commission WHERE id >= @Delete;
DELETE FROM commission_item WHERE id >= @Delete;
DELETE FROM country WHERE id >= @Delete;
DELETE FROM county WHERE id >= @Delete;
DELETE FROM creditcard_type WHERE id >= @Delete;
DELETE FROM cumplimient WHERE id >= @Delete;
DELETE FROM cumplimient_status WHERE id >= @Delete;
DELETE FROM currency WHERE id >= @Delete;
DELETE FROM daily_closing WHERE id >= @Delete;
DELETE FROM documents_person_type WHERE id >= @Delete;
DELETE FROM document_type WHERE id >= @Delete;
DELETE FROM edification_type WHERE id >= @Delete;
DELETE FROM employed_position WHERE id >= @Delete;
DELETE FROM employee WHERE id >= @Delete;
DELETE FROM enterprise WHERE id >= @Delete;
DELETE FROM event WHERE id >= @Delete;
DELETE FROM exchange_detail WHERE id >= @Delete;
DELETE FROM exchange_rate WHERE id >= @Delete;
DELETE FROM language WHERE id >= @Delete;
DELETE FROM legal_person WHERE id >= @Delete;
DELETE FROM legal_representative WHERE id >= @Delete;
DELETE FROM natural_person WHERE id >= @Delete;
DELETE FROM origin_application WHERE id >= @Delete;
DELETE FROM parameter_type WHERE id >= @Delete;
DELETE FROM password_change_request WHERE id >= @Delete;
DELETE FROM payment_info WHERE id >= @Delete;
DELETE FROM payment_integration_type WHERE id >= @Delete;
DELETE FROM payment_patner WHERE id >= @Delete;
DELETE FROM payment_type WHERE id >= @Delete;
DELETE FROM period WHERE id >= @Delete;
DELETE FROM person WHERE id >= @Delete;
DELETE FROM person_classification WHERE id >= @Delete;
DELETE FROM person_has_address WHERE id >= @Delete;
DELETE FROM person_type WHERE id >= @Delete;
DELETE FROM phone_person WHERE id >= @Delete;
DELETE FROM phone_type WHERE id >= @Delete;
DELETE FROM preference WHERE id >= @Delete;
DELETE FROM preference_classification WHERE id >= @Delete;
DELETE FROM preference_control WHERE id >= @Delete;
DELETE FROM preference_field WHERE id >= @Delete;
DELETE FROM preference_field_data WHERE id >= @Delete;
DELETE FROM preference_type WHERE id >= @Delete;
DELETE FROM preference_value WHERE id >= @Delete;
DELETE FROM product WHERE id >= @Delete;
DELETE FROM product_data WHERE id >= @Delete;
DELETE FROM product_has_provider WHERE id >= @Delete;
DELETE FROM product_integration_type WHERE id >= @Delete;
DELETE FROM profession WHERE id >= @Delete;
DELETE FROM profile WHERE id >= @Delete;
DELETE FROM profile_data WHERE id >= @Delete;
DELETE FROM promotion WHERE id >= @Delete;
DELETE FROM promotion_data WHERE id >= @Delete;
DELETE FROM promotion_item WHERE id >= @Delete;
DELETE FROM promotion_notification WHERE id >= @Delete;
DELETE FROM provider WHERE id >= @Delete;
DELETE FROM report WHERE id >= @Delete;
DELETE FROM report_has_profile WHERE id >= @Delete;
DELETE FROM report_parameter WHERE id >= @Delete;
DELETE FROM report_type WHERE id >= @Delete;
DELETE FROM request_has_collection_request WHERE id >= @Delete;
DELETE FROM request_type WHERE id >= @Delete;
DELETE FROM review_affiliation_request WHERE id >= @Delete;
DELETE FROM review_ofac WHERE id >= @Delete;
DELETE FROM reviewType WHERE id >= @Delete;
DELETE FROM sequences WHERE id >= @Delete;
DELETE FROM sms WHERE id >= @Delete;
DELETE FROM sms_provider WHERE id >= @Delete;
DELETE FROM state WHERE id >= @Delete;
DELETE FROM status_account_bank WHERE id >= @Delete;
DELETE FROM status_applicant WHERE id >= @Delete;
DELETE FROM status_bank_operation WHERE id >= @Delete;
DELETE FROM status_business_affiliation_has_final_state WHERE id >= @Delete;
DELETE FROM status_card WHERE id >= @Delete;
DELETE FROM status_card_has_final_state WHERE id >= @Delete;
DELETE FROM status_request WHERE id >= @Delete;
DELETE FROM status_transaction_approve_request WHERE id >= @Delete;
DELETE FROM status_transaction_log WHERE id >= @Delete;
DELETE FROM street_type WHERE id >= @Delete;
DELETE FROM top_up_country WHERE id >= @Delete;
DELETE FROM transaction WHERE id >= @Delete;
DELETE FROM transaction_approve_request WHERE id >= @Delete;
DELETE FROM transaction_log WHERE id >= @Delete;
DELETE FROM transaction_source WHERE id >= @Delete;
DELETE FROM transaction_type WHERE id >= @Delete;
DELETE FROM user WHERE id >= @Delete;
DELETE FROM user_has_bank WHERE id >= @Delete;
DELETE FROM user_has_card WHERE id >= @Delete;
DELETE FROM user_has_country WHERE id >= @Delete;
DELETE FROM user_has_product WHERE id >= @Delete;
DELETE FROM user_has_profile WHERE id >= @Delete;
DELETE FROM validation_collection WHERE id >= @Delete;
DELETE FROM withdrawal WHERE id >= @Delete;
DELETE FROM withdrawal_type WHERE id >= @Delete;
DELETE FROM zip_zone WHERE id >= @Delete;

ALTER TABLE account_bank AUTO_INCREMENT = 1;
ALTER TABLE account_type_bank AUTO_INCREMENT = 1;
ALTER TABLE address AUTO_INCREMENT = 1;
ALTER TABLE address_type AUTO_INCREMENT = 1;
ALTER TABLE affiliation_request AUTO_INCREMENT = 1;
ALTER TABLE audit AUTO_INCREMENT = 1;
ALTER TABLE audit_action AUTO_INCREMENT = 1;
ALTER TABLE balance_history AUTO_INCREMENT = 1;
ALTER TABLE bank AUTO_INCREMENT = 1;
ALTER TABLE bank_has_product AUTO_INCREMENT = 1;
ALTER TABLE bank_operation AUTO_INCREMENT = 1;
ALTER TABLE bank_operation_mode AUTO_INCREMENT = 1;
ALTER TABLE bank_operation_type AUTO_INCREMENT = 1;
ALTER TABLE business_affiliation_request AUTO_INCREMENT = 1;
ALTER TABLE business_category AUTO_INCREMENT = 1;
ALTER TABLE business_has_product AUTO_INCREMENT = 1;
ALTER TABLE business_service_type AUTO_INCREMENT = 1;
ALTER TABLE business_sub_category AUTO_INCREMENT = 1;
ALTER TABLE business_type AUTO_INCREMENT = 1;
ALTER TABLE calendar_days AUTO_INCREMENT = 1;
ALTER TABLE card AUTO_INCREMENT = 1;
ALTER TABLE category AUTO_INCREMENT = 1;
ALTER TABLE category_data AUTO_INCREMENT = 1;
ALTER TABLE city AUTO_INCREMENT = 1;
ALTER TABLE civil_status AUTO_INCREMENT = 1;
ALTER TABLE classification_preference AUTO_INCREMENT = 1;
ALTER TABLE close AUTO_INCREMENT = 1;
ALTER TABLE code AUTO_INCREMENT = 1;
ALTER TABLE code_error_transaction_log AUTO_INCREMENT = 1;
ALTER TABLE collections_request AUTO_INCREMENT = 1;
ALTER TABLE collection_type AUTO_INCREMENT = 1;
ALTER TABLE comercial_agency AUTO_INCREMENT = 1;
ALTER TABLE commission AUTO_INCREMENT = 1;
ALTER TABLE commission_item AUTO_INCREMENT = 1;
ALTER TABLE country AUTO_INCREMENT = 1;
ALTER TABLE county AUTO_INCREMENT = 1;
ALTER TABLE creditcard_type AUTO_INCREMENT = 1;
ALTER TABLE cumplimient AUTO_INCREMENT = 1;
ALTER TABLE cumplimient_status AUTO_INCREMENT = 1;
ALTER TABLE currency AUTO_INCREMENT = 1;
ALTER TABLE daily_closing AUTO_INCREMENT = 1;
ALTER TABLE documents_person_type AUTO_INCREMENT = 1;
ALTER TABLE document_type AUTO_INCREMENT = 1;
ALTER TABLE edification_type AUTO_INCREMENT = 1;
ALTER TABLE employed_position AUTO_INCREMENT = 1;
ALTER TABLE employee AUTO_INCREMENT = 1;
ALTER TABLE enterprise AUTO_INCREMENT = 1;
ALTER TABLE event AUTO_INCREMENT = 1;
ALTER TABLE exchange_detail AUTO_INCREMENT = 1;
ALTER TABLE exchange_rate AUTO_INCREMENT = 1;
ALTER TABLE language AUTO_INCREMENT = 1;
ALTER TABLE legal_person AUTO_INCREMENT = 1;
ALTER TABLE legal_representative AUTO_INCREMENT = 1;
ALTER TABLE natural_person AUTO_INCREMENT = 1;
ALTER TABLE origin_application AUTO_INCREMENT = 1;
ALTER TABLE parameter_type AUTO_INCREMENT = 1;
ALTER TABLE password_change_request AUTO_INCREMENT = 1;
ALTER TABLE payment_info AUTO_INCREMENT = 1;
ALTER TABLE payment_integration_type AUTO_INCREMENT = 1;
ALTER TABLE payment_patner AUTO_INCREMENT = 1;
ALTER TABLE payment_type AUTO_INCREMENT = 1;
ALTER TABLE period AUTO_INCREMENT = 1;
ALTER TABLE person AUTO_INCREMENT = 1;
ALTER TABLE person_classification AUTO_INCREMENT = 1;
ALTER TABLE person_has_address AUTO_INCREMENT = 1;
ALTER TABLE person_type AUTO_INCREMENT = 1;
ALTER TABLE phone_person AUTO_INCREMENT = 1;
ALTER TABLE phone_type AUTO_INCREMENT = 1;
ALTER TABLE preference AUTO_INCREMENT = 1;
ALTER TABLE preference_classification AUTO_INCREMENT = 1;
ALTER TABLE preference_control AUTO_INCREMENT = 1;
ALTER TABLE preference_field AUTO_INCREMENT = 1;
ALTER TABLE preference_field_data AUTO_INCREMENT = 1;
ALTER TABLE preference_type AUTO_INCREMENT = 1;
ALTER TABLE preference_value AUTO_INCREMENT = 1;
ALTER TABLE product AUTO_INCREMENT = 1;
ALTER TABLE product_data AUTO_INCREMENT = 1;
ALTER TABLE product_has_provider AUTO_INCREMENT = 1;
ALTER TABLE product_integration_type AUTO_INCREMENT = 1;
ALTER TABLE profession AUTO_INCREMENT = 1;
ALTER TABLE profile AUTO_INCREMENT = 1;
ALTER TABLE profile_data AUTO_INCREMENT = 1;
ALTER TABLE promotion AUTO_INCREMENT = 1;
ALTER TABLE promotion_data AUTO_INCREMENT = 1;
ALTER TABLE promotion_item AUTO_INCREMENT = 1;
ALTER TABLE promotion_notification AUTO_INCREMENT = 1;
ALTER TABLE provider AUTO_INCREMENT = 1;
ALTER TABLE report AUTO_INCREMENT = 1;
ALTER TABLE report_has_profile AUTO_INCREMENT = 1;
ALTER TABLE report_parameter AUTO_INCREMENT = 1;
ALTER TABLE report_type AUTO_INCREMENT = 1;
ALTER TABLE request_has_collection_request AUTO_INCREMENT = 1;
ALTER TABLE request_type AUTO_INCREMENT = 1;
ALTER TABLE review_affiliation_request AUTO_INCREMENT = 1;
ALTER TABLE review_ofac AUTO_INCREMENT = 1;
ALTER TABLE reviewType AUTO_INCREMENT = 1;
ALTER TABLE sequences AUTO_INCREMENT = 1;
ALTER TABLE sms AUTO_INCREMENT = 1;
ALTER TABLE sms_provider AUTO_INCREMENT = 1;
ALTER TABLE state AUTO_INCREMENT = 1;
ALTER TABLE status_account_bank AUTO_INCREMENT = 1;
ALTER TABLE status_applicant AUTO_INCREMENT = 1;
ALTER TABLE status_bank_operation AUTO_INCREMENT = 1;
ALTER TABLE status_business_affiliation_has_final_state AUTO_INCREMENT = 1;
ALTER TABLE status_card AUTO_INCREMENT = 1;
ALTER TABLE status_card_has_final_state AUTO_INCREMENT = 1;
ALTER TABLE status_request AUTO_INCREMENT = 1;
ALTER TABLE status_transaction_approve_request AUTO_INCREMENT = 1;
ALTER TABLE status_transaction_log AUTO_INCREMENT = 1;
ALTER TABLE street_type AUTO_INCREMENT = 1;
ALTER TABLE top_up_country AUTO_INCREMENT = 1;
ALTER TABLE transaction AUTO_INCREMENT = 1;
ALTER TABLE transaction_approve_request AUTO_INCREMENT = 1;
ALTER TABLE transaction_log AUTO_INCREMENT = 1;
ALTER TABLE transaction_source AUTO_INCREMENT = 1;
ALTER TABLE transaction_type AUTO_INCREMENT = 1;
ALTER TABLE user AUTO_INCREMENT = 1;
ALTER TABLE user_has_bank AUTO_INCREMENT = 1;
ALTER TABLE user_has_card AUTO_INCREMENT = 1;
ALTER TABLE user_has_country AUTO_INCREMENT = 1;
ALTER TABLE user_has_product AUTO_INCREMENT = 1;
ALTER TABLE user_has_profile AUTO_INCREMENT = 1;
ALTER TABLE validation_collection AUTO_INCREMENT = 1;
ALTER TABLE withdrawal AUTO_INCREMENT = 1;
ALTER TABLE withdrawal_type AUTO_INCREMENT = 1;
ALTER TABLE zip_zone AUTO_INCREMENT = 1;

-- Tabla account_type_bank
INSERT INTO `alodigaWallet`.`account_type_bank` (`id`, `description`, `code`) VALUES ('1', 'Cuenta Corriente', 'CTACOR');
INSERT INTO `alodigaWallet`.`account_type_bank` (`id`, `description`, `code`) VALUES ('2', 'Cuenta de Ahorros', 'CTAAHO');
INSERT INTO `alodigaWallet`.`account_type_bank` (`id`, `description`, `code`) VALUES ('3', 'Cuenta Unica', 'CTAUNI');

-- Tabla address_type
INSERT INTO `alodigaWallet`.`address_type` (`id`, `description`, `code`) VALUES ('1', 'Habitación', 'HABITA');
INSERT INTO `alodigaWallet`.`address_type` (`id`, `description`, `code`) VALUES ('2', 'Domicilio Fiscal', 'DOMFIS');
INSERT INTO `alodigaWallet`.`address_type` (`id`, `description`, `code`) VALUES ('3', 'Facturación', 'FACTUR');
INSERT INTO `alodigaWallet`.`address_type` (`id`, `description`, `code`) VALUES ('4', 'Empresa', 'EMPRES');

-- Tabla bank_operation_mode
INSERT INTO `alodigaWallet`.`bank_operation_mode` (`id`, `name`) VALUES ('1', 'MANUAL');
INSERT INTO `alodigaWallet`.`bank_operation_mode` (`id`, `name`) VALUES ('2', 'AUTOMATIC');

-- Tabla bank_operation_type
INSERT INTO `alodigaWallet`.`bank_operation_type` (`id`, `name`) VALUES ('1', 'WITHDRAWAL');
INSERT INTO `alodigaWallet`.`bank_operation_type` (`id`, `name`) VALUES ('2', 'RECHARGE');

-- Tabla creditcard_type
INSERT INTO `alodigaWallet`.`creditcard_type` (`id`, `name`, `enabled`, `lengh`) VALUES ('1', 'VISA', '1', '3');
INSERT INTO `alodigaWallet`.`creditcard_type` (`id`, `name`, `enabled`, `lengh`) VALUES ('2', 'MASTERCARD', '1', '3');
INSERT INTO `alodigaWallet`.`creditcard_type` (`id`, `name`, `enabled`, `lengh`) VALUES ('3', 'DISCOVER', '1', '3');
INSERT INTO `alodigaWallet`.`creditcard_type` (`id`, `name`, `enabled`, `lengh`) VALUES ('4', 'AMERICAN EXPRESS', '1', '4');
INSERT INTO `alodigaWallet`.`creditcard_type` (`id`, `name`, `enabled`, `lengh`) VALUES ('5', 'JCB', '1', '3');

-- Tabla category
INSERT INTO `alodigaWallet`.`category` (`id`, `name`, `enabled`) VALUES ('1', 'Moneda', '1');

-- Tabla currency
INSERT INTO `alodigaWallet`.`currency` (`id`, `name`, `symbol`) VALUES ('1', 'DOLLAR', '$');
INSERT INTO `alodigaWallet`.`currency` (`id`, `name`, `symbol`) VALUES ('2', 'BOLIVARES', 'BS');
INSERT INTO `alodigaWallet`.`currency` (`id`, `name`, `symbol`) VALUES ('3', 'PESO MEXICANO', '$');

-- Tabla edification_type
INSERT INTO `alodigaWallet`.`edification_type` (`id`, `description`, `code`) VALUES ('1', 'Casa', 'CASA');
INSERT INTO `alodigaWallet`.`edification_type` (`id`, `description`, `code`) VALUES ('2', 'Quinta', 'QUINTA');
INSERT INTO `alodigaWallet`.`edification_type` (`id`, `description`, `code`) VALUES ('3', 'Edificio', 'EDIFIC');
INSERT INTO `alodigaWallet`.`edification_type` (`id`, `description`, `code`) VALUES ('4', 'Residencia', 'RESIDE');
INSERT INTO `alodigaWallet`.`edification_type` (`id`, `description`, `code`) VALUES ('5', 'Centro Comercial', 'CENCOM');
INSERT INTO `alodigaWallet`.`edification_type` (`id`, `description`, `code`) VALUES ('6', 'Chalet', 'CHALET');
INSERT INTO `alodigaWallet`.`edification_type` (`id`, `description`, `code`) VALUES ('7', 'Duplex', 'DUPLEX');

-- Tabla employed_position
INSERT INTO `alodigaWallet`.`employed_position` (`id`, `name`) VALUES ('1', 'Agente Comercial');
INSERT INTO `alodigaWallet`.`employed_position` (`id`, `name`) VALUES ('2', 'Administrador CMS');
INSERT INTO `alodigaWallet`.`employed_position` (`id`, `name`) VALUES ('3', 'Agente Cumplimiento');

-- Tabla event
INSERT INTO `alodigaWallet`.`event` (`id`, `name`, `description`) VALUES ('1', 'create', 'create');
INSERT INTO `alodigaWallet`.`event` (`id`, `name`, `description`) VALUES ('2', 'read', 'read');
INSERT INTO `alodigaWallet`.`event` (`id`, `name`, `description`) VALUES ('3', 'update', 'update');
INSERT INTO `alodigaWallet`.`event` (`id`, `name`, `description`) VALUES ('4', 'delete', 'delete');
INSERT INTO `alodigaWallet`.`event` (`id`, `name`, `description`) VALUES ('5', 'web_services_call', 'web_services_call');

-- Tabla language
INSERT INTO `alodigaWallet`.`language` (`id`, `iso`, `description`, `enabled`) VALUES ('1', 'en', 'ENGLISH', '1');
INSERT INTO `alodigaWallet`.`language` (`id`, `iso`, `description`, `enabled`) VALUES ('2', 'es', 'SPANISH', '1');

-- Tabla origin_application
INSERT INTO `alodigaWallet`.`origin_application` (`id`, `name`, `code`) VALUES ('1', 'AlodigaWallet App', 'AWAAPP');
INSERT INTO `alodigaWallet`.`origin_application` (`id`, `name`, `code`) VALUES ('2', 'AlodigaWallet Admin Web', 'AWAWEB');
INSERT INTO `alodigaWallet`.`origin_application` (`id`, `name`, `code`) VALUES ('3', 'Portal de Negocios', 'PORNEG');

-- Tabla parameter_type
INSERT INTO `alodigaWallet`.`parameter_type` (`id`, `name`) VALUES ('1', 'Double');
INSERT INTO `alodigaWallet`.`parameter_type` (`id`, `name`) VALUES ('2', 'Integer');
INSERT INTO `alodigaWallet`.`parameter_type` (`id`, `name`) VALUES ('3', 'String');
INSERT INTO `alodigaWallet`.`parameter_type` (`id`, `name`) VALUES ('4', 'Date');

-- Tabla payment_type
INSERT INTO `alodigaWallet`.`payment_type` (`id`, `name`, `enabled`) VALUES ('1', 'CASH', '1');
INSERT INTO `alodigaWallet`.`payment_type` (`id`, `name`, `enabled`) VALUES ('2', 'CREDIT_CARD', '1');
INSERT INTO `alodigaWallet`.`payment_type` (`id`, `name`, `enabled`) VALUES ('3', 'TRANSFER', '1');

-- Tabla payment_integration_type
INSERT INTO `alodigaWallet`.`payment_integration_type` (`id`, `name`, `enabled`) VALUES ('1', 'WEB SERVICE', '1');
INSERT INTO `alodigaWallet`.`payment_integration_type` (`id`, `name`, `enabled`) VALUES ('2', 'PAYMENT GATEWAY', '1');

-- Tabla person_classification
INSERT INTO `alodigaWallet`.`person_classification` (`id`, `description`, `code`) VALUES ('1', 'Natural Business Applicant', 'NABUAP');
INSERT INTO `alodigaWallet`.`person_classification` (`id`, `description`, `code`) VALUES ('2', 'Legal Business Applicant', 'LEBUAP');
INSERT INTO `alodigaWallet`.`person_classification` (`id`, `description`, `code`) VALUES ('3', 'Employee', 'EMPLEA');
INSERT INTO `alodigaWallet`.`person_classification` (`id`, `description`, `code`) VALUES ('4', 'User', 'USER');

-- Tabla phone_type
INSERT INTO `alodigaWallet`.`phone_type` (`id`, `description`) VALUES ('1', 'MOBILE');
INSERT INTO `alodigaWallet`.`phone_type` (`id`, `description`) VALUES ('2', 'ROOM');
INSERT INTO `alodigaWallet`.`phone_type` (`id`, `description`) VALUES ('3', 'OFFICE');
INSERT INTO `alodigaWallet`.`phone_type` (`id`, `description`) VALUES ('4', 'FIJO');

-- Tabla preference_classification
INSERT INTO `alodigaWallet`.`preference_classification` (`id`, `name`, `enabled`) VALUES ('1', 'cliente','1');
INSERT INTO `alodigaWallet`.`preference_classification` (`id`, `name`, `enabled`) VALUES ('2', 'negocio','1');

-- Tabla profile
INSERT INTO `alodigaWallet`.`profile` (`id`, `name`, `enabled`) VALUES ('1', 'Administrator', '1');

-- Tabla profile_data
INSERT INTO `alodigaWallet`.`profile_data` (`id`, `profileId`, `languageId`, `alias`, `description` ) VALUES ('1', '1', '1', 'Administrator', 'Administrator');
INSERT INTO `alodigaWallet`.`profile_data` (`id`, `profileId`, `languageId`, `alias`, `description` ) VALUES ('2', '1', '2', 'Administrador', 'Administrador');

-- Tabla civil_status
INSERT INTO `alodigaWallet`.`civil_status` (`id`, `description` , `languageId`) VALUES ('1', 'Soltero', '2');
INSERT INTO `alodigaWallet`.`civil_status` (`id`, `description` , `languageId`) VALUES ('2', 'Casado', '2');
INSERT INTO `alodigaWallet`.`civil_status` (`id`, `description` , `languageId`) VALUES ('3', 'Divorciado', '2');
INSERT INTO `alodigaWallet`.`civil_status` (`id`, `description` , `languageId`) VALUES ('4', 'Viudo', '2');
INSERT INTO `alodigaWallet`.`civil_status` (`id`, `description` , `languageId`) VALUES ('5', 'Single', '1');
INSERT INTO `alodigaWallet`.`civil_status` (`id`, `description` , `languageId`) VALUES ('6', 'Married', '1');
INSERT INTO `alodigaWallet`.`civil_status` (`id`, `description` , `languageId`) VALUES ('7', 'Divorced', '1');
INSERT INTO `alodigaWallet`.`civil_status` (`id`, `description` , `languageId`) VALUES ('8', 'Widower', '1');

-- Tabla report_type
INSERT INTO `alodigaWallet`.`report_type` (`id`, `name` , `description`) VALUES ('1', 'FINANCES', 'FINANCES');
INSERT INTO `alodigaWallet`.`report_type` (`id`, `name` , `description`) VALUES ('2', 'SALES',  'SALES');
INSERT INTO `alodigaWallet`.`report_type` (`id`, `name` , `description`) VALUES ('3', 'CONTROL', 'CONTROL');
INSERT INTO `alodigaWallet`.`report_type` (`id`, `name` , `description`) VALUES ('4', 'MANAGEMENT', 'MANAGEMENT');
INSERT INTO `alodigaWallet`.`report_type` (`id`, `name` , `description`) VALUES ('5', 'ACCOUNT', 'ACCOUNT');

-- Tabla status_account_bank
INSERT INTO `alodigaWallet`.`status_account_bank` (`id`, `description`, `code`) VALUES ('1', 'ACTIVA', 'ACTIVA');
INSERT INTO `alodigaWallet`.`status_account_bank` (`id`, `description`, `code`) VALUES ('2', 'INACTIVA', 'INACTI');
INSERT INTO `alodigaWallet`.`status_account_bank` (`id`, `description`, `code`) VALUES ('3', 'BLOQUEADA', 'BLOQUE');

-- Tabla status_request
INSERT INTO `alodigaWallet`.`status_request` (`id`, `description`, `code`) VALUES ('1', 'PENDIENTE', 'PENDIE');
INSERT INTO `alodigaWallet`.`status_request` (`id`, `description`, `code`) VALUES ('2', 'RECAUDOS COMPLETOS', 'RECCOM');
INSERT INTO `alodigaWallet`.`status_request` (`id`, `description`, `code`) VALUES ('3', 'RECAUDOS INCOMPLETOS', 'RECINC');
INSERT INTO `alodigaWallet`.`status_request` (`id`, `description`, `code`) VALUES ('4', 'PENDIENTE LISTA NEGRA', 'PELINE');
INSERT INTO `alodigaWallet`.`status_request` (`id`, `description`, `code`) VALUES ('5', 'APROBADA LISTA NEGRA', 'APLINE');
INSERT INTO `alodigaWallet`.`status_request` (`id`, `description`, `code`) VALUES ('6', 'APROBADA', 'APROBA');
INSERT INTO `alodigaWallet`.`status_request` (`id`, `description`, `code`) VALUES ('7', 'RECHAZADA', 'RECHAZ');
INSERT INTO `alodigaWallet`.`status_request` (`id`, `description`, `code`) VALUES ('8', 'RECAUDOS SIN APROBAR', 'RSA');

-- Tabla status_applicant
INSERT INTO `alodigaWallet`.`status_applicant` (`description`, `code`) VALUES ('ACTIVO', 'ACTIVO');
INSERT INTO `alodigaWallet`.`status_applicant` (`description`, `code`) VALUES ('LISTA NEGRA OK', 'LISNOK');
INSERT INTO `alodigaWallet`.`status_applicant` (`description`, `code`) VALUES ('LISTA NEGRA', 'LISNEG');
INSERT INTO `alodigaWallet`.`status_applicant` (`description`, `code`) VALUES ('INACTIVO', 'INACTI');
INSERT INTO `alodigaWallet`.`status_applicant` (`description`, `code`) VALUES ('NEGOCIO', 'NEGOCI');

-- Tabla street_type
INSERT INTO `alodigaWallet`.`street_type` (`id`, `description`, `code`) VALUES ('1', 'Calle', 'CALLE');
INSERT INTO `alodigaWallet`.`street_type` (`id`, `description`, `code`) VALUES ('2', 'Avenida', 'AVENID');
INSERT INTO `alodigaWallet`.`street_type` (`id`, `description`, `code`) VALUES ('3', 'Vereda', 'VEREDA');
INSERT INTO `alodigaWallet`.`street_type` (`id`, `description`, `code`) VALUES ('4', 'Redoma', 'REDOMA');
INSERT INTO `alodigaWallet`.`street_type` (`id`, `description`, `code`) VALUES ('5', 'Autopista', 'AUTOPI');
INSERT INTO `alodigaWallet`.`street_type` (`id`, `description`, `code`) VALUES ('6', 'Bulevar', 'BULEVA');
INSERT INTO `alodigaWallet`.`street_type` (`id`, `description`, `code`) VALUES ('7', 'Carretera', 'CARRET');

-- Tabla transaction_source
INSERT INTO `alodigaWallet`.`transaction_source` (`id`, `name`, `code`) VALUES ('1', 'APP BILLETERA', 'APPBIL');
INSERT INTO `alodigaWallet`.`transaction_source` (`id`, `name`, `code`) VALUES ('2', 'PORTAL DE NEGOCIOS', 'PORNEG');

-- Tabla transaction_type
INSERT INTO `alodigaWallet`.`transaction_type` (`id`, `value`, `code`) VALUES ('1', 'PRODUCT_RECHARGE', 'PROREC');
INSERT INTO `alodigaWallet`.`transaction_type` (`id`, `value`, `code`) VALUES ('2', 'PRODUCT_PAYMENT', 'PROPAY');
INSERT INTO `alodigaWallet`.`transaction_type` (`id`, `value`, `code`) VALUES ('3', 'PRODUCT_TRANSFER', 'PROTRA');
INSERT INTO `alodigaWallet`.`transaction_type` (`id`, `value`, `code`) VALUES ('4', 'PRODUCT_EXCHANGE', 'PROEXC');
INSERT INTO `alodigaWallet`.`transaction_type` (`id`, `value`, `code`) VALUES ('5', 'WITHDRAWALS_MANUAL', 'WITMAN');
INSERT INTO `alodigaWallet`.`transaction_type` (`id`, `value`, `code`) VALUES ('6', 'MANUAL_RECHARGE', 'MANREC');
INSERT INTO `alodigaWallet`.`transaction_type` (`id`, `value`, `code`) VALUES ('7', 'TOP_UP_RECHARGE', 'TOPREC');
INSERT INTO `alodigaWallet`.`transaction_type` (`id`, `value`, `code`) VALUES ('8', 'TRANSFER_CARD_TO_CARD', 'TRACAR');
INSERT INTO `alodigaWallet`.`transaction_type` (`id`, `value`, `code`) VALUES ('9', 'TRANSFER_REMITTANCE', 'TRAREM');
INSERT INTO `alodigaWallet`.`transaction_type` (`id`, `value`, `code`) VALUES ('10', 'PURCHASE_BALANCE', 'PURBAL');
INSERT INTO `alodigaWallet`.`transaction_type` (`id`, `value`, `code`) VALUES ('11', 'BUSINESS_ WITHDRAWALS_MANUAL', 'BUSWIM');

-- Tabla country
INSERT INTO `alodigaWallet`.`country` (`id`, `name`, `shortName`, `code`, `alternativeName1`, `alternativeName2`, `alternativeName3`) VALUES
(1,'Venezuela','VE','58',NULL,NULL,NULL),
(2,'Afghanistan','AF','93',NULL,NULL,NULL),
(3,'Albania','AL','355',NULL,NULL,NULL),
(4,'American Samoa','AS','1684',NULL,NULL,NULL),
(5,'Andorra','AD','376',NULL,NULL,NULL),
(6,'Angola','AO','244',NULL,NULL,NULL),
(7,'Anguilla','AI','1264',NULL,NULL,NULL),
(8,'Antarctica','AQ','0',NULL,NULL,NULL),
(9,'Algeria','DZ','213',NULL,NULL,NULL),
(10,'Argentina','AR','54',NULL,NULL,NULL),
(11,'Armenia','AM','374',NULL,NULL,NULL),
(12,'Aruba','AW','297',NULL,NULL,NULL),
(13,'Australia','AU','61',NULL,NULL,NULL),
(14,'Austria','AT','43',NULL,NULL,NULL),
(15,'Azerbaijan','AZ','994',NULL,NULL,NULL),
(16,'Bahamas The','BS','1242',NULL,NULL,NULL),
(17,'Bahrain','BH','973',NULL,NULL,NULL),
(18,'Bangladesh','BD','880',NULL,NULL,NULL),
(19,'Barbados','BB','1246',NULL,NULL,NULL),
(20,'Belarus','BY','375',NULL,NULL,NULL),
(21,'Belgium','BE','32',NULL,NULL,NULL),
(22,'Belize','BZ','501',NULL,NULL,NULL),
(23,'Benin','BJ','229',NULL,NULL,NULL),
(24,'Bermuda','BM','1441',NULL,NULL,NULL),
(25,'Bhutan','BT','975',NULL,NULL,NULL),
(26,'Bolivia','BO','591',NULL,NULL,NULL),
(27,'Bosnia and Herzegovina','BA','387',NULL,NULL,NULL),
(28,'Botswana','BW','267',NULL,NULL,NULL),
(29,'Bouvet Island','BV','0',NULL,NULL,NULL),
(30,'Brazil','BR','55',NULL,NULL,NULL),
(31,'British Indian Ocean Territory','IO','246',NULL,NULL,NULL),
(32,'Brunei','BN','673',NULL,NULL,NULL),
(33,'Bulgaria','BG','359',NULL,NULL,NULL),
(34,'Burkina Faso','BF','226',NULL,NULL,NULL),
(35,'Burundi','BI','257',NULL,NULL,NULL),
(36,'Cambodia','KH','855',NULL,NULL,NULL),
(37,'Cameroon','CM','237',NULL,NULL,NULL),
(38,'Canada','CA','1',NULL,NULL,NULL),
(39,'Cape Verde','CV','238',NULL,NULL,NULL),
(40,'Cayman Islands','KY','1345',NULL,NULL,NULL),
(41,'Central African Republic','CF','236',NULL,NULL,NULL),
(42,'Chad','TD','235',NULL,NULL,NULL),
(43,'Chile','CL','56',NULL,NULL,NULL),
(44,'China','CN','86',NULL,NULL,NULL),
(45,'Cocos (Keeling) Islands','CC','672',NULL,NULL,NULL),
(46,'Colombia','CO','57',NULL,NULL,NULL),
(47,'United States','US','1',NULL,NULL,NULL),
(48,'Comoros','KM','269',NULL,NULL,NULL),
(49,'Republic Of The Congo','CG','242',NULL,NULL,NULL),
(50,'Democratic Republic Of The Congo','CD','242',NULL,NULL,NULL),
(51,'Cook Islands','CK','682',NULL,NULL,NULL),
(52,'Costa Rica','CR','506',NULL,NULL,NULL),
(53,'Cote D\'Ivoire (Ivory Coast)','CI','225',NULL,NULL,NULL),
(54,'Croatia (Hrvatska)','HR','385',NULL,NULL,NULL),
(55,'Cuba','CU','53',NULL,NULL,NULL),
(56,'Cyprus','CY','357',NULL,NULL,NULL),
(57,'Czech Republic','CZ','420',NULL,NULL,NULL),
(58,'Denmark','DK','45',NULL,NULL,NULL),
(59,'Djibouti','DJ','253',NULL,NULL,NULL),
(60,'Dominica','DM','1767',NULL,NULL,NULL),
(61,'Dominican Republic','DO','1809',NULL,NULL,NULL),
(62,'East Timor','TP','670',NULL,NULL,NULL),
(63,'Ecuador','EC','593',NULL,NULL,NULL),
(64,'Egypt','EG','20',NULL,NULL,NULL),
(65,'El Salvador','SV','503',NULL,NULL,NULL),
(66,'Equatorial Guinea','GQ','240',NULL,NULL,NULL),
(67,'Eritrea','ER','291',NULL,NULL,NULL),
(68,'Estonia','EE','372',NULL,NULL,NULL),
(69,'Ethiopia','ET','251',NULL,NULL,NULL),
(70,'External Territories of Australia','XA','61',NULL,NULL,NULL),
(71,'Falkland Islands','FK','500',NULL,NULL,NULL),
(72,'Faroe Islands','FO','298',NULL,NULL,NULL),
(73,'Fiji Islands','FJ','679',NULL,NULL,NULL),
(74,'Finland','FI','358',NULL,NULL,NULL),
(75,'France','FR','33',NULL,NULL,NULL),
(76,'French Guiana','GF','594',NULL,NULL,NULL),
(77,'French Polynesia','PF','689',NULL,NULL,NULL),
(78,'French Southern Territories','TF','0',NULL,NULL,NULL),
(79,'Gabon','GA','241',NULL,NULL,NULL),
(80,'Gambia The','GM','220',NULL,NULL,NULL),
(81,'Georgia','GE','995',NULL,NULL,NULL),
(82,'Germany','DE','49',NULL,NULL,NULL),
(83,'Ghana','GH','233',NULL,NULL,NULL),
(84,'Gibraltar','GI','350',NULL,NULL,NULL),
(85,'Greece','GR','30',NULL,NULL,NULL),
(86,'Greenland','GL','299',NULL,NULL,NULL),
(87,'Grenada','GD','1473',NULL,NULL,NULL),
(88,'Guadeloupe','GP','590',NULL,NULL,NULL),
(89,'Guam','GU','1671',NULL,NULL,NULL),
(90,'Guatemala','GT','502',NULL,NULL,NULL),
(91,'Guernsey and Alderney','XU','44',NULL,NULL,NULL),
(92,'Guinea','GN','224',NULL,NULL,NULL),
(93,'Guinea-Bissau','GW','245',NULL,NULL,NULL),
(94,'Guyana','GY','592',NULL,NULL,NULL),
(95,'Haiti','HT','509',NULL,NULL,NULL),
(96,'Heard and McDonald Islands','HM','0',NULL,NULL,NULL),
(97,'Honduras','HN','504',NULL,NULL,NULL),
(98,'Hong Kong S.A.R.','HK','852',NULL,NULL,NULL),
(99,'Hungary','HU','36',NULL,NULL,NULL),
(100,'Iceland','IS','354',NULL,NULL,NULL),
(101,'India','IN','91',NULL,NULL,NULL),
(102,'Indonesia','ID','62',NULL,NULL,NULL),
(103,'Iran','IR','98',NULL,NULL,NULL),
(104,'Iraq','IQ','964',NULL,NULL,NULL),
(105,'Ireland','IE','353',NULL,NULL,NULL),
(106,'Israel','IL','972',NULL,NULL,NULL),
(107,'Italy','IT','39',NULL,NULL,NULL),
(108,'Jamaica','JM','1876',NULL,NULL,NULL),
(109,'Japan','JP','81',NULL,NULL,NULL),
(110,'Jersey','XJ','44',NULL,NULL,NULL),
(111,'Jordan','JO','962',NULL,NULL,NULL),
(112,'Kazakhstan','KZ','7',NULL,NULL,NULL),
(113,'Kenya','KE','254',NULL,NULL,NULL),
(114,'Kiribati','KI','686',NULL,NULL,NULL),
(115,'Korea North','KP','850',NULL,NULL,NULL),
(116,'Korea South','KR','82',NULL,NULL,NULL),
(117,'Kuwait','KW','965',NULL,NULL,NULL),
(118,'Kyrgyzstan','KG','996',NULL,NULL,NULL),
(119,'Laos','LA','856',NULL,NULL,NULL),
(120,'Latvia','LV','371',NULL,NULL,NULL),
(121,'Lebanon','LB','961',NULL,NULL,NULL),
(122,'Lesotho','LS','266',NULL,NULL,NULL),
(123,'Liberia','LR','231',NULL,NULL,NULL),
(124,'Libya','LY','218',NULL,NULL,NULL),
(125,'Liechtenstein','LI','423',NULL,NULL,NULL),
(126,'Lithuania','LT','370',NULL,NULL,NULL),
(127,'Luxembourg','LU','352',NULL,NULL,NULL),
(128,'Macau S.A.R.','MO','853',NULL,NULL,NULL),
(129,'Macedonia','MK','389',NULL,NULL,NULL),
(130,'Madagascar','MG','261',NULL,NULL,NULL),
(131,'Malawi','MW','265',NULL,NULL,NULL),
(132,'Malaysia','MY','60',NULL,NULL,NULL),
(133,'Maldives','MV','960',NULL,NULL,NULL),
(134,'Mali','ML','223',NULL,NULL,NULL),
(135,'Malta','MT','356',NULL,NULL,NULL),
(136,'Man (Isle of)','XM','44',NULL,NULL,NULL),
(137,'Marshall Islands','MH','692',NULL,NULL,NULL),
(138,'Martinique','MQ','596',NULL,NULL,NULL),
(139,'Mauritania','MR','222',NULL,NULL,NULL),
(140,'Mauritius','MU','230',NULL,NULL,NULL),
(141,'Mayotte','YT','269',NULL,NULL,NULL),
(142,'Mexico','MX','52',NULL,NULL,NULL),
(143,'Micronesia','FM','691',NULL,NULL,NULL),
(144,'Moldova','MD','373',NULL,NULL,NULL),
(145,'Monaco','MC','377',NULL,NULL,NULL),
(146,'Mongolia','MN','976',NULL,NULL,NULL),
(147,'Montserrat','MS','1664',NULL,NULL,NULL),
(148,'Morocco','MA','212',NULL,NULL,NULL),
(149,'Mozambique','MZ','258',NULL,NULL,NULL),
(150,'Myanmar','MM','95',NULL,NULL,NULL),
(151,'Namibia','NA','264',NULL,NULL,NULL),
(152,'Nauru','NR','674',NULL,NULL,NULL),
(153,'Nepal','NP','977',NULL,NULL,NULL),
(154,'Netherlands Antilles','AN','599',NULL,NULL,NULL),
(155,'Netherlands The','NL','31',NULL,NULL,NULL),
(156,'New Caledonia','NC','687',NULL,NULL,NULL),
(157,'New Zealand','NZ','64',NULL,NULL,NULL),
(158,'Nicaragua','NI','505',NULL,NULL,NULL),
(159,'Niger','NE','227',NULL,NULL,NULL),
(160,'Nigeria','NG','234',NULL,NULL,NULL),
(161,'Niue','NU','683',NULL,NULL,NULL),
(162,'Norfolk Island','NF','672',NULL,NULL,NULL),
(163,'Northern Mariana Islands','MP','1670',NULL,NULL,NULL),
(164,'Norway','NO','47',NULL,NULL,NULL),
(165,'Oman','OM','968',NULL,NULL,NULL),
(166,'Pakistan','PK','92',NULL,NULL,NULL),
(167,'Palau','PW','680',NULL,NULL,NULL),
(168,'Palestinian Territory Occupied','PS','970',NULL,NULL,NULL),
(169,'Panama','PA','507',NULL,NULL,NULL),
(170,'Papua new Guinea','PG','675',NULL,NULL,NULL),
(171,'Paraguay','PY','595',NULL,NULL,NULL),
(172,'Peru','PE','51',NULL,NULL,NULL),
(173,'Philippines','PH','63',NULL,NULL,NULL),
(174,'Pitcairn Island','PN','0',NULL,NULL,NULL),
(175,'Poland','PL','48',NULL,NULL,NULL),
(176,'Portugal','PT','351',NULL,NULL,NULL),
(177,'Puerto Rico','PR','1787',NULL,NULL,NULL),
(178,'Qatar','QA','974',NULL,NULL,NULL),
(179,'Reunion','RE','262',NULL,NULL,NULL),
(180,'Romania','RO','40',NULL,NULL,NULL),
(181,'Russia','RU','70',NULL,NULL,NULL),
(182,'Rwanda','RW','250',NULL,NULL,NULL),
(183,'Saint Helena','SH','290',NULL,NULL,NULL),
(184,'Saint Kitts And Nevis','KN','1869',NULL,NULL,NULL),
(185,'Saint Lucia','LC','1758',NULL,NULL,NULL),
(186,'Saint Pierre and Miquelon','PM','508',NULL,NULL,NULL),
(187,'Saint Vincent And The Grenadines','VC','1784',NULL,NULL,NULL),
(188,'Samoa','WS','684',NULL,NULL,NULL),
(189,'San Marino','SM','378',NULL,NULL,NULL),
(190,'Sao Tome and Principe','ST','239',NULL,NULL,NULL),
(191,'Saudi Arabia','SA','966',NULL,NULL,NULL),
(192,'Senegal','SN','221',NULL,NULL,NULL),
(193,'Serbia','RS','381',NULL,NULL,NULL),
(194,'Seychelles','SC','248',NULL,NULL,NULL),
(195,'Sierra Leone','SL','232',NULL,NULL,NULL),
(196,'Singapore','SG','65',NULL,NULL,NULL),
(197,'Slovakia','SK','421',NULL,NULL,NULL),
(198,'Slovenia','SI','386',NULL,NULL,NULL),
(199,'Smaller Territories of the UK','XG','44',NULL,NULL,NULL),
(200,'Solomon Islands','SB','677',NULL,NULL,NULL),
(201,'Somalia','SO','252',NULL,NULL,NULL),
(202,'South Africa','ZA','27',NULL,NULL,NULL),
(203,'South Georgia','GS','0',NULL,NULL,NULL),
(204,'South Sudan','SS','211',NULL,NULL,NULL),
(205,'Spain','ES','34',NULL,NULL,NULL),
(206,'Sri Lanka','LK','94',NULL,NULL,NULL),
(207,'Sudan','SD','249',NULL,NULL,NULL),
(208,'Suriname','SR','597',NULL,NULL,NULL),
(209,'Svalbard And Jan Mayen Islands','SJ','47',NULL,NULL,NULL),
(210,'Swaziland','SZ','268',NULL,NULL,NULL),
(211,'Sweden','SE','46',NULL,NULL,NULL),
(212,'Switzerland','CH','41',NULL,NULL,NULL),
(213,'Syria','SY','963',NULL,NULL,NULL),
(214,'Taiwan','TW','886',NULL,NULL,NULL),
(215,'Tajikistan','TJ','992',NULL,NULL,NULL),
(216,'Tanzania','TZ','255',NULL,NULL,NULL),
(217,'Thailand','TH','66',NULL,NULL,NULL),
(218,'Togo','TG','228',NULL,NULL,NULL),
(219,'Tokelau','TK','690',NULL,NULL,NULL),
(220,'Tonga','TO','676',NULL,NULL,NULL),
(221,'Trinidad And Tobago','TT','1868',NULL,NULL,NULL),
(222,'Tunisia','TN','216',NULL,NULL,NULL),
(223,'Turkey','TR','90',NULL,NULL,NULL),
(224,'Turkmenistan','TM','7370',NULL,NULL,NULL),
(225,'Turks And Caicos Islands','TC','1649',NULL,NULL,NULL),
(226,'Tuvalu','TV','688',NULL,NULL,NULL),
(227,'Uganda','UG','256',NULL,NULL,NULL),
(228,'Ukraine','UA','380',NULL,NULL,NULL),
(229,'United Arab Emirates','AE','971',NULL,NULL,NULL),
(230,'United Kingdom','GB','44',NULL,NULL,NULL),
(231,'United States Minor Outlying Islands','UM','1',NULL,NULL,NULL),
(232,'Uruguay','UY','598',NULL,NULL,NULL),
(233,'Uzbekistan','UZ','998',NULL,NULL,NULL),
(234,'Vanuatu','VU','678',NULL,NULL,NULL),
(235,'Vatican City State (Holy See)','VA','39',NULL,NULL,NULL),
(236,'Vietnam','VN','84',NULL,NULL,NULL),
(237,'Virgin Islands (British)','VG','1284',NULL,NULL,NULL),
(238,'Virgin Islands (US)','VI','1340',NULL,NULL,NULL),
(239,'Wallis And Futuna Islands','WF','681',NULL,NULL,NULL),
(240,'Western Sahara','EH','212',NULL,NULL,NULL),
(241,'Yemen','YE','967',NULL,NULL,NULL),
(242,'Yugoslavia','YU','38',NULL,NULL,NULL),
(243,'Zambia','ZM','260',NULL,NULL,NULL),
(244,'Zimbabwe','ZW','263',NULL,NULL,NULL);

-- Tabla state
INSERT INTO `alodigaWallet`.`state` (`id`, `countryId`, `name`) VALUES
('1','1', 'Amazonas'),
('2','1', 'Anzoategui'),
('3','1', 'Apure'),
('4','1', 'Aragua'),
('5','1', 'Barinas'),
('6','1', 'Bolivar'),
('7','1', 'Carabobo'),
('8','1', 'Cojedes'),
('9','1', 'Delta Amacuro'),
('10','1', 'Distrito Federal'),
('11','1', 'Falcon'),
('12','1', 'Guarico'),
('13','1', 'Lara'),
('14','1', 'Merida'),
('15','1', 'Miranda'),
('16','1', 'Monagas'),
('17','1', 'Nueva Esparta'),
('18','1', 'Portuguesa'),
('19','1', 'Sucre'),
('20','1', 'Tachira'),
('21','1', 'Trujillo'),
('22','1', 'Vargas'),
('23','1', 'Yaracuy'),
('24','1', 'Zulia'),
('25', '47', 'Alabama'),
('26', '47', 'Alaska'),
('27', '47', 'Arizona'),
('28', '47', 'Arkansas'),
('29', '47', 'Byram'),
('30', '47', 'California'),
('31', '47', 'Cokato'),
('32', '47', 'Colorado'),
('33', '47', 'Connecticut'),
('34', '47', 'Delaware'),
('35', '47', 'District of Columbia'),
('36', '47', 'Florida'),
('37', '47', 'Georgia'),
('38', '47', 'Hawaii'),
('39', '47', 'Idaho'),
('40', '47', 'Illinois'),
('41', '47', 'Indiana'),
('42', '47', 'Iowa'),
('43', '47', 'Kansas'),
('44', '47', 'Kentucky'),
('45', '47', 'Louisiana'),
('46', '47', 'Lowa'),
('47', '47', 'Maine'),
('48', '47', 'Maryland'),
('49', '47', 'Massachusetts'),
('50', '47', 'Medfield'),
('51', '47', 'Michigan'),
('52', '47', 'Minnesota'),
('53', '47', 'Mississippi'),
('54', '47', 'Missouri'),
('55', '47', 'Montana'),
('56', '47', 'Nebraska'),
('57', '47', 'Nevada'),
('58', '47', 'New Hampshire'),
('59', '47', 'New Jersey'),
('60', '47', 'New Jersy'),
('61', '47', 'New Mexico'),
('62', '47', 'New York'),
('63', '47', 'North Carolina'),
('64', '47', 'North Dakota'),
('65', '47', 'Ohio'),
('66', '47', 'Oklahoma'),
('67', '47', 'Ontario'),
('68', '47', 'Oregon'),
('69', '47', 'Pennsylvania'),
('70', '47', 'Ramey'),
('71', '47', 'Rhode Island'),
('72', '47', 'South Carolina'),
('73', '47', 'South Dakota'),
('74', '47', 'Sublimity'),
('75', '47', 'Tennessee'),
('76', '47', 'Texas'),
('77', '47', 'Trimble'),
('78', '47', 'Utah'),
('79', '47', 'Vermont'),
('80', '47', 'Virginia'),
('81', '47', 'Washington'),
('82', '47', 'West Virginia'),
('83', '47', 'Wisconsin'),
('84', '47', 'Wyoming'),
('85', '142', 'Aguascalientes'),
('86', '142', 'Baja California'),
('87', '142', 'Baja California Sur'),
('88', '142', 'Campeche'),
('89', '142', 'Chiapas'),
('90', '142', 'Chihuahua'),
('91', '142', 'Coahuila'),
('92', '142', 'Colima'),
('93', '142', 'Distrito Federal'),
('94', '142', 'Durango'),
('95', '142', 'Estado de Mexico'),
('96', '142', 'Guanajuato'),
('97', '142', 'Guerrero'),
('98', '142', 'Hidalgo'),
('99', '142', 'Jalisco'),
('100', '142', 'Mexico'),
('101', '142', 'Michoacan'),
('102', '142', 'Morelos'),
('103', '142', 'Nayarit'),
('104', '142', 'Nuevo Leon'),
('105', '142', 'Oaxaca'),
('106', '142', 'Puebla'),
('107', '142', 'Queretaro'),
('108', '142', 'Quintana Roo'),
('109', '142', 'San Luis Potosi'),
('110', '142', 'Sinaloa'),
('111', '142', 'Sonora'),
('112', '142', 'Tabasco'),
('113', '142', 'Tamaulipas'),
('114', '142', 'Tlaxcala'),
('115', '142', 'Veracruz'),
('116', '142', 'Yucatan'),
('117', '142', 'Zacatecas');

-- Tabla city
-- VENEZUELA
INSERT INTO `alodigaWallet`.`city` (`stateId`, `name`) VALUES
('1', 'Puerto Ayacucho'),
('2', 'Anaco'),
('2', 'Barcelona'),
('2', 'Cantaura'),
('2', 'El Tigre'),
('2', 'Puerto la Cruz'),
('2', 'San Jose de Guanipa'),
('3', 'Guasdualito'),
('3', 'San Fernando'),
('4', 'Cagua'),
('4', 'El Limon'),
('4', 'La Victoria'),
('4', 'Tejerias'),
('4', 'Maracay'),
('4', 'Palo Negro'),
('4', 'San Mateo'),
('4', 'Turmero'),
('4', 'Villa de Cura'),
('5', 'Barinas'),
('6', 'Ciudad Bolivar'),
('6', 'Ciudad Guayana'),
('6', 'Ciudad Upata'),
('7', 'Goaigoaza'),
('7', 'Guacara'),
('7', 'Guigue'),
('7', 'Mariara'),
('7', 'Moron'),
('7', 'San Joaquin'),
('7', 'Tacarigua'),
('7', 'Valencia'),
('8', 'San Carlos'),
('8', 'Tinaquillo'),
('11', 'Coro'),
('11', 'Punta Cardon'),
('11', 'Punto Fijo'),
('12', 'Altagracia de Orituco'),
('12', 'Calabozo'),
('12', 'San Juan de los Morros'),
('12', 'Valle de la Pascua'),
('12', 'Zaraza'),
('13', 'Barquisimeto'),
('13', 'Cabudare'),
('13', 'Carora'),
('13', 'El Tocuyo'),
('13', 'Los Rastrojos'),
('13', 'Quibor'),
('14', 'Ejido'),
('14', 'El Vigia'),
('14', 'Merida'),
('15', 'Baruta'),
('15', 'Carrizal'),
('15', 'Catia La Mar'),
('15', 'Caucaguita'),
('15', 'Chacao'),
('15', 'Charallave'),
('15', 'Cua'),
('15', 'El Cafetal'),
('15', 'El Hatillo'),
('15', 'Filas de Mariche'),
('15', 'Guarenas'),
('15', 'Guatire'),
('15', 'La Dolorita'),
('15', 'Los Dos Caminos'),
('15', 'Los Teques'),
('15', 'Ocumare del Tuy'),
('15', 'Petare'),
('15', 'San Antonio de los Altos'),
('15', 'Santa Teresa'),
('16', 'Maturin'),
('18', 'Acarigua'),
('18', 'Araure'),
('18', 'Guanare'),
('18', 'Villa Bruzual'),
('19', 'Carupano'),
('19', 'Cumana'),
('20', 'La Fria'),
('20', 'Rubio'),
('20', 'San Antonio del Tachira'),
('20', 'San Cristobal'),
('20', 'San Juan de Colon'),
('20', 'Tariba'),
('21', 'Trujillo'),
('21', 'Valera'),
('22', 'Caraballeda'),
('22', 'La Guaira'),
('22', 'Maiquetia'),
('23', 'Chivacoa'),
('23', 'Nirgua'),
('23', 'San Felipe'),
('23', 'Yaritagua'),
('24', 'Bachaquero'),
('24', 'Cabimas'),
('24', 'Ciudad Ojeda'),
('24', 'Lagunillas'),
('24', 'Machiques'),
('24', 'Maracaibo'),
('24', 'San Carlos del Zulia'),
('24', 'Santa Rita'),
('24', 'Villa del Rosario');

-- Tabla city
-- MEXICO
INSERT INTO `alodigaWallet`.`city` (`stateId`, `name`) VALUES
('85', 'Aguascalientes'),
('85', 'Asientos'),
('85', 'Calvillo'),
('85', 'Cosio'),
('85', 'Margaritas'),
('85', 'Ojocaliente'),
('85', 'Pabellon de Arteaga'),
('85', 'Pabellon de Hidalgo'),
('85', 'Palo Alto'),
('85', 'Rincon de Romos'),
('85', 'San Francisco de los Romo'),
('85', 'San Jose de Gracia'),
('85', 'Tepezala'),
('85', 'Villa Juarez'),
('88', 'Becal'),
('88', 'Bolonchen'),
('88', 'Calkini'),
('88', 'Campeche'),
('88', 'Candelaria'),
('88', 'Carmen'),
('88', 'Champoton'),
('88', 'China'),
('88', 'Dzitbalche'),
('88', 'Escarcega'),
('88', 'Hecelchakan'),
('88', 'Hopelchen'),
('88', 'Isla Aguada'),
('88', 'Nuevo Progreso'),
('88', 'Nunkini'),
('88', 'Palizada'),
('88', 'Pomuch'),
('88', 'Sabancuy'),
('89', 'Soyalo'),
('89', 'Suchiapa'),
('89', 'Suchiate'),
('89', 'Tapachula'),
('89', 'Tapilula'),
('89', 'Tecpatan'),
('89', 'Tenango'),
('89', 'Teopisca'),
('89', 'Tila'),
('89', 'Tonala'),
('89', 'Totolapa'),
('89', 'Tres Picos'),
('89', 'Tuxtla Chico'),
('89', 'Tuxtla Gutierrez'),
('89', 'Tzimol'),
('89', 'Veinte de Noviembre'),
('89', 'Venustiano Carranza'),
('89', 'Villa Corzo'),
('89', 'Villaflores'),
('89', 'Yajalon'),
('89', 'Zinacantan'),
('90', 'Adolfo Lopez Mateos'),
('90', 'Ahumada'),
('90', 'Anahuac'),
('90', 'Ascension'),
('90', 'Benito Juarez'),
('90', 'Camargo'),
('90', 'Carichi'),
('90', 'Casas Grandes'),
('90', 'Chihuahua'),
('90', 'Colonia Municipio Libre'),
('90', 'Creel'),
('90', 'Cuauhtemoc'),
('90', 'Delicias'),
('90', 'El Largo'),
('90', 'Guachochi'),
('90', 'Guadalupe'),
('90', 'Guadalupe y Calvo'),
('90', 'Hermenegildo Galeana'),
('90', 'Hidalgo'),
('90', 'Ignacio Zaragoza'),
('90', 'Jimenez'),
('90', 'Juan Aldama'),
('90', 'Juarez'),
('90', 'Lazaro Cardenas'),
('90', 'Madera'),
('90', 'Majimachi'),
('90', 'Meoqui'),
('90', 'Naica'),
('90', 'Nuevo Casas Grandes'),
('90', 'Octaviano Lopez'),
('90', 'Ojinaga'),
('90', 'Praxedis Guerrero'),
('90', 'Puerto Palomas'),
('90', 'Puerto de Anapra'),
('90', 'San Buenaventura'),
('90', 'San Francisco el Oro'),
('90', 'Santa Barbara'),
('90', 'Santa Cruz de Rosales'),
('90', 'Saucillo'),
('90', 'Valentin Gomez Farias'),
('90', 'Valle de Allende'),
('90', 'Vicente Guerrero'),
('91', 'Acuna'),
('91', 'Allende'),
('91', 'Arteaga'),
('91', 'Castanos'),
('91', 'Concordia'),
('91', 'Cuatrocienagas'),
('91', 'El Coyote'),
('91', 'Frontera'),
('91', 'General Cepeda'),
('91', 'Hercules'),
('91', 'Matamoros'),
('91', 'Minas de Barroteran'),
('91', 'Monclova'),
('91', 'Muzquiz'),
('91', 'Nadadores'),
('91', 'Nava'),
('91', 'Nueva Rosita'),
('91', 'Ocampo'),
('91', 'Palau'),
('91', 'Parras'),
('91', 'Piedras Negras'),
('91', 'Ramos Arizpe'),
('91', 'Sabinas'),
('91', 'Saltillo'),
('91', 'San Buenaventura'),
('91', 'San Pedro'),
('91', 'Torreon'),
('91', 'Venustiano Carranza'),
('91', 'Viesca'),
('91', 'Villa Madero'),
('91', 'Villa Union'),
('91', 'Zaragoza'),
('92', 'Armeria'),
('92', 'Cofradia'),
('92', 'Colima'),
('92', 'Colonia Bayardo'),
('92', 'Comala'),
('92', 'Coquimatlan'),
('92', 'Cuauhtemoc'),
('92', 'El Colomo'),
('92', 'Madrid'),
('92', 'Manzanillo'),
('92', 'Minatitlan'),
('92', 'Queseria'),
('92', 'Suchitlan'),
('92', 'Tecoman'),
('92', 'Villa de Alvarez'),
('94', 'Bermejillo'),
('94', 'Canatlan'),
('94', 'Cuencame'),
('94', 'Durango'),
('94', 'Gomez Palacio'),
('94', 'Guadalupe Victoria'),
('94', 'Juarez'),
('94', 'Lerdo'),
('94', 'Mapimi'),
('94', 'Nazareno'),
('94', 'Nazas'),
('94', 'Nombre de Dios'),
('94', 'Nuevo Ideal'),
('94', 'Ocampo'),
('94', 'Panuco'),
('94', 'Papasquiaro'),
('94', 'Penon Blanco'),
('94', 'Poanas'),
('94', 'Pueblo Nuevo'),
('94', 'Rodeo'),
('94', 'Santa Catarina de Tepehuanes'),
('94', 'Santa Clara'),
('94', 'Santa Maria del Oro'),
('94', 'Suchil'),
('94', 'Tayoltita'),
('94', 'Tlahualilo'),
('94', 'Vicente Guerrero'),
('96', 'Abasolo'),
('96', 'Acambaro'),
('96', 'Aldama'),
('96', 'Allende'),
('96', 'Antonio Rodriguez'),
('96', 'Apaseo el Alto'),
('96', 'Apaseo el Grande'),
('96', 'Celaya'),
('96', 'Centro Familiar la Soledad'),
('96', 'Cerano'),
('96', 'Cerro Gordo'),
('96', 'Colonias Nuevo Mexico'),
('96', 'Comonfort'),
('96', 'Coroneo'),
('96', 'Cortazar'),
('96', 'Cueramaro'),
('96', 'Doctor Mora'),
('96', 'Dolores Hidalgo'),
('96', 'Duarte'),
('96', 'El Sabino'),
('96', 'Escobedo'),
('96', 'Guanajuato'),
('96', 'Huanimaro'),
('96', 'Iramuco'),
('96', 'Irapuato'),
('96', 'Jaral del Progreso'),
('96', 'Jerecuaro'),
('96', 'Juventino Rosas'),
('96', 'La Aldea'),
('96', 'La Calera'),
('96', 'La Ermita'),
('96', 'La Moncada'),
('96', 'Leon'),
('96', 'Loma Pelada'),
('96', 'Manuel Doblado'),
('96', 'Maravatio'),
('96', 'Marfil'),
('96', 'Medina'),
('96', 'Mexicanos'),
('96', 'Moroleon'),
('96', 'Ocampo'),
('96', 'Octopan'),
('96', 'Pacueco'),
('96', 'Palo Verde'),
('96', 'Paracuaro'),
('96', 'Penjamo'),
('96', 'Plan de Ayala'),
('96', 'Pueblo Nuevo'),
('96', 'Purisima de Bustos'),
('96', 'Rincon de Tamayo'),
('96', 'Romita'),
('96', 'Salamanca'),
('96', 'Salvatierra'),
('96', 'San Bartolo de Berrios'),
('96', 'San Cristobal'),
('96', 'San Diego de la Union'),
('96', 'San Felipe'),
('96', 'San Francisco del Rincon'),
('96', 'San Jose Agua Azul'),
('96', 'San Jose Iturbide'),
('96', 'San Jose Temascatio'),
('96', 'San Juan de la Vega'),
('96', 'San Luis de la Paz'),
('96', 'San Nicolas de los Agustinos'),
('96', 'San Pedro de los Naranjos'),
('96', 'San Roque'),
('96', 'Santa Teresa'),
('96', 'Santiago de Cuenda'),
('96', 'Sarabia'),
('96', 'Silao'),
('96', 'Tarandacuao'),
('96', 'Tarimoro'),
('96', 'Teneria del Santuario'),
('96', 'Uriangato'),
('96', 'Urireo'),
('96', 'Valle de Santiago'),
('96', 'Valtierrilla'),
('96', 'Victoria'),
('96', 'Villagran'),
('96', 'Villas de Irapuato'),
('96', 'Yerbabuena'),
('96', 'Yuriria'),
('97', 'Acamixtla'),
('97', 'Acapulco'),
('97', 'Acatlan'),
('97', 'Ajuchitlan'),
('97', 'Alpoyeca'),
('97', 'Altamirano'),
('97', 'Apango'),
('97', 'Apaxtla'),
('97', 'Arcelia'),
('97', 'Atliaca'),
('97', 'Atoyac'),
('97', 'Ayutla'),
('97', 'Azoyu'),
('97', 'Bajos de Ejido'),
('97', 'Buenavista'),
('97', 'Chichihualco'),
('97', 'Chilapa'),
('97', 'Chilpancingo'),
('97', 'Coacoyul'),
('97', 'Cocula'),
('97', 'Copala'),
('97', 'Copalillo'),
('97', 'Coyuca'),
('97', 'Cruz Grande'),
('97', 'Cuajinicuilapa'),
('97', 'Cuautepec'),
('97', 'Cutzamala'),
('97', 'El Ocotito'),
('97', 'El Paraiso'),
('97', 'El Suchil'),
('97', 'Huamuxtitlan'),
('97', 'Huitziltepec'),
('97', 'Huitzuco'),
('97', 'Iguala'),
('97', 'Ixtapa'),
('97', 'Kilometro Treinta'),
('97', 'La Loma'),
('97', 'La Union'),
('97', 'Las Petaquillas'),
('97', 'Las Vigas'),
('97', 'Marquelia'),
('97', 'Mazatlan'),
('97', 'Mochitlan'),
('97', 'Olinala'),
('97', 'Ometepec'),
('97', 'Petatlan'),
('97', 'Pilcaya'),
('97', 'Quechultenango'),
('97', 'San Jeronimito'),
('97', 'San Jeronimo'),
('97', 'San Jose Ixtapa'),
('97', 'San Luis San Pedro'),
('97', 'San Marcos'),
('97', 'Taxco'),
('97', 'Taxco de Alarcon'),
('97', 'Tecoanapa'),
('97', 'Tecpan'),
('97', 'Teloloapan'),
('97', 'Tepecoacuilco'),
('97', 'Tierra Colorada'),
('97', 'Tixtla'),
('97', 'Tlacoachistlahuaca'),
('97', 'Tlacotepec'),
('97', 'Tlalchapa'),
('97', 'Tlamacazapa'),
('97', 'Tlapa'),
('97', 'Tlapehuala'),
('97', 'Totolapan'),
('97', 'Tres Palos'),
('97', 'Xalpatlahuac'),
('97', 'Xaltianguis'),
('97', 'Xochihuehuetlan'),
('97', 'Xochistlahuaca'),
('97', 'Zacualpan'),
('97', 'Zihuatanejo'),
('97', 'Zirandaro'),
('97', 'Zitlala'),
('97', 'Zumpango'),
('98', 'Acaxochitlan'),
('98', 'Acayuca'),
('98', 'Actopan'),
('98', 'Ajacuba'),
('98', 'Almoloya'),
('98', 'Apan'),
('98', 'Atengo'),
('98', 'Atitalaquia'),
('98', 'Atotonilco de Tula'),
('98', 'Atotonilco el Grande'),
('98', 'Calnali'),
('98', 'Cardonal'),
('98', 'Chapulhuacan'),
('98', 'Cuautepec'),
('98', 'Doxey'),
('98', 'El Arenal'),
('98', 'El Llano'),
('98', 'El Rosario'),
('98', 'Emiliano Zapata'),
('98', 'Huautla'),
('98', 'Huejutla'),
('98', 'Hueytlalpan'),
('98', 'Huichapan'),
('98', 'Ixmiquilpan'),
('98', 'Jacala'),
('98', 'Jaltocan'),
('98', 'Los Reyes'),
('98', 'Mineral del Monte'),
('98', 'Mixquiahuala'),
('98', 'Molango'),
('98', 'Orizatlan'),
('98', 'Pachuca'),
('98', 'Pachuquilla'),
('98', 'Progreso'),
('98', 'Sahagun'),
('98', 'San Ildefonso'),
('98', 'San Juan Tepa'),
('98', 'San Marcos'),
('98', 'Singuilucan'),
('98', 'Tasquillo'),
('98', 'Tecozautla'),
('98', 'Tepatepec'),
('98', 'Tepeapulco'),
('98', 'Tepeji'),
('98', 'Tepepa'),
('98', 'Tetepango'),
('98', 'Tezontepec'),
('98', 'Tizayuca'),
('98', 'Tlahuelilpan'),
('98', 'Tlanalapa'),
('98', 'Tlanchinol'),
('98', 'Tlaxcoapan'),
('98', 'Tlaxiaca'),
('98', 'Tolcayuca'),
('98', 'Tula de Allende'),
('98', 'Tulancingo'),
('98', 'Tulantepec'),
('98', 'Vindho'),
('98', 'Zacualtipan'),
('98', 'Zapotlan'),
('98', 'Zempoala'),
('98', 'Zimapan'),
('99', 'Acatic'),
('99', 'Acatlan'),
('99', 'Ahualulco'),
('99', 'Ajijic'),
('99', 'Alejandria'),
('99', 'Amatitan'),
('99', 'Ameca'),
('99', 'Antonio Escobedo'),
('99', 'Arandas'),
('99', 'Atemajac'),
('99', 'Atequiza'),
('99', 'Atotonilco el Alto'),
('99', 'Atotonilquillo'),
('99', 'Atoyac'),
('99', 'Autlan'),
('99', 'Ayotlan'),
('99', 'Ayutla'),
('99', 'Bellavista'),
('99', 'Cajititlan'),
('99', 'Capilla de Guadalupe'),
('99', 'Casimiro Castillo'),
('99', 'Centro de Readaptacion Social'),
('99', 'Chapala'),
('99', 'Chiquilistlan'),
('99', 'Cihuatlan'),
('99', 'Cocula'),
('99', 'Colotlan'),
('99', 'Concepcion de Buenos Aires'),
('99', 'Cosala'),
('99', 'Coyula'),
('99', 'Cuitzeo'),
('99', 'Cuqio'),
('99', 'Cuyutlan'),
('99', 'Degollado'),
('99', 'El Arenal'),
('99', 'El Grullo'),
('99', 'El Limon'),
('99', 'El Quince'),
('99', 'El Refugio'),
('99', 'El Salto'),
('99', 'El Verde'),
('99', 'Encarnacion'),
('99', 'Etzatlan'),
('99', 'Guadalajara'),
('99', 'Guzman'),
('99', 'Hidalgo'),
('99', 'Hostotipaquillo'),
('99', 'Huejucar'),
('99', 'Huejuquilla el Alto'),
('99', 'Itzican'),
('99', 'Ixtapa'),
('99', 'Ixtlahuacan de los Membrillos'),
('99', 'Ixtlahuacan del Rio'),
('99', 'Ixtlan'),
('99', 'Jalostotitlan'),
('99', 'Jamay'),
('99', 'Jesus Maria'),
('99', 'Jocotepec'),
('99', 'Juanacatlan'),
('99', 'Juchitlan'),
('99', 'La Barca'),
('99', 'La Huerta'),
('99', 'La Ribera'),
('99', 'La Tijera'),
('99', 'La Venta del Astillero'),
('99', 'Lagos de Moreno'),
('99', 'Las Juntas'),
('99', 'Las Pintas'),
('99', 'Las Pintitas'),
('99', 'Lo Arado'),
('99', 'Magdalena'),
('99', 'Mascota'),
('99', 'Mazamitla'),
('99', 'Mexticacan'),
('99', 'Mezcala'),
('99', 'Nuevo Mexico'),
('99', 'Ocotlan'),
('99', 'Ojuelos de Jalisco'),
('99', 'Pihuamo'),
('99', 'Poncitlan'),
('99', 'Puente Grande'),
('99', 'Puerto Vallarta'),
('99', 'Purificacion'),
('99', 'San Agustin'),
('99', 'San Francisco de Asis'),
('99', 'San Gabriel'),
('99', 'San Jose de Gracia'),
('99', 'San Jose del Castillo'),
('99', 'San Juan de los Lagos'),
('99', 'San Julian'),
('99', 'San Marcos'),
('99', 'San Martin de Hidalgo'),
('99', 'San Miguel el Alto'),
('99', 'San Patricio'),
('99', 'San Sebastian del Sur'),
('99', 'San Sebastian el Grande'),
('99', 'Santa Anita'),
('99', 'Santa Cruz de las Flores'),
('99', 'Santa Cruz del Valle'),
('99', 'Sayula'),
('99', 'Tala'),
('99', 'Talpa'),
('99', 'Tamazula'),
('99', 'Tapalpa'),
('99', 'Tecalitlan'),
('99', 'Tecolotlan'),
('99', 'Tenamaxtlan'),
('99', 'Teocaltiche'),
('99', 'Teocuitatlan de Corona'),
('99', 'Tepatitlan'),
('99', 'Tequila'),
('99', 'Tesistan'),
('99', 'Teuchitlan'),
('99', 'Tizapan el Alto'),
('99', 'Tlajomulco'),
('99', 'Tlaquepaque'),
('99', 'Tomatlan'),
('99', 'Tonala'),
('99', 'Tonaya'),
('99', 'Tonila'),
('99', 'Tototlan'),
('99', 'Tuxpan'),
('99', 'Union de San Antonio'),
('99', 'Union de Tula'),
('99', 'Usmajac'),
('99', 'Valle de Guadalupe'),
('99', 'Valle de Juarez'),
('99', 'Villa Corona'),
('99', 'Villa Guerrero'),
('99', 'Yahualica'),
('99', 'Zacoalco'),
('99', 'Zapopan'),
('99', 'Zapote'),
('99', 'Zapotiltic'),
('99', 'Zapotlanejo'),
('100', 'Acahualco'),
('100', 'Acambay'),
('100', 'Acazulco'),
('100', 'Acolman'),
('100', 'Acuautla'),
('100', 'Acutzilapan'),
('100', 'Ajoloapan'),
('100', 'Alborada'),
('100', 'Almaya'),
('100', 'Almoloya'),
('100', 'Almoloya del Rio'),
('100', 'Amanalco'),
('100', 'Amecameca'),
('100', 'Ameyalco'),
('100', 'Apaxco'),
('100', 'Atarasquillo'),
('100', 'Atenco'),
('100', 'Atizapan'),
('100', 'Atlacomulco'),
('100', 'Atlatlahuca'),
('100', 'Atlatongo'),
('100', 'Atlautla'),
('100', 'Atlazalpan'),
('100', 'Autopan'),
('100', 'Axapusco'),
('100', 'Ayotuzco'),
('100', 'Ayotzingo'),
('100', 'Azcatepec'),
('100', 'Balderas'),
('100', 'Bocanegra'),
('100', 'Boreje'),
('100', 'Buenavista'),
('100', 'Cacalomacan'),
('100', 'Cahuacan'),
('100', 'Calimaya'),
('100', 'Calixtlahuaca'),
('100', 'Capulhuac'),
('100', 'Carbon'),
('100', 'Cautzingo'),
('100', 'Chalco'),
('100', 'Chapultepec'),
('100', 'Chiautla'),
('100', 'Chicoloapan'),
('100', 'Chiconautla'),
('100', 'Chiconcuac'),
('100', 'Chimalhuacan'),
('100', 'Chimalpa'),
('100', 'Cholula'),
('100', 'Citendeje'),
('100', 'Coacalco'),
('100', 'Coachochitlan'),
('100', 'Coacomulco'),
('100', 'Coapango'),
('100', 'Coatepec'),
('100', 'Coatepec Harinas'),
('100', 'Coatlinchan'),
('100', 'Cocotitlan'),
('100', 'Colorines'),
('100', 'Concepcion Jolalpan'),
('100', 'Coyotepec'),
('100', 'Cuauhtemoc'),
('100', 'Cuauhtenco'),
('100', 'Cuautitlan'),
('100', 'Cuautitlan Izcalli'),
('100', 'Cuautlalpan'),
('100', 'Cuaxustenco'),
('100', 'Cuexontitlan'),
('100', 'Cuijingo'),
('100', 'Ecatepec'),
('100', 'Ecatzingo'),
('100', 'Ejido Cahuacan'),
('100', 'Ejido Veinte de Noviembre la C'),
('100', 'Ejido de la Y Seccion Siete a '),
('100', 'El Coporo'),
('100', 'El Oro'),
('100', 'Enchisi'),
('100', 'Enthavi'),
('100', 'Fuentes del Valle'),
('100', 'Huehuetoca'),
('100', 'Huexoculco'),
('100', 'Hueypoxtla'),
('100', 'Huilango'),
('100', 'Huitzilzingo'),
('100', 'Huixquilucan'),
('100', 'Huixquilucan de Degollado'),
('100', 'Huixtoco'),
('100', 'Ixlahuaca'),
('100', 'Ixtacalco'),
('100', 'Ixtapaluca'),
('100', 'Ixtapan'),
('100', 'Ixtlahuatzingo'),
('100', 'Jajalpa'),
('100', 'Jaltenco'),
('100', 'Jaltepec'),
('100', 'Jesus del Monte'),
('100', 'Jicaltepec Autopan'),
('100', 'Jilotepec'),
('100', 'Jilotzingo'),
('100', 'Jocotitlan'),
('100', 'Joquicingo'),
('100', 'Jorge Jimenez Cantu'),
('100', 'Juchitepec'),
('100', 'La Concepcion los Banos'),
('100', 'La Constitucion'),
('100', 'La Magdalema'),
('100', 'Lerma'),
('100', 'Loma de Juarez'),
('100', 'Lomas de Zacamulpa'),
('100', 'Lopez Mateos'),
('100', 'Los Esparragos'),
('100', 'Los Reyes'),
('100', 'Los Reyes Acozac'),
('100', 'Luvianos'),
('100', 'Malinalco'),
('100', 'Melchor Ocampo'),
('100', 'Metepec'),
('100', 'Mexicaltzingo'),
('100', 'Mextepec'),
('100', 'Montecillo'),
('100', 'Nativitas'),
('100', 'Naucalpan'),
('100', 'Nexquipayac'),
('100', 'Nextlalpan'),
('100', 'Nezahualcoyotl'),
('100', 'Nicolas Romero'),
('100', 'Nopaltepec'),
('100', 'Ocotitlan'),
('100', 'Ocotlan'),
('100', 'Ocoyoacac'),
('100', 'Ojo de Agua'),
('100', 'Otumba'),
('100', 'Otzacatipan'),
('100', 'Oyamel'),
('100', 'Oztolotepec'),
('100', 'Ozumba'),
('100', 'Papalotla'),
('100', 'Progreso Industrial'),
('100', 'Pueblo Nuevo'),
('100', 'Rayon'),
('100', 'Rio Frio'),
('100', 'Salitrillo'),
('100', 'San Antonio Buenavista'),
('100', 'San Antonio La Isla'),
('100', 'San Bartolo'),
('100', 'San Bartolo del Llano'),
('100', 'San Bernardino'),
('100', 'San Buenaventura'),
('100', 'San Felipe del Progreso'),
('100', 'San Jeronimo'),
('100', 'San Jose Guadalupe'),
('100', 'San Jose el Vidrio'),
('100', 'San Juan Tilapa'),
('100', 'San Juan de las Huertas'),
('100', 'San Juan y San Pedro Tezompa'),
('100', 'San Lorenzo Cuauhtenco'),
('100', 'San Martin de las Piramides'),
('100', 'San Miguel la Labor'),
('100', 'San Nicolas Guadalupe'),
('100', 'San Nicolas Tolentino'),
('100', 'San Pablo de las Salinas'),
('100', 'San Pedro Abajo'),
('100', 'San Pedro Arriba'),
('100', 'San Pedro el Alto'),
('100', 'San Pedro los Banos'),
('100', 'San Simon de la Laguna'),
('100', 'Santa Catarina del Monte'),
('100', 'Santa Cruz del Monte'),
('100', 'Santa Gertrudis'),
('100', 'Santa Maria del Monte'),
('100', 'Santo Domingo de Guzman'),
('100', 'Soyaniquilpan'),
('100', 'Sultepec'),
('100', 'Tecalco'),
('100', 'Tecamac'),
('100', 'Techuchulco'),
('100', 'Tecuahutitlan'),
('100', 'Tehuixtitlan'),
('100', 'Tejupilco'),
('100', 'Temamatla'),
('100', 'Temascalapa'),
('100', 'Temascalcingo'),
('100', 'Temoaya'),
('100', 'Tenancingo'),
('100', 'Tenango de Arista'),
('100', 'Tenango del Aire'),
('100', 'Tenochtitlan'),
('100', 'Teoloyucan'),
('100', 'Teotihuacan'),
('100', 'Tepeolulco'),
('100', 'Tepetitlan'),
('100', 'Tepetlaoxtoc'),
('100', 'Tepetlixpa'),
('100', 'Tepexpan'),
('100', 'Tepotzotlan'),
('100', 'Tequexquinahuac'),
('100', 'Tequisistlan'),
('100', 'Tequixquiac'),
('100', 'Texcalyacac'),
('100', 'Texcoco'),
('100', 'Teyahualco'),
('100', 'Tezoquipan'),
('100', 'Tezoyuca'),
('100', 'Tianguistenco'),
('100', 'Tilapa'),
('100', 'Tlachaloya Segunda Seccion'),
('100', 'Tlachihualpa'),
('100', 'Tlacotepec'),
('100', 'Tlahuelilpan'),
('100', 'Tlaixpan'),
('100', 'Tlalcilalcalli'),
('100', 'Tlalcilalcalpan'),
('100', 'Tlalmanalco'),
('100', 'Tlalmimilolpan'),
('100', 'Tlalnepantla'),
('100', 'Tlaltelulco'),
('100', 'Tlaltizapan'),
('100', 'Tlanisco'),
('100', 'Toluca'),
('100', 'Tonanitla'),
('100', 'Tonatico'),
('100', 'Totocuitlapilco'),
('100', 'Totoltepec'),
('100', 'Tulantongo'),
('100', 'Tultepec'),
('100', 'Tultitlan'),
('100', 'Valle de Bravo'),
('100', 'Victoria'),
('100', 'Villa Guerrero'),
('100', 'Vista Hermosa'),
('100', 'Xalatlaco'),
('100', 'Xalpa'),
('100', 'Xico'),
('100', 'Xochimanca'),
('100', 'Xolalpa'),
('100', 'Xoloc'),
('100', 'Xometla'),
('100', 'Xonacatlan'),
('100', 'Yachihuacaltepec'),
('100', 'Yancuitlalpan'),
('100', 'Zacacalco'),
('100', 'Zacamulpa'),
('100', 'Zacualpan'),
('100', 'Zaragoza'),
('100', 'Zictepec'),
('100', 'Zinacantepec'),
('100', 'Zolotepec'),
('100', 'Zumpahuacan'),
('100', 'Zumpango'),
('101', 'Acuitzio'),
('101', 'Aguililla'),
('101', 'Alvaro Obregon'),
('101', 'Angahuan'),
('101', 'Angamacutiro'),
('101', 'Angangueo'),
('101', 'Antunez'),
('101', 'Apatzingan'),
('101', 'Ario'),
('101', 'Arteaga'),
('101', 'Benito Juarez'),
('101', 'Brisenas'),
('101', 'Buenavista'),
('101', 'Buenos Aires'),
('101', 'Caltzontzin'),
('101', 'Capacuaro'),
('101', 'Capula'),
('101', 'Caracuaro'),
('101', 'Charapan'),
('101', 'Charo'),
('101', 'Chavinda'),
('101', 'Cheran'),
('101', 'Chilchota'),
('101', 'Churintzio'),
('101', 'Churumuco'),
('101', 'Coahuayana'),
('101', 'Coalcoman'),
('101', 'Coeneo'),
('101', 'Cojumatlan'),
('101', 'Comachuen'),
('101', 'Contepec'),
('101', 'Copandaro'),
('101', 'Cotija'),
('101', 'Cuanajo'),
('101', 'Cuitareo'),
('101', 'Cuitzeo'),
('101', 'Ecuandureo'),
('101', 'Hidalgo'),
('101', 'Huandacareo'),
('101', 'Huetamo'),
('101', 'Indaparapeo'),
('101', 'Irimbo'),
('101', 'Ixtlan'),
('101', 'Jacona'),
('101', 'Jiquilpan'),
('101', 'Jungapeo'),
('101', 'La Huacana'),
('101', 'La Mira'),
('101', 'La Orilla'),
('101', 'La Piedad'),
('101', 'La Ruana'),
('101', 'Las Guacamayas'),
('101', 'Lazaro Cardenas'),
('101', 'Lombardia'),
('101', 'Los Reyes'),
('101', 'Madero'),
('101', 'Maravatio'),
('101', 'Maya'),
('101', 'Morelia'),
('101', 'Morelos'),
('101', 'Nahuatzen'),
('101', 'Nocupetaro'),
('101', 'Nueva Italia de Ruiz'),
('101', 'Nuevo San Juan Parangaricutiro'),
('101', 'Numaran'),
('101', 'Ocampo'),
('101', 'Opopeo'),
('101', 'Pajacuaran'),
('101', 'Panindicuaro'),
('101', 'Paracho'),
('101', 'Paracuaro'),
('101', 'Pastor Ortiz'),
('101', 'Patzcuaro'),
('101', 'Pedernales'),
('101', 'Penjamillo'),
('101', 'Periban'),
('101', 'Pichataro'),
('101', 'Purepero'),
('101', 'Puruandiro'),
('101', 'Puruaran'),
('101', 'Querendaro'),
('101', 'Quiroga'),
('101', 'Rincon de Nicolas Romero'),
('101', 'Riva Palacio'),
('101', 'Sahuayo'),
('101', 'San Jose de Gracia'),
('101', 'San Lucas'),
('101', 'San Matias Grande'),
('101', 'Santa Clara de Valladares'),
('101', 'Santa Clara del Cobre'),
('101', 'Santa Fe de la Laguna'),
('101', 'Tacambaro'),
('101', 'Tancitaro'),
('101', 'Tangamandapio'),
('101', 'Tangancicuaro'),
('101', 'Tanhuato'),
('101', 'Tarecuato'),
('101', 'Taretan'),
('101', 'Tarimbaro'),
('101', 'Tejaro'),
('101', 'Tepalcatepec'),
('101', 'Tingambato'),
('101', 'Tinguindin'),
('101', 'Tiquicheo'),
('101', 'Tlalpujahua'),
('101', 'Tlazazalca'),
('101', 'Tungareo'),
('101', 'Tuxpan'),
('101', 'Tzintzuntzan'),
('101', 'Uruapan'),
('101', 'Venustiano Carranza'),
('101', 'Villa Jimenez'),
('101', 'Villachuato'),
('101', 'Villamar'),
('101', 'Vista Hermosa'),
('101', 'Yurecuaro'),
('101', 'Zacapu'),
('101', 'Zamora'),
('101', 'Zinapecuaro'),
('101', 'Zitacuaro'),
('102', 'Alpuyeca'),
('102', 'Amacuzac'),
('102', 'Amayuca'),
('102', 'Anenecuilco'),
('102', 'Apatlaco'),
('102', 'Atlatlahucan'),
('102', 'Axochiapan'),
('102', 'Calera Chica'),
('102', 'Chiconcuac'),
('102', 'Coatetelco'),
('102', 'Cocoyoc'),
('102', 'Cuautla'),
('102', 'Cuernavaca'),
('102', 'Emiliano Zapata'),
('102', 'Higueron'),
('102', 'Hueyapan'),
('102', 'Huiztilac'),
('102', 'Independencia'),
('102', 'Jantetelco'),
('102', 'Jiutepec'),
('102', 'Jojutla'),
('102', 'Jonacatepec'),
('102', 'Juan Morales'),
('102', 'La Joya'),
('102', 'Los Arcos'),
('102', 'Mazatepec'),
('102', 'Miacatlan'),
('102', 'Oaxtepec'),
('102', 'Ocuituco'),
('102', 'Pedro Amaro'),
('102', 'Progreso'),
('102', 'Puente de Ixtla'),
('102', 'San Jose Vista Hermosa'),
('102', 'San Nicolas Galeana'),
('102', 'Santa Catarina'),
('102', 'Santa Rosa Treinta'),
('102', 'Tehuixtla'),
('102', 'Telixtac'),
('102', 'Temixco'),
('102', 'Temoac'),
('102', 'Tenextepango'),
('102', 'Tepalcingo'),
('102', 'Tepoztlan'),
('102', 'Tetecala'),
('102', 'Tetela del Volcan'),
('102', 'Tilzapotla'),
('102', 'Tlacotepec'),
('102', 'Tlalnepantla'),
('102', 'Tlaltizapan'),
('102', 'Tlaquiltenango'),
('102', 'Tlatenchi'),
('102', 'Tlayacapan'),
('102', 'Totolapan'),
('102', 'Tres Marias'),
('102', 'Unidad Habitacional Jose Maria'),
('102', 'Xochitepec'),
('102', 'Xoxocotla'),
('102', 'Yautepec'),
('102', 'Yecapixtla'),
('102', 'Zacatepec'),
('102', 'Zacualpan'),
('103', 'Acaponeta'),
('103', 'Ahuacatlan'),
('103', 'Amatlan'),
('103', 'Aztatan'),
('103', 'Bucerias'),
('103', 'Carmen'),
('103', 'Cerralvo'),
('103', 'Compostela'),
('103', 'Hidalgo'),
('103', 'Ixcuintla'),
('103', 'Ixtlan del Rio'),
('103', 'Jala'),
('103', 'Jalcocotan'),
('103', 'La Penita de Jaltemba'),
('103', 'La Presa'),
('103', 'Lagunillas'),
('103', 'Las Jarretaderas'),
('103', 'Las Varas'),
('103', 'Puga'),
('103', 'Rosamorada'),
('103', 'Ruiz'),
('103', 'San Blas'),
('103', 'San Jose del Valle'),
('103', 'San Juan de Abajo'),
('103', 'San Vicente'),
('103', 'Santa Maria del Oro'),
('103', 'Tecuala'),
('103', 'Tepic'),
('103', 'Tuxpan'),
('103', 'Valle de Banderas'),
('103', 'Xalisco'),
('103', 'Yago'),
('103', 'Zacualpan'),
('105', 'Acatlan'),
('105', 'Amatlan'),
('105', 'Amilpas'),
('105', 'Amuzgos'),
('105', 'Asuncion Ixtaltepec'),
('105', 'Asuncion Nochixtlan'),
('105', 'Asuncion Ocotlan'),
('105', 'Atempa'),
('105', 'Atzompa'),
('105', 'Ayautla'),
('105', 'Ayoquezco'),
('105', 'Ayotzintepec'),
('105', 'Bajos de Chila'),
('105', 'Brisas de Zicatela'),
('105', 'Cacahuatepec'),
('105', 'Cacaotepec'),
('105', 'Chahuites'),
('105', 'Chichicapam'),
('105', 'Chiltepec'),
('105', 'Cienaga de Zimatlan'),
('105', 'Coatlan'),
('105', 'Comitancillo'),
('105', 'Cosolapa'),
('105', 'Coyotepec'),
('105', 'Crucecita'),
('105', 'Cuicatlan'),
('105', 'Cuilapam'),
('105', 'Ejutla de Crespo'),
('105', 'El Espinal'),
('105', 'Etla'),
('105', 'Fraccionamiento el Rosario'),
('105', 'Guelavia'),
('105', 'Guichicovi'),
('105', 'Huajuapan'),
('105', 'Huatulco'),
('105', 'Huautla'),
('105', 'Huaxpaltepec'),
('105', 'Huayapam'),
('105', 'Huazolotitlan'),
('105', 'Huitzo'),
('105', 'Huixtepec'),
('105', 'Ingenio'),
('105', 'Ixcatlan'),
('105', 'Ixhuatan'),
('105', 'Ixtepec'),
('105', 'Jalapa'),
('105', 'Jamiltepec'),
('105', 'Jicayan'),
('105', 'Juchitan'),
('105', 'Juquila'),
('105', 'Juxtlahuaca'),
('105', 'Loma Bonita'),
('105', 'Magdalena Teitipac'),
('105', 'Magdalena Tequisistlan'),
('105', 'Matatlan'),
('105', 'Matias Romero'),
('105', 'Mechoacan'),
('105', 'Miahuatlan'),
('105', 'Mitla'),
('105', 'Mixtepec'),
('105', 'Mixtequilla'),
('105', 'Nazareno Etla'),
('105', 'Niltepec'),
('105', 'Oaxaca'),
('105', 'Ocotepec'),
('105', 'Ocotlan'),
('105', 'Ojitlan'),
('105', 'Palomares'),
('105', 'Panixtlahuaca'),
('105', 'Petapa'),
('105', 'Pinotepa Nacional'),
('105', 'Pinotepa de Don Luis'),
('105', 'Pochutla'),
('105', 'Puerto Escondido'),
('105', 'Putla'),
('105', 'Quetzaltepec'),
('105', 'Rincon Viejo'),
('105', 'Rio Grande'),
('105', 'Salina Cruz'),
('105', 'San Agustin de las Juntas'),
('105', 'San Antonio Castillo Velasco'),
('105', 'San Antonio de la Cal'),
('105', 'San Dionisio del Mar'),
('105', 'San Francisco del Mar'),
('105', 'San Jose del Progreso'),
('105', 'San Juan Colorado'),
('105', 'San Mateo del Mar'),
('105', 'Santa Lucia del Camino'),
('105', 'Santa Maria del Tule'),
('105', 'Santiago Apostol'),
('105', 'Santos Reyes Nopala'),
('105', 'Soyaltepec'),
('105', 'Suchilquitongo'),
('105', 'Tamazulapam'),
('105', 'Tapanatepec'),
('105', 'Tehuantepec'),
('105', 'Teitipac'),
('105', 'Telixtlahuaca'),
('105', 'Teotitlan'),
('105', 'Teotitlan den Valle'),
('105', 'Tilquiapam'),
('105', 'Tlacolula'),
('105', 'Tlalixtac'),
('105', 'Tlaxiaco'),
('105', 'Tutla'),
('105', 'Tuxtepec'),
('105', 'Union Hidalgo'),
('105', 'Usila'),
('105', 'Valle Nacional'),
('105', 'Vicente Camalote'),
('105', 'Vicente Guerrero'),
('105', 'Xadani'),
('105', 'Xitla'),
('105', 'Xoxocotlan'),
('105', 'Yaitepec'),
('105', 'Yatareni'),
('105', 'Zaachila'),
('105', 'Zacatepec'),
('105', 'Zanatepec'),
('105', 'Zimatlan'),
('106', 'Acajete'),
('106', 'Acateno'),
('106', 'Acatlan'),
('106', 'Acatzingo'),
('106', 'Actipan'),
('106', 'Acuexcomac'),
('106', 'Ahuatempan'),
('106', 'Ajalpan'),
('106', 'Aljojuca'),
('106', 'Almecatla'),
('106', 'Alseseca'),
('106', 'Altepexi'),
('106', 'Amecac'),
('106', 'Amozoc'),
('106', 'Aparicio'),
('106', 'Atempan'),
('106', 'Atencingo'),
('106', 'Atlixco'),
('106', 'Atoyatempan'),
('106', 'Atzitzintla'),
('106', 'Atzompa'),
('106', 'Ayutla'),
('106', 'Azumiatla'),
('106', 'Benito Juarez'),
('106', 'Buenos Aires'),
('106', 'Cacaloxuchitl'),
('106', 'Calipan'),
('106', 'Calmeca'),
('106', 'Calpan'),
('106', 'Caltenco'),
('106', 'Canada'),
('106', 'Canoa'),
('106', 'Caxhuacan'),
('106', 'Chalchihuapan'),
('106', 'Chapulco'),
('106', 'Chautla'),
('106', 'Chiapa'),
('106', 'Chiautla'),
('106', 'Chiautzingo'),
('106', 'Chiconquiac'),
('106', 'Chietla'),
('106', 'Chignahuapan'),
('106', 'Chignautla'),
('106', 'Chilac'),
('106', 'Chilchotla'),
('106', 'Cholula'),
('106', 'Citlaltepetl'),
('106', 'Coatepec'),
('106', 'Coronango'),
('106', 'Coxcatlan'),
('106', 'Coyula'),
('106', 'Cuacnopalan'),
('106', 'Cuanala'),
('106', 'Cuapiaxtla'),
('106', 'Cuautlancingo'),
('106', 'Cuayucatepec'),
('106', 'Cuetzalan'),
('106', 'Domingo Arenas'),
('106', 'Escape'),
('106', 'Esperanza'),
('106', 'Guadalupe Victoria'),
('106', 'Huaquechula'),
('106', 'Huauchinango'),
('106', 'Huehuetlan'),
('106', 'Huejotzingo'),
('106', 'Hueyapan'),
('106', 'Hueyotlipan'),
('106', 'Hueytamalco'),
('106', 'Huixcolotla'),
('106', 'Ixcaquixtla'),
('106', 'Ixtiyucan'),
('106', 'Izucar'),
('106', 'Jolalpan'),
('106', 'La Ceiba'),
('106', 'La Galarza'),
('106', 'La Resureccion'),
('106', 'Lazaro Cardenas'),
('106', 'Libres'),
('106', 'Los Ranchos'),
('106', 'Los Reyes de Juarez'),
('106', 'Malacatepec'),
('106', 'Metlaltoyuca'),
('106', 'Miahuatlan'),
('106', 'Mihuacan'),
('106', 'Momoxpan'),
('106', 'Moyotzingo'),
('106', 'Nealtican'),
('106', 'Necaxa'),
('106', 'Nopalucan'),
('106', 'Ocotitlan'),
('106', 'Ocotlan'),
('106', 'Ocoyucan'),
('106', 'Oriental'),
('106', 'Pahuatlan'),
('106', 'Palmar de Bravo'),
('106', 'Puebla'),
('106', 'Quecholac'),
('106', 'Raboso'),
('106', 'Rafael Lara Grajales'),
('106', 'San Gabriel Casa Blanca'),
('106', 'San Lucas el Grande'),
('106', 'San Salvador el Seco'),
('106', 'San Sebastian Villanueva'),
('106', 'Sanctorum'),
('106', 'Santa Maria la Alta'),
('106', 'Serdan'),
('106', 'Soltepec'),
('106', 'Tatoxcac'),
('106', 'Tecali'),
('106', 'Tecamachalco'),
('106', 'Tehuacan'),
('106', 'Tehuitzingo'),
('106', 'Tenango'),
('106', 'Tenango de las Flores'),
('106', 'Tenextatiloyan'),
('106', 'Teontepec'),
('106', 'Teopantlan'),
('106', 'Teotlalcingo'),
('106', 'Tepango'),
('106', 'Tepatlaxco'),
('106', 'Tepeaca'),
('106', 'Tepeojuma'),
('106', 'Tepexi'),
('106', 'Tepulco'),
('106', 'Tetela Morelos'),
('106', 'Tetela de Ocampo'),
('106', 'Teteles'),
('106', 'Tetzoyocan'),
('106', 'Texmelucan'),
('106', 'Teziutlan'),
('106', 'Tianguismanalco'),
('106', 'Tlachichuca'),
('106', 'Tlacotepec'),
('106', 'Tlacoyalco'),
('106', 'Tlahuapan'),
('106', 'Tlaixpan'),
('106', 'Tlalancaleca'),
('106', 'Tlaltenango'),
('106', 'Tlanalapan'),
('106', 'Tlancualpican'),
('106', 'Tlanepantla'),
('106', 'Tlapanala'),
('106', 'Tlatlauquitepec'),
('106', 'Tlaxcalancingo'),
('106', 'Tlaxco'),
('106', 'Tochapan'),
('106', 'Tochimilco'),
('106', 'Tochtepec'),
('106', 'Tulcingo'),
('106', 'Tuxco'),
('106', 'Venustiano Carranza'),
('106', 'Xalmimilulco'),
('106', 'Xaltepec'),
('106', 'Xicotepec'),
('106', 'Xiutetelco'),
('106', 'Xochiltenango'),
('106', 'Xochitlan'),
('106', 'Xonatepec'),
('106', 'Xoxtla'),
('106', 'Yaonahuac'),
('106', 'Yehualtepec'),
('106', 'Zacapechpan'),
('106', 'Zacapoaxtla'),
('106', 'Zacatepec'),
('106', 'Zacatlan'),
('106', 'Zaragoza'),
('106', 'Zinacatepec'),
('106', 'Zongozotla'),
('106', 'Zozutla'),
('107', 'Ajuchitlan'),
('107', 'Amazcala'),
('107', 'Amealco'),
('107', 'Cadereyta'),
('107', 'Candiles'),
('107', 'Colon'),
('107', 'El Colorado'),
('107', 'El Pueblito'),
('107', 'El Sauz'),
('107', 'Ezequiel Montes'),
('107', 'Huimilpan'),
('107', 'Jalpan'),
('107', 'Jauregui'),
('107', 'La Canada'),
('107', 'La Estancia'),
('107', 'La Lira'),
('107', 'La Llave'),
('107', 'Paso de Mata'),
('107', 'Pedro Escobedo'),
('107', 'Queretaro'),
('107', 'San Jose de los Olvera'),
('107', 'San Jose el Alto'),
('107', 'San Juan del Rio'),
('107', 'San Nicolas'),
('107', 'San Pedro Martir'),
('107', 'Santa Maria Magdalena'),
('107', 'Tequisquiapan'),
('107', 'Tlacote el Bajo'),
('110', 'Adolfo Ruiz Cortines'),
('110', 'Agua Verde'),
('110', 'Ahome'),
('110', 'Angostura'),
('110', 'Badiraguato'),
('110', 'Bagojo'),
('110', 'Benito Juarez'),
('110', 'Campo Gobierno'),
('110', 'Choix'),
('110', 'Compuertas'),
('110', 'Concordia'),
('110', 'Constancia'),
('110', 'Cosala'),
('110', 'Costa Rica'),
('110', 'Culiacan'),
('110', 'Culiacancito'),
('110', 'El Burrion'),
('110', 'El Carrizo'),
('110', 'El Diez'),
('110', 'El Estero'),
('110', 'El Fuerte'),
('110', 'El Rosario'),
('110', 'El Tamarindo'),
('110', 'Eldorado'),
('110', 'Escuinapa'),
('110', 'Estacion Naranjo'),
('110', 'Estancia Bamoa'),
('110', 'Gabriel Leyva Solano'),
('110', 'Guamuchil'),
('110', 'Guasave'),
('110', 'Higuera'),
('110', 'Isla del Bosque'),
('110', 'Jahuara Segundo'),
('110', 'Juan Jose Rios'),
('110', 'La Cruz'),
('110', 'La Palma'),
('110', 'La Reforma'),
('110', 'La Trinidad'),
('110', 'Los Mochis'),
('110', 'Mazatlan'),
('110', 'Mochicahui'),
('110', 'Mocorito'),
('110', 'Navolato'),
('110', 'Pericos'),
('110', 'Pueblos Unidos'),
('110', 'Quila'),
('110', 'San Blas'),
('110', 'San Ignacio'),
('110', 'Sinaloa'),
('110', 'Teacapan'),
('110', 'Topolobampo'),
('110', 'Villa Union'),
('110', 'Zapotitlan'),
('111', 'Agua Prieta'),
('111', 'Alamos'),
('111', 'Altar'),
('111', 'Bacobampo'),
('111', 'Bacum'),
('111', 'Bahia de Kino'),
('111', 'Benjamin Hill'),
('111', 'Caborca'),
('111', 'Campo Sesenta'),
('111', 'Cananea'),
('111', 'Carbo'),
('111', 'Cocorit'),
('111', 'Cumpas'),
('111', 'Empalme'),
('111', 'Esperanza'),
('111', 'Esqueda'),
('111', 'Etchojoa'),
('111', 'Etchoropo'),
('111', 'Guaymas'),
('111', 'Hermosillo'),
('111', 'Huatabampo'),
('111', 'Imuris'),
('111', 'Juarez'),
('111', 'Kino'),
('111', 'La Doce'),
('111', 'La Union'),
('111', 'Moctezuma'),
('111', 'Naco'),
('111', 'Nacozari'),
('111', 'Navajoa'),
('111', 'Nogales'),
('111', 'Obregon'),
('111', 'Pitiquito'),
('111', 'Potam'),
('111', 'Providencia'),
('111', 'Puerto Penasco'),
('111', 'Rio Muerto'),
('111', 'Sahuaripa'),
('111', 'San Jose de Bacum'),
('111', 'San Luis Rio Colorado'),
('111', 'Sanchez'),
('111', 'Santa Ana'),
('111', 'Sonoita'),
('111', 'Tobarito'),
('111', 'Ures'),
('111', 'Vicam'),
('111', 'Yaqui'),
('111', 'Yavaros'),
('112', 'Aquiles Serdan'),
('112', 'Ayapa'),
('112', 'Balancan'),
('112', 'Barra de Santa Ana'),
('112', 'Belen'),
('112', 'Bosque de Saloya'),
('112', 'Buenavista'),
('112', 'Campo Magellanes'),
('112', 'Cardenas'),
('112', 'Chichicapa'),
('112', 'Chontalpa'),
('112', 'Comalcalco'),
('112', 'Cunduacan'),
('112', 'El Triunfo'),
('112', 'Emiliano Zapata'),
('112', 'Fraccionamiento la Selva'),
('112', 'Frontera'),
('112', 'Huimanguillo'),
('112', 'Jalapa'),
('112', 'Jalpa'),
('112', 'Jonuta'),
('112', 'La Curva'),
('112', 'La Venta'),
('112', 'Luis Gil Perez'),
('112', 'Macultepec'),
('112', 'Macuspana'),
('112', 'Magana'),
('112', 'Miguel Hidalgo'),
('112', 'Nacajuca'),
('112', 'Ocuiltzapotlan'),
('112', 'Once de Febrero'),
('112', 'Paraiso'),
('112', 'Parrilla'),
('112', 'Pemex'),
('112', 'Playas del Rosario'),
('112', 'Rio Viejo'),
('112', 'San Carlos'),
('112', 'Santa Rosalia'),
('112', 'Simon Sarlat'),
('112', 'Tacotalpa'),
('112', 'Tamulte'),
('112', 'Teapa'),
('112', 'Tecolutilla'),
('112', 'Tenosique'),
('112', 'Vicente Guerrero'),
('112', 'Villa Aldama'),
('112', 'Villahermosa'),
('113', 'Abasolo'),
('113', 'Aldama'),
('113', 'Altamira'),
('113', 'Antiguo Morelos'),
('113', 'Camargo'),
('113', 'Cuauhtemoc'),
('113', 'El Mante'),
('113', 'Estacion Manuel'),
('113', 'Gonzalez'),
('113', 'Graciano Sanchez'),
('113', 'Guerrero'),
('113', 'Gustavo Diaz Ordaz'),
('113', 'Hidalgo'),
('113', 'Jaumave'),
('113', 'Llerca'),
('113', 'Los Guerra'),
('113', 'Madero'),
('113', 'Matamoros'),
('113', 'Mier'),
('113', 'Miguel Aleman'),
('113', 'Miramar'),
('113', 'Nuevo Laredo'),
('113', 'Nuevo Progreso'),
('113', 'Ocampo'),
('113', 'Padilla'),
('113', 'Reynosa'),
('113', 'Rio Bravo'),
('113', 'San Fernando'),
('113', 'Santa Engracia'),
('113', 'Santander Jimenez'),
('113', 'Soto la Marina'),
('113', 'Tampico'),
('113', 'Tula'),
('113', 'Valle Hermoso'),
('113', 'Victoria'),
('113', 'Xicotencatl'),
('114', 'Ahuashuatepec'),
('114', 'Altzayanca'),
('114', 'Amaxac'),
('114', 'Apetatitlan'),
('114', 'Apizaco'),
('114', 'Apizaquito'),
('114', 'Atexcatzingo'),
('114', 'Axocomanitla'),
('114', 'Ayometla'),
('114', 'Benito Juarez'),
('114', 'Buen Suceso'),
('114', 'Calpulalpan'),
('114', 'Chiautempan'),
('114', 'Contla'),
('114', 'Cuapiaxtla'),
('114', 'Huactzinco'),
('114', 'Huamantla'),
('114', 'Hueyotlipan'),
('114', 'Huiloac'),
('114', 'Ignacio Zaragoza'),
('114', 'Ixtacuixtla'),
('114', 'Ixtenco'),
('114', 'Mazatecochco'),
('114', 'Nanacamilpa'),
('114', 'Nativitas'),
('114', 'Nopalucan'),
('114', 'Panotla'),
('114', 'Papalotla'),
('114', 'Quilehtla'),
('114', 'Sanctorum'),
('114', 'Teacalco'),
('114', 'Tenancingo'),
('114', 'Teolocholco'),
('114', 'Tepetitla'),
('114', 'Tepeyanco'),
('114', 'Tequixquitla'),
('114', 'Terrenate'),
('114', 'Tetla'),
('114', 'Tetlanohcan'),
('114', 'Tetlatlahuca'),
('114', 'Texcalac'),
('114', 'Texoloc'),
('114', 'Tlaltelulco'),
('114', 'Tlaxcala'),
('114', 'Tlaxco'),
('114', 'Tocatlan'),
('114', 'Totolac'),
('114', 'Vicente Guerrero'),
('114', 'Villa Alta'),
('114', 'Xaloztoc'),
('114', 'Xaltocan'),
('114', 'Xicohtzinco'),
('114', 'Xicotencatl'),
('114', 'Xiloxoxtla'),
('114', 'Yauhquemecan'),
('114', 'Zacatelco'),
('114', 'Zacualpan'),
('114', 'Zitlaltepec'),
('115', 'Acayucan'),
('115', 'Actopan'),
('115', 'Acultzingo'),
('115', 'Agua Dulce'),
('115', 'Alamo'),
('115', 'Allende'),
('115', 'Altamirano'),
('115', 'Alto Lucero'),
('115', 'Altotonga'),
('115', 'Alvarado'),
('115', 'Amatlan'),
('115', 'Anahuac'),
('115', 'Anton Lizardo'),
('115', 'Atzacan'),
('115', 'Azueta'),
('115', 'Banderilla'),
('115', 'Benito Juarez'),
('115', 'Boca del Monte'),
('115', 'Boca del Rio'),
('115', 'Cabada'),
('115', 'Cabezas'),
('115', 'Carrillo'),
('115', 'Castillo de Teayo'),
('115', 'Catemaco'),
('115', 'Cazones'),
('115', 'Cerro Azul'),
('115', 'Chacaltianguis'),
('115', 'Chicontepec'),
('115', 'Chinameca'),
('115', 'Chinampa'),
('115', 'Chocaman'),
('115', 'Citlaltepetl'),
('115', 'Clara'),
('115', 'Coacoatzintla'),
('115', 'Coacotla'),
('115', 'Coatepec'),
('115', 'Coatzacoalcos'),
('115', 'Coatzintla'),
('115', 'Comoapan'),
('115', 'Cordoba'),
('115', 'Corral Nuevo'),
('115', 'Cosamaloapan'),
('115', 'Cosautlan'),
('115', 'Coscomatepec'),
('115', 'Cosoleacaque'),
('115', 'Covarrubias'),
('115', 'Coxquihui'),
('115', 'Coyutla'),
('115', 'Cuauhtemoc'),
('115', 'Cuautlapan'),
('115', 'Cuichapa'),
('115', 'Cuitlahuac'),
('115', 'El Castillo'),
('115', 'El Higo'),
('115', 'El Naranjito'),
('115', 'El Pueblito'),
('115', 'El Tejar'),
('115', 'Emilio Carranza'),
('115', 'Estacion Juanita'),
('115', 'Estacion del Idolo'),
('115', 'Filomeno Mata'),
('115', 'Fortin'),
('115', 'Gabino Barreda'),
('115', 'Guadalupe Victoria'),
('115', 'Gutierrez Zamora'),
('115', 'Hidalgo'),
('115', 'Hidalgotitlan'),
('115', 'Huatusco'),
('115', 'Huayacoctla'),
('115', 'Hueyapan'),
('115', 'Huiloapan'),
('115', 'Ignacio de la Llave'),
('115', 'Isla'),
('115', 'Ixcatepec'),
('115', 'Ixhuatlan del Cafe'),
('115', 'Ixhuatlan del Sureste'),
('115', 'Ixhuatlancillo'),
('115', 'Ixtaczoquitlan'),
('115', 'Jalacingo'),
('115', 'Jalapilla'),
('115', 'Jaltipan'),
('115', 'Jamapa'),
('115', 'Jesus Carranza'),
('115', 'Jilotepec'),
('115', 'La Antigua'),
('115', 'La Estanzuela'),
('115', 'La Pena'),
('115', 'La Perla'),
('115', 'La Poza'),
('115', 'Las Amapolas'),
('115', 'Las Choapas'),
('115', 'Las Vigas'),
('115', 'Lerdo'),
('115', 'Lomas de Barillas'),
('115', 'Los Altos'),
('115', 'Los Mangos'),
('115', 'Maltrata'),
('115', 'Mariano Escobedo'),
('115', 'Martinez'),
('115', 'Mecatlan'),
('115', 'Mecayapan'),
('115', 'Mendoza'),
('115', 'Minatitlan'),
('115', 'Misantla'),
('115', 'Monte Blanco'),
('115', 'Moralillo'),
('115', 'Motzorongo'),
('115', 'Mundo Nuevo'),
('115', 'Nanchital'),
('115', 'Naolinco'),
('115', 'Naranjos'),
('115', 'Nautla'),
('115', 'Nogales'),
('115', 'Oluta'),
('115', 'Omealca'),
('115', 'Orizaba'),
('115', 'Otatitlan'),
('115', 'Oteapan'),
('115', 'Ozuluama'),
('115', 'Pajapan'),
('115', 'Palmira'),
('115', 'Panuco'),
('115', 'Papantla'),
('115', 'Paraje Nuevo'),
('115', 'Paso de Ovejas'),
('115', 'Paso del Macho'),
('115', 'Paso del Toro'),
('115', 'Penuela'),
('115', 'Perote'),
('115', 'Piedras Negras'),
('115', 'Plan de Ayala'),
('115', 'Platon Sanchez'),
('115', 'Playa Vicente'),
('115', 'Potrero Nuevo'),
('115', 'Potrero del Llano'),
('115', 'Poza Rica'),
('115', 'Puntilla Aldama'),
('115', 'Rafael Delgado'),
('115', 'Rafael Lucio'),
('115', 'Rinconada'),
('115', 'Saltabarranca'),
('115', 'San Juan Evangelista'),
('115', 'San Marcos'),
('115', 'San Rafael'),
('115', 'San Roman'),
('115', 'Santiago Tuxtla'),
('115', 'Sayula'),
('115', 'Soconusco'),
('115', 'Soledad'),
('115', 'Soteapan'),
('115', 'Tamalin'),
('115', 'Tamiahua'),
('115', 'Tantoyuca'),
('115', 'Tatahuicapan'),
('115', 'Tecolutla'),
('115', 'Tempoal'),
('115', 'Tenango de Rio Blanco'),
('115', 'Teocelo'),
('115', 'Tepetzintla'),
('115', 'Tequila'),
('115', 'Tetelzingo'),
('115', 'Texistepec'),
('115', 'Tezonapa'),
('115', 'Tierra Blanca'),
('115', 'Tihuatlan'),
('115', 'Tlacojalpan'),
('115', 'Tlacotalpan'),
('115', 'Tlaltetela'),
('115', 'Tlapacoyan'),
('115', 'Tocuila'),
('115', 'Tomatlan'),
('115', 'Totolapa'),
('115', 'Totula'),
('115', 'Tres Valles'),
('115', 'Tuxpam'),
('115', 'Tuxtla'),
('115', 'Tuzamapan'),
('115', 'Union y Progreso'),
('115', 'Ursulo Galvan'),
('115', 'Valente Diaz'),
('115', 'Vega de Alatorre'),
('115', 'Veracruz'),
('115', 'Xalapa'),
('115', 'Xico'),
('115', 'Xocotla'),
('115', 'Yanga'),
('115', 'Yecuatla'),
('115', 'Zaragoza'),
('115', 'Zempoala'),
('115', 'Zongolica'),
('115', 'Zozocolco'),
('116', 'Acanceh'),
('116', 'Akil'),
('116', 'Baca'),
('116', 'Buctzotz'),
('116', 'Cacalchen'),
('116', 'Cansahcab'),
('116', 'Caucel'),
('116', 'Celestun'),
('116', 'Cenotillo'),
('116', 'Chemax'),
('116', 'Chichimila'),
('116', 'Chicxulub'),
('116', 'Chochola'),
('116', 'Cholul'),
('116', 'Chumayel'),
('116', 'Conkal'),
('116', 'Cuzama'),
('116', 'Dzan'),
('116', 'Dzemul'),
('116', 'Dzidzantun'),
('116', 'Dzilam Gonzalez'),
('116', 'Dzitas'),
('116', 'Espita'),
('116', 'Halacho'),
('116', 'Hocaba'),
('116', 'Hoctun'),
('116', 'Homun'),
('116', 'Huhi'),
('116', 'Hunucma'),
('116', 'Itzincab'),
('116', 'Ixil'),
('116', 'Izamal'),
('116', 'Kanasin'),
('116', 'Kantunil'),
('116', 'Kinchil'),
('116', 'Mama'),
('116', 'Mani'),
('116', 'Maxcanu'),
('116', 'Merida'),
('116', 'Motul'),
('116', 'Muna'),
('116', 'Opichen'),
('116', 'Oxkutzcab'),
('116', 'Panaba'),
('116', 'Peto'),
('116', 'Piste'),
('116', 'Progreso'),
('116', 'Sacalum'),
('116', 'Santa Elena'),
('116', 'Seye'),
('116', 'Sotuta'),
('116', 'Sucila'),
('116', 'Tahmek'),
('116', 'Teabo'),
('116', 'Tecoh'),
('116', 'Tekanto'),
('116', 'Tekax'),
('116', 'Tekit'),
('116', 'Telchac'),
('116', 'Temax'),
('116', 'Temozon'),
('116', 'Tetiz'),
('116', 'Ticul'),
('116', 'Timucuy'),
('116', 'Tixkokob'),
('116', 'Tixpehual'),
('116', 'Tizimin'),
('116', 'Tunkas'),
('116', 'Tzucacab'),
('116', 'Uman'),
('116', 'Valladolid'),
('116', 'X-Can'),
('116', 'Yucatan'),
('117', 'Apozol'),
('117', 'Banon'),
('117', 'Canitas'),
('117', 'Chalchihuites'),
('117', 'Concepcion del Oro'),
('117', 'Cos'),
('117', 'Estrada'),
('117', 'Fresnillo'),
('117', 'Garcia'),
('117', 'Gonzalez Ortega'),
('117', 'Guadalupe'),
('117', 'Hidalgo'),
('117', 'Jalpa'),
('117', 'Jerez'),
('117', 'Juan Aldama'),
('117', 'Juchipila'),
('117', 'Loreto'),
('117', 'Lourdes'),
('117', 'Luis Moya'),
('117', 'Miguel Auza'),
('117', 'Monte Escobedo'),
('117', 'Morelos'),
('117', 'Natera'),
('117', 'Nieves'),
('117', 'Nochistlan'),
('117', 'Ojo Caliente'),
('117', 'Piedra Gorda'),
('117', 'Pinos'),
('117', 'Plateros'),
('117', 'Pozo de Gamboa'),
('117', 'Rio Grande'),
('117', 'Sain Alto'),
('117', 'Sombrerete'),
('117', 'Tabasco'),
('117', 'Tacoaleche'),
('117', 'Tepechitlan'),
('117', 'Teul'),
('117', 'Tlaltenango'),
('117', 'Toribio'),
('117', 'Trancoso'),
('117', 'Valparaiso'),
('117', 'Victor Rosales'),
('117', 'Villa Gonzalez Ortega'),
('117', 'Villanueva'),
('117', 'Zacatecas');

-- Tabla city
-- USA
INSERT INTO `alodigaWallet`.`city` (`stateId`, `name`) VALUES
('25', 'Victor Rosales'),
('25', 'Alabaster'),
('25', 'Albertville'),
('25', 'Alexander City'),
('25', 'Anniston'),
('25', 'Arab'),
('25', 'Ashville'),
('25', 'Athens'),
('25', 'Atmore'),
('25', 'Auburn'),
('25', 'Bessemer'),
('25', 'Birmingham'),
('25', 'Capshaw'),
('25', 'Center Point'),
('25', 'Childersburg'),
('25', 'Cullman'),
('25', 'Daleville'),
('25', 'Daphne'),
('25', 'Decatur'),
('25', 'Dothan'),
('25', 'Enterprise'),
('25', 'Eufaula'),
('25', 'Fairfield'),
('25', 'Fairhope'),
('25', 'Florence'),
('25', 'Fort Payne'),
('25', 'Gadsden'),
('25', 'Grand Bay'),
('25', 'Grove Hill'),
('25', 'Guntersville'),
('25', 'Hampton Cove'),
('25', 'Hanceville'),
('25', 'Hartselle'),
('25', 'Headland'),
('25', 'Helena'),
('25', 'Hodges'),
('25', 'Homewood'),
('25', 'Hoover'),
('25', 'Hueytown'),
('25', 'Huntsville'),
('25', 'Jacksonville'),
('25', 'Jasper'),
('25', 'Leeds'),
('25', 'Luverne'),
('25', 'Madison'),
('25', 'Mobile'),
('25', 'Montgomery'),
('25', 'Mountain Brook'),
('25', 'Muscle Shoals'),
('25', 'Northport'),
('25', 'Notasulga'),
('25', 'Opelika'),
('25', 'Oxford'),
('25', 'Ozark'),
('25', 'Pelham'),
('25', 'Pell City'),
('25', 'Pennsylvania'),
('25', 'Phenix City'),
('25', 'Prattville'),
('25', 'Prichard'),
('25', 'Ramer'),
('25', 'Roanoke'),
('25', 'Saraland'),
('25', 'Scottsboro'),
('25', 'Selma'),
('25', 'Sheffield'),
('25', 'Smiths'),
('25', 'Sumiton'),
('25', 'Sylacauga'),
('25', 'Talladega'),
('25', 'Thomasville'),
('25', 'Trafford'),
('25', 'Troy'),
('25', 'Trussville'),
('25', 'Tuscaloosa'),
('25', 'Tuskegee'),
('25', 'Vestavia Hills'),
('26', 'Anchorage'),
('27', 'Tucson'),
('27', 'Phoenix'),
('27', 'Mesa'),
('27', 'Chandler'),
('27', 'Glendale'),
('27', 'Scottsdale'),
('27', 'Gilbert'),
('27', 'Tempe'),
('27', 'Peoria'),
('27', 'Surprise'),
('28', 'Alexander'),
('28', 'Arkadelphia'),
('28', 'Batesville'),
('28', 'Bella Vista'),
('28', 'Benton'),
('28', 'Bentonville'),
('28', 'Berryville'),
('28', 'Blytheville'),
('28', 'Cabot'),
('28', 'Camden'),
('28', 'Cherry Valley'),
('28', 'Conway'),
('28', 'Corning'),
('28', 'El Dorado'),
('28', 'Fayetteville'),
('28', 'Forrest City'),
('28', 'Fort Smith'),
('28', 'Harrison'),
('28', 'Hope'),
('28', 'Hot Springs'),
('28', 'Jacksonville'),
('28', 'Jonesboro'),
('28', 'Lake City'),
('28', 'Little Rock'),
('28', 'Magnolia'),
('28', 'Mount Vernon'),
('28', 'Mountain Home'),
('28', 'Norfork'),
('28', 'North Little Rock'),
('28', 'Paragould'),
('28', 'Piggott'),
('28', 'Pine Bluff'),
('28', 'Pocahontas'),
('28', 'Prescott'),
('28', 'Quitman'),
('28', 'Rogers'),
('28', 'Russellville'),
('28', 'Searcy'),
('28', 'Sheridan'),
('28', 'Sherwood'),
('28', 'Siloam Springs'),
('28', 'Springdale'),
('28', 'Stuttgart'),
('28', 'Texarkana'),
('28', 'Van Buren'),
('28', 'Ward'),
('28', 'West Helena'),
('28', 'West Memphis'),
('32', 'Dénver'),
('32', 'Colorado Springs'),
('32', 'Aurora'),
('32', 'Fort Collins'),
('32', 'Lakewood'),
('32', 'Thornton'),
('32', 'Pueblo'),
('32', 'Arvada'),
('32', 'Dénver'),
('32', 'Westminster'),
('32', 'Centennial'),
('33', 'Bridgeport'),
('33', 'New Haven'),
('33', 'Hartford'),
('33', 'Stamford'),
('33', 'Waterbury'),
('36', 'Jacksonville'),
('36', 'Miami'),
('36', 'Tampa'),
('36', 'San Petersburgo'),
('36', 'Orlando'),
('36', 'Hialeah'),
('36', 'Tallahassee'),
('36', 'Fort Lauderdale'),
('36', 'Port Saint Lucie'),
('36', 'Pembroke Pines'),
('36', 'Cabo Coral'),
('36', 'Hollywood'),
('36', 'Gainesville'),
('36', 'Miramar'),
('36', 'Coral Springs'),
('36', 'Clearwater'),
('36', 'Miami Gardens'),
('36', 'Palm Bay'),
('37', 'Atlanta'),
('37', 'Augusta'),
('37', 'Columbus'),
('37', 'Savannah'),
('37', 'Athens'),
('37', 'Sandy Springs'),
('37', 'Macon'),
('37', 'Roswell'),
('37', 'Albany'),
('37', 'Johns Creek'),
('37', 'Warner Robins'),
('37', 'Alpharetta'),
('37', 'Marietta'),
('37', 'Valdosta'),
('37', 'Smyrna'),
('37', 'Dunwoody'),
('37', 'North Atlanta'),
('37', 'Mableton'),
('37', 'Rome'),
('37', 'Martinez'),
('37', 'Peachtree City'),
('37', 'Gainesville'),
('37', 'East Point'),
('37', 'Hinesville'),
('37', 'Dalton'),
('37', 'Newnan'),
('37', 'Redan'),
('37', 'Milton'),
('37', 'Douglasville'),
('37', 'Kennesaw'),
('37', 'LaGrange'),
('37', 'Evans'),
('37', 'Lawrenceville'),
('37', 'Statesboro'),
('37', 'Tucker'),
('37', 'Duluth'),
('37', 'Stockbridge'),
('37', 'Carrollton'),
('37', 'Woodstock'),
('37', 'Griffin'),
('37', 'Candler-McAfee'),
('37', 'Canton'),
('37', 'McDonough'),
('37', 'Acworth'),
('37', 'Cartersville'),
('37', 'Union City'),
('37', 'Decatur'),
('37', 'Pooler'),
('37', 'North Druid Hills'),
('37', 'Sugar Hill'),
('37', 'Forest Park'),
('37', 'Thomasville'),
('37', 'Snellville'),
('37', 'Milledgeville'),
('37', 'St. Marys'),
('37', 'Americus'),
('37', 'North Decatur'),
('37', 'Tifton'),
('37', 'Dublin'),
('37', 'Kingsland'),
('37', 'Fayetteville'),
('37', 'Calhoun'),
('37', 'Lithia Springs'),
('37', 'Brunswick'),
('37', 'Suwanee'),
('37', 'Conyers'),
('37', 'Belvedere Park'),
('37', 'Wilmington Island'),
('37', 'Riverdale'),
('37', 'Waycross'),
('37', 'Druid Hills'),
('37', 'Moultrie'),
('37', 'Winder'),
('37', 'Villa Rica'),
('37', 'College Park'),
('37', 'Powder Springs'),
('37', 'Perry'),
('37', 'Monroe'),
('37', 'Covington'),
('37', 'Fairburn'),
('37', 'St. Simons'),
('37', 'Bainbridge'),
('37', 'Buford'),
('37', 'Georgetown'),
('37', 'Lilburn'),
('37', 'Douglas'),
('37', 'Mountain Park'),
('37', 'Dallas'),
('37', 'Cusseta'),
('37', 'Grovetown'),
('37', 'Cordele'),
('37', 'Scottdale'),
('37', 'Vidalia'),
('37', 'Loganville'),
('37', 'Jesup'),
('38', 'Maui'),
('38', 'Honolulú'),
('38', 'Oahu'),
('38', 'Kauai'),
('38', 'Molokai'),
('39', 'Boise City'),
('39', 'Nampa'),
('39', 'Meridian'),
('39', 'Idaho Falls'),
('39', 'Pocatello'),
('39', 'Caldwell'),
('39', 'Coeur d Alene'),
('39', 'Twin Falls'),
('39', 'Lewiston'),
('39', 'Post Falls'),
('39', 'Rexburg'),
('39', 'Moscow'),
('39', 'Eagle'),
('39', 'Kuna'),
('39', 'Mountain Home'),
('39', 'Chubbuck'),
('39', 'Ammon'),
('39', 'Hayden'),
('39', 'Blackfoot'),
('39', 'Garden City'),
('39', 'Jerome'),
('39', 'Burley'),
('40', 'Chicago'),
('40', 'Aurora'),
('40', 'Rockford'),
('40', 'Joliet'),
('40', 'Naperville'),
('40', 'Springfield'),
('40', 'Peoria'),
('40', 'Boise'),
('40', 'Elgin'),
('41', 'Indianápolis'),
('41', 'Fort Wayne'),
('41', 'Evansville'),
('41', 'South Bend'),
('41', 'Hammond'),
('41', 'Bloomington'),
('41', 'Gary'),
('41', 'Carmel'),
('41', 'Fishers'),
('41', 'Muncie'),
('41', 'Lafayette'),
('41', 'Terre Haute'),
('41', 'Anderson'),
('41', 'Noblesville'),
('41', 'Elkhart'),
('41', 'Greenwood'),
('41', 'Mishawaka'),
('41', 'Lawrence'),
('41', 'Kokomo'),
('41', 'Jeffersonville'),
('41', 'Columbus'),
('41', 'Portage'),
('41', 'Richmond'),
('41', 'New Albany'),
('41', 'Merrillville'),
('41', 'Valparaiso'),
('41', 'Goshen'),
('41', 'Michigan City'),
('41', 'Granger'),
('41', 'Westfield'),
('41', 'Marion'),
('41', 'East Chicago'),
('41', 'West Lafayette'),
('41', 'Schererville'),
('41', 'Hobart'),
('41', 'Plainfield'),
('41', 'Crown Point'),
('41', 'Highland'),
('41', 'Franklin'),
('41', 'Munster'),
('41', 'La Porte'),
('41', 'Clarksville'),
('41', 'Brownsburg'),
('41', 'Greenfield'),
('41', 'Shelbyville'),
('41', 'Vincennes'),
('41', 'Logansport'),
('41', 'New Castle'),
('41', 'Seymour'),
('41', 'Huntington'),
('41', 'Griffith'),
('41', 'Frankfort'),
('41', 'Dyer'),
('41', 'Crawfordsville'),
('41', 'Lebanon'),
('41', 'Jasper'),
('41', 'St. John'),
('41', 'New Haven'),
('41', 'Beech Grove'),
('41', 'Zionsville'),
('41', 'Warsaw'),
('41', 'Connersville'),
('41', 'Bedford'),
('41', 'Chesterton'),
('41', 'Auburn'),
('41', 'Lake Station'),
('41', 'Avon'),
('41', 'Purdue University'),
('41', 'Madison'),
('41', 'Martinsville'),
('41', 'Speedway'),
('41', 'Cedar Lake'),
('41', 'Washington'),
('41', 'Greensburg'),
('41', 'Peru'),
('41', 'Wabash'),
('41', 'Greencastle'),
('41', 'Plymouth'),
('42', 'Des Moines'),
('42', 'Cedar Rapids'),
('42', 'Davenport'),
('42', 'Sioux City'),
('42', 'Waterloo'),
('42', 'Iowa City'),
('42', 'Council Bluffs'),
('42', 'Ames'),
('42', 'Dubuque'),
('42', 'West Des Moines'),
('42', 'Ankeny'),
('42', 'Urbandale'),
('42', 'Cedar Falls'),
('42', 'Marion'),
('42', 'Bettendorf'),
('42', 'Mason City'),
('42', 'Marshalltown'),
('42', 'Clinton'),
('42', 'Burlington'),
('42', 'Fort Dodge'),
('42', 'Ottumwa'),
('42', 'Muscatine'),
('42', 'Coralville'),
('42', 'Johnston'),
('42', 'Clive'),
('42', 'Newton'),
('42', 'Indianola'),
('42', 'Altoona'),
('42', 'Waukee'),
('42', 'North Liberty'),
('42', 'Boone'),
('42', 'Oskaloosa'),
('42', 'Spencer'),
('42', 'Fort Madison'),
('42', 'Keokuk'),
('42', 'Storm Lake'),
('42', 'Pella'),
('42', 'Carroll'),
('43', 'Wichita'),
('43', 'Overland Park'),
('43', 'Kansas City'),
('43', 'Topeka'),
('43', 'Olathe'),
('43', 'Lawrence'),
('43', 'Shawnee'),
('43', 'Manhattan'),
('43', 'Lenexa'),
('43', 'Salina'),
('43', 'Hutchinson'),
('43', 'Leavenworth'),
('43', 'Leawood'),
('43', 'Dodge City'),
('43', 'Garden City'),
('43', 'Emporia'),
('43', 'Junction City'),
('43', 'Derby'),
('43', 'Prairie Village'),
('43', 'Liberal'),
('43', 'Hays'),
('43', 'Pittsburg'),
('43', 'Newton'),
('43', 'Gardner'),
('43', 'Great Bend'),
('43', 'McPherson'),
('43', 'El Dorado'),
('43', 'Ottawa'),
('43', 'Arkansas City'),
('43', 'Winfield'),
('43', 'Andover'),
('43', 'Lansing'),
('43', 'Atchison'),
('43', 'Merriam'),
('43', 'Haysville'),
('43', 'Parsons'),
('43', 'Coffeyville'),
('44', 'Louisville'),
('44', 'Lexington'),
('44', 'Bowling Green'),
('44', 'Owensboro'),
('44', 'Covington'),
('44', 'Hopkinsville'),
('44', 'Richmond'),
('44', 'Florence'),
('44', 'Georgetown'),
('44', 'Henderson'),
('44', 'Elizabethtown'),
('44', 'Nicholasville'),
('44', 'Jeffersontown'),
('44', 'Frankfort'),
('44', 'Paducah'),
('44', 'Independence'),
('44', 'Radcliff'),
('44', 'Ashland'),
('44', 'Madisonville'),
('44', 'Winchester'),
('44', 'Erlanger'),
('44', 'Murray'),
('44', 'St. Matthews'),
('44', 'Fort Thomas'),
('44', 'Danville'),
('44', 'Burlington'),
('44', 'Newport'),
('44', 'Shively'),
('44', 'Shelbyville'),
('44', 'Glasgow'),
('44', 'Fort Campbell North'),
('44', 'Berea'),
('44', 'Bardstown'),
('44', 'Shepherdsville'),
('44', 'Somerset'),
('44', 'Lyndon'),
('44', 'Lawrenceburg'),
('44', 'Middlesborough'),
('44', 'Fort Knox'),
('44', 'Mayfield'),
('45', 'Nueva Orleans'),
('45', 'Baton Rouge'),
('45', 'Shreveport'),
('45', 'Metairie'),
('45', 'Lafayette'),
('45', 'Lake Charles'),
('45', 'Kenner'),
('45', 'Bossier City'),
('45', 'Monroe'),
('45', 'Alexandria'),
('45', 'Houma'),
('45', 'Marrero'),
('45', 'Nueva Iberia'),
('45', 'Laplace'),
('45', 'Slidell'),
('45', 'Prairieville'),
('45', 'Central'),
('45', 'Terrytown'),
('45', 'Ruston'),
('45', 'Sulphur'),
('45', 'Harvey'),
('45', 'Hammond'),
('45', 'Bayou Cane'),
('45', 'Shenandoah'),
('45', 'Natchitoches'),
('45', 'Gretna'),
('45', 'Chalmette'),
('45', 'Opelousas'),
('45', 'Estelle'),
('45', 'Zachary'),
('45', 'Thibodaux'),
('45', 'Pineville'),
('45', 'Baker'),
('45', 'River Ridge'),
('45', 'Crowley'),
('45', 'Minden'),
('45', 'West Monroe'),
('45', 'Belle Chasse'),
('45', 'Morgan City'),
('45', 'Bayou Blue'),
('45', 'Abbeville'),
('45', 'Bogalusa'),
('45', 'Luling'),
('45', 'Woodmere'),
('45', 'Mandeville'),
('45', 'Moss Bluff'),
('45', 'Destrehan'),
('45', 'Claiborne'),
('45', 'Bastrop'),
('45', 'Jefferson'),
('45', 'Gardere'),
('45', 'DeRidder'),
('45', 'Eunice'),
('45', 'Jennings'),
('45', 'Timberlane'),
('45', 'Denham Springs'),
('45', 'Raceland'),
('45', 'Waggaman'),
('45', 'Gonzales'),
('47', 'Portland'),
('47', 'Lewiston'),
('47', 'Bangor'),
('47', 'South Portland'),
('47', 'Auburn'),
('47', 'Biddeford'),
('47', 'Augusta'),
('47', 'Saco'),
('47', 'Westbrook'),
('47', 'Waterville'),
('47', 'Brunswick'),
('47', 'Sanford'),
('47', 'Presque Isle'),
('47', 'Brewer'),
('47', 'Orono'),
('47', 'Old Orchard Beach'),
('47', 'Bath'),
('47', 'Caribou'),
('47', 'Old Town'),
('47', 'Winslow'),
('47', 'Ellsworth'),
('47', 'Rockland'),
('47', 'Gorham'),
('47', 'Belfast'),
('47', 'Skowhegan'),
('47', 'Topsham'),
('47', 'Yarmouth'),
('47', 'Gardiner'),
('47', 'Estelle'),
('47', 'Zachary'),
('47', 'Thibodaux'),
('47', 'Pineville'),
('47', 'Baker'),
('47', 'River Ridge'),
('47', 'Crowley'),
('47', 'Minden'),
('47', 'West Monroe'),
('47', 'Belle Chasse'),
('47', 'Morgan City'),
('47', 'Bayou Blue'),
('47', 'Abbeville'),
('47', 'Bogalusa'),
('47', 'Luling'),
('47', 'Woodmere'),
('47', 'Mandeville'),
('47', 'Moss Bluff'),
('47', 'Destrehan'),
('47', 'Claiborne'),
('47', 'Bastrop'),
('47', 'Jefferson'),
('47', 'Gardere'),
('47', 'DeRidder'),
('47', 'Eunice'),
('47', 'Jennings'),
('47', 'Timberlane'),
('47', 'Denham Springs'),
('47', 'Raceland'),
('47', 'Waggaman'),
('47', 'Gonzales'),
('48', 'Baltimore'),
('48', 'Columbia'),
('48', 'Germantown'),
('48', 'Silver Spring'),
('48', 'Waldorf'),
('48', 'Glen Burnie'),
('48', 'Ellicott City'),
('48', 'Frederick'),
('48', 'Dundalk'),
('48', 'Rockville'),
('48', 'Bethesda'),
('48', 'Gaithersburg'),
('48', 'Towson'),
('48', 'Bowie'),
('48', 'Aspen Hill'),
('48', 'Wheaton'),
('48', 'Bel Air South'),
('48', 'Potomac'),
('48', 'Severn'),
('48', 'North Bethesda'),
('48', 'Catonsville'),
('48', 'Hagerstown'),
('48', 'Essex'),
('48', 'Annapolis'),
('48', 'Woodlawn'),
('48', 'Severna Park'),
('48', 'Odenton'),
('48', 'Clinton'),
('48', 'Olney'),
('48', 'Chillum'),
('48', 'Randallstown'),
('48', 'Montgomery Village'),
('48', 'Pikesville'),
('48', 'Parkville'),
('48', 'Owings Mills'),
('48', 'Bel Air North'),
('48', 'Eldersburg'),
('48', 'College Park'),
('48', 'Salisbury'),
('48', 'Carney'),
('48', 'Milford Mill'),
('48', 'Perry Hall'),
('48', 'Crofton'),
('48', 'South Laurel'),
('48', 'Reisterstown'),
('48', 'Suitland-Silver Hill'),
('48', 'Edgewood'),
('48', 'Lochearn'),
('48', 'Middle River'),
('48', 'Laurel'),
('48', 'North Potomac'),
('48', 'Scaggsville'),
('48', 'Pasadena'),
('48', 'Fort Washington'),
('48', 'Fairland'),
('48', 'Ilchester'),
('48', 'Arnold'),
('48', 'Landover'),
('48', 'Cumberland'),
('48', 'Cockeysville'),
('48', 'Arbutus'),
('48', 'Lake Shore'),
('48', 'Rosedale'),
('48', 'Camp Springs'),
('48', 'Langley Park'),
('48', 'Westminster'),
('48', 'Ballenger Creek'),
('48', 'Calverton'),
('48', 'Oxon Hill-Glassmanor'),
('48', 'Hyattsville'),
('48', 'White Oak'),
('48', 'Glassmanor'),
('48', 'Seabrook'),
('48', 'Redland'),
('48', 'Beltsville'),
('48', 'Ferndale'),
('48', 'Takoma Park'),
('48', 'Hillcrest Heights'),
('48', 'Maryland City'),
('48', 'Easton'),
('48', 'Parole'),
('48', 'Elkridge'),
('48', 'East Riverdale'),
('48', 'Elkton'),
('48', 'Damascus'),
('48', 'Rossville'),
('48', 'Cloverly'),
('48', 'Adelphi'),
('48', 'Aberdeen'),
('48', 'Colesville'),
('48', 'Brooklyn Park'),
('48', 'Clarksburg'),
('48', 'Glenmont'),
('48', 'Glenn Dale'),
('48', 'Havre de Grace'),
('48', 'Kettering'),
('48', 'Riviera Beach'),
('48', 'Joppatowne'),
('48', 'Kemp Mill'),
('48', 'Forestville'),
('48', 'Cambridge'),
('48', 'Overlea'),
('48', 'Travilah'),
('48', 'New Carrollton'),
('48', 'Bennsville'),
('48', 'California'),
('48', 'Ocean Pines'),
('48', 'Lexington Park'),
('48', 'Mays Chapel'),
('48', 'Walker Mill'),
('48', 'Mitchellville'),
('48', 'Annapolis Neck'),
('48', 'Summerfield'),
('48', 'Largo'),
('48', 'Halfway'),
('48', 'Rosaryville'),
('48', 'Accokeek'),
('48', 'Chesapeake Ranch Estates'),
('48', 'Linthicum'),
('48', 'Lanham-Seabrook'),
('48', 'Bel Air'),
('48', 'Timonium'),
('48', 'Coral Hills'),
('48', 'Lake Arbor'),
('48', 'Brock Hall'),
('48', 'Chevy Chase'),
('48', 'North Kensington'),
('48', 'White Marsh'),
('48', 'Marlboro Village'),
('48', 'Fort Meade'),
('48', 'Mount Airy'),
('48', 'Friendly'),
('48', 'Urbana'),
('48', 'Bladensburg'),
('48', 'Marlton'),
('48', 'Edgewater'),
('48', 'Frostburg'),
('49', 'Boston'),
('49', 'Worcester'),
('49', 'Springfield'),
('49', 'Lowell'),
('49', 'Cambridge'),
('49', 'New Bedford'),
('49', 'Brockton'),
('49', 'Quincy'),
('49', 'Lynn'),
('49', 'Fall River'),
('49', 'Newton'),
('49', 'Lawrence'),
('49', 'Somerville'),
('49', 'Framingham'),
('49', 'Haverhill'),
('49', 'Waltham'),
('49', 'Malden'),
('49', 'Brookline'),
('49', 'Medford'),
('49', 'Taunton'),
('49', 'Chicopee'),
('49', 'Weymouth'),
('49', 'Revere'),
('49', 'Peabody'),
('49', 'Methuen'),
('49', 'Barnstable'),
('49', 'Pittsfield'),
('49', 'Attleboro'),
('49', 'Arlington'),
('49', 'Everett'),
('49', 'Salem'),
('49', 'Westfield'),
('49', 'Leominster'),
('49', 'Fitchburg'),
('49', 'Holyoke'),
('49', 'Beverly'),
('49', 'Marlborough'),
('49', 'Woburn'),
('49', 'Braintree'),
('49', 'Chelsea'),
('49', 'Randolph'),
('49', 'Watertown'),
('49', 'Franklin'),
('49', 'Lexington'),
('49', 'Needham'),
('49', 'Gloucester'),
('49', 'Norwood'),
('49', 'Northampton'),
('49', 'Agawam'),
('49', 'West Springfield'),
('49', 'Wellesley'),
('49', 'Milton'),
('49', 'Melrose'),
('49', 'Saugus'),
('49', 'Danvers'),
('49', 'Milford'),
('49', 'Wakefield'),
('49', 'Reading'),
('49', 'Belmont'),
('49', 'Dedham'),
('49', 'Burlington'),
('49', 'Wilmington'),
('49', 'Stoneham'),
('49', 'Winchester'),
('49', 'Gardner'),
('49', 'Marblehead'),
('49', 'Amherst Center'),
('49', 'Somerset'),
('49', 'Winthrop'),
('49', 'Greenfield'),
('49', 'Newburyport'),
('49', 'Southbridge'),
('49', 'Amesbury'),
('49', 'Easthampton'),
('49', 'Abington'),
('49', 'Longmeadow'),
('49', 'Hudson'),
('49', 'Swampscott'),
('49', 'North Adams'),
('49', 'Palmer'),
('49', 'Lynnfield'),
('49', 'Webster'),
('49', 'South Yarmouth'),
('49', 'Holbrook'),
('49', 'Hull'),
('49', 'Maynard'),
('51', 'Detroit'),
('51', 'Grand Rapids'),
('51', 'Warren'),
('51', 'Sterling Heights'),
('51', 'Lansing'),
('51', 'Ann Arbor'),
('51', 'Flint'),
('51', 'Dearborn'),
('51', 'Livonia'),
('51', 'Westland'),
('51', 'Troy'),
('51', 'Farmington Hills'),
('51', 'Kalamazoo'),
('51', 'Wyoming'),
('51', 'Southfield'),
('51', 'Rochester Hills'),
('51', 'Taylor'),
('51', 'St. Clair Shores'),
('51', 'Pontiac'),
('51', 'Dearborn Heights'),
('51', 'Royal Oak'),
('51', 'Novi'),
('51', 'Battle Creek'),
('51', 'Saginaw'),
('51', 'Kentwood'),
('51', 'East Lansing'),
('51', 'Roseville'),
('51', 'Portage'),
('51', 'Midland'),
('51', 'Muskegon'),
('51', 'Lincoln Park'),
('51', 'Bay City'),
('51', 'Jackson'),
('51', 'Holland'),
('51', 'Eastpointe'),
('51', 'Port Huron'),
('51', 'Southgate'),
('51', 'Burton'),
('51', 'Madison Heights'),
('51', 'Oak Park'),
('51', 'Allen Park'),
('51', 'Garden City'),
('51', 'Mount Pleasant'),
('51', 'Wyandotte'),
('51', 'Forest Hills'),
('51', 'Inkster'),
('51', 'Norton Shores'),
('51', 'Romulus'),
('51', 'Holt'),
('51', 'Waverly'),
('51', 'Walker'),
('51', 'Hamtramck'),
('51', 'Auburn Hills'),
('51', 'Okemos'),
('51', 'Marquette'),
('51', 'Adrian'),
('51', 'Monroe'),
('51', 'Birmingham'),
('51', 'Ferndale'),
('51', 'Ypsilanti'),
('51', 'Haslett'),
('51', 'Trenton'),
('51', 'Wayne'),
('51', 'Allendale'),
('51', 'Jenison'),
('51', 'Hazel Park'),
('51', 'Mount Clemens'),
('51', 'Grosse Pointe Woods'),
('51', 'Grandville'),
('51', 'Owosso'),
('51', 'Berkley'),
('51', 'Traverse City'),
('51', 'Northview'),
('51', 'Fraser'),
('51', 'Cutlerville'),
('51', 'Harper Woods'),
('51', 'Sault Ste. Marie'),
('51', 'Wixom'),
('51', 'Woodhaven'),
('51', 'Rochester'),
('51', 'Escanaba'),
('51', 'Riverview'),
('51', 'New Baltimore'),
('51', 'Clawson'),
('51', 'Highland Park'),
('51', 'Fenton'),
('51', 'Niles'),
('51', 'Grosse Pointe Park'),
('51', 'Ionia'),
('51', 'South Lyon'),
('51', 'Sturgis'),
('51', 'Coldwater'),
('51', 'Muskegon Heights'),
('51', 'Melvindale'),
('51', 'East Grand Rapids'),
('51', 'Big Rapids'),
('51', 'Alpena'),
('51', 'Grand Haven'),
('51', 'Farmington'),
('51', 'Cadillac'),
('51', 'Beverly Hills'),
('51', 'Beecher'),
('51', 'Comstock Park'),
('51', 'Benton Harbor'),
('51', 'Marysville'),
('52', 'Mineápolis'),
('52', 'Saint Paul'),
('52', 'Rochester'),
('53', 'Jackson'),
('54', 'Kansas City'),
('54', 'San Luis'),
('54', 'Springfield'),
('54', 'Independence'),
('54', 'Columbia'),
('54', 'Lee s Summit'),
('54', 'O Fallon'),
('54', 'St. Joseph'),
('54', 'St. Charles'),
('54', 'Blue Springs'),
('54', 'St. Peters'),
('54', 'Florissant'),
('54', 'Joplin'),
('54', 'Chesterfield'),
('54', 'Jefferson City'),
('54', 'Cape Girardeau'),
('54', 'Oakville'),
('54', 'Wildwood'),
('54', 'University City'),
('54', 'Ballwin'),
('54', 'Raytown'),
('54', 'Liberty'),
('54', 'Wentzville'),
('54', 'Mehlville'),
('54', 'Kirkwood'),
('54', 'Maryland Heights'),
('54', 'Hazelwood'),
('54', 'Gladstone'),
('54', 'Grandview'),
('54', 'Belton'),
('54', 'Webster Groves'),
('54', 'Sedalia'),
('54', 'Ferguson'),
('54', 'Arnold'),
('54', 'Affton'),
('54', 'Spanish Lake'),
('54', 'Rolla'),
('54', 'Raymore'),
('54', 'Old Jamestown'),
('54', 'Nixa'),
('54', 'Warrensburg'),
('54', 'Manchester'),
('54', 'Hannibal'),
('54', 'Creve Coeur'),
('54', 'Ozark'),
('54', 'Kirksville'),
('54', 'Poplar Bluff'),
('54', 'Lemay'),
('54', 'Concord'),
('54', 'Sikeston'),
('54', 'Farmington'),
('54', 'Overland'),
('54', 'Clayton'),
('54', 'Fort Leonard Wood'),
('54', 'Republic'),
('54', 'Jennings'),
('54', 'Lake St. Louis'),
('54', 'Lebanon'),
('54', 'Carthage'),
('54', 'Washington'),
('54', 'Moberly'),
('54', 'Jackson'),
('54', 'Marshall'),
('54', 'St. Ann'),
('54', 'Grain Valley'),
('54', 'Fulton'),
('54', 'West Plains'),
('54', 'Maryville'),
('54', 'Crestwood'),
('54', 'Neosho'),
('54', 'Festus'),
('54', 'Bridgeton'),
('54', 'Mexico'),
('54', 'Dardenne Prairie'),
('54', 'Excelsior Springs'),
('54', 'Webb City'),
('54', 'Kennett'),
('54', 'Bellefontaine Neighbors'),
('54', 'Town and Country'),
('54', 'Troy'),
('54', 'Branson'),
('54', 'Bolivar'),
('54', 'Union'),
('54', 'Eureka'),
('54', 'Harrisonville'),
('54', 'Cameron'),
('54', 'Chillicothe'),
('54', 'Ellisville'),
('54', 'Clinton'),
('54', 'Berkeley'),
('54', 'Monett'),
('54', 'Park Hills'),
('54', 'Murphy'),
('54', 'Richmond Heights'),
('54', 'Ladue'),
('54', 'Sunset Hills'),
('54', 'Smithville'),
('54', 'Nevada'),
('54', 'Kearney'),
('54', 'Des Peres'),
('54', 'Boonville'),
('54', 'Perryville'),
('54', 'Pleasant Hill'),
('54', 'Brentwood'),
('55', 'Billings'),
('55', 'Missoula'),
('55', 'Great Falls'),
('55', 'Bozeman'),
('55', 'Butte-Silver Bow'),
('55', 'Helena'),
('55', 'Kalispell'),
('55', 'Havre'),
('55', 'Anaconda'),
('55', 'Miles City');

-- Tabla city
-- USA
INSERT INTO `alodigaWallet`.`city` (`stateId`, `name`) VALUES
('56', 'Omaha'),
('56', 'Lincoln'),
('56', 'Bellevue'),
('56', 'Grand Island'),
('56', 'Kearney'),
('56', 'Fremont'),
('56', 'Hastings'),
('56', 'North Platte'),
('56', 'Norfolk'),
('56', 'Columbus'),
('56', 'Papillion'),
('56', 'La Vista'),
('56', 'Scottsbluff'),
('56', 'South Sioux City'),
('56', 'Beatrice'),
('56', 'Chalco'),
('56', 'Lexington'),
('56', 'Gering'),
('56', 'Alliance'),
('56', 'Blair'),
('56', 'York'),
('56', 'McCook'),
('56', 'Nebraska City'),
('57', 'Summerlin South'),
('57', 'Winchester'),
('57', 'Pahrump'),
('57', 'Whitney'),
('57', 'Carson City'),
('57', 'Sparks'),
('57', 'Enterprise'),
('57', 'Spring Valley'),
('57', 'Sunrise Manor'),
('57', 'North Las Vegas'),
('57', 'Paradise'),
('57', 'Reno'),
('57', 'Henderson'),
('57', 'Las Vegas'),
('58', 'Manchester'),
('58', 'Nashua'),
('58', 'Concord'),
('58', 'Dover'),
('58', 'Rochester'),
('58', 'Keene'),
('58', 'Derry'),
('58', 'Portsmouth'),
('58', 'Laconia'),
('58', 'Claremont'),
('58', 'Lebanon'),
('58', 'Somersworth'),
('58', 'Londonderry'),
('58', 'Durham'),
('58', 'Berlin'),
('58', 'Hampton'),
('59', 'Newark'),
('59', 'Jersey City'),
('59', 'Paterson'),
('59', 'Elizabeth'),
('61', 'Albuquerque'),
('61', 'Las Cruces'),
('61', 'Río Rancho'),
('61', 'Santa Fe'),
('61', 'Roswell'),
('61', 'Farmington'),
('61', 'South Valley'),
('61', 'Clovis'),
('61', 'Hobbs'),
('61', 'Alamogordo'),
('61', 'Carlsbad'),
('61', 'Gallup'),
('61', 'Deming'),
('61', 'Los Lunas'),
('61', 'Chaparral'),
('61', 'Sunland Park'),
('61', 'Las Vegas'),
('61', 'Portales'),
('61', 'Los Alamos'),
('61', 'North Valley'),
('61', 'Artesia'),
('61', 'Lovington'),
('61', 'Silver City'),
('61', 'Española'),
('61', 'Anthony'),
('62', 'Nueva York'),
('62', 'Bufalo'),
('62', 'Rochester'),
('62', 'Yonkers'),
('62', 'Siracusa'),
('62', 'Albany'),
('62', 'New Rochelle'),
('62', 'Mount Vernon'),
('62', 'Schenectady'),
('63', 'Charlotte'),
('63', 'Raleigh'),
('63', 'Greensboro'),
('63', 'Winston Salem'),
('63', 'Durham'),
('63', 'Fayetteville'),
('63', 'Cary'),
('63', 'Wilmington'),
('63', 'High Point'),
('63', 'Greenville'),
('63', 'Asheville'),
('63', 'Concord'),
('63', 'Gastonia'),
('63', 'Jacksonville'),
('63', 'Rocky Mount'),
('63', 'Chapel Hill'),
('63', 'Burlington'),
('63', 'Wilson'),
('63', 'Huntersville'),
('63', 'Kannapolis'),
('63', 'Hickory'),
('63', 'Apex'),
('63', 'Goldsboro'),
('63', 'Salisbury'),
('63', 'Indian Trail'),
('63', 'Monroe'),
('63', 'Mooresville'),
('63', 'Wake Forest'),
('63', 'New Bern'),
('63', 'Sanford'),
('63', 'Matthews'),
('63', 'Thomasville'),
('63', 'Garner'),
('63', 'Asheboro'),
('63', 'Cornelius'),
('63', 'Holly Springs'),
('63', 'Statesville'),
('63', 'Kernersville'),
('63', 'Mint Hill'),
('63', 'Kinston'),
('63', 'Lumberton'),
('63', 'Havelock'),
('63', 'Shelby'),
('63', 'Carrboro'),
('63', 'Lexington'),
('63', 'Elizabeth City'),
('63', 'Clemmons'),
('63', 'Morrisville'),
('63', 'Lenoir'),
('63', 'Fuquay-Varina'),
('63', 'Boone'),
('63', 'Morganton'),
('63', 'Clayton'),
('63', 'Laurinburg'),
('63', 'Albemarle'),
('63', 'Roanoke Rapids'),
('63', 'Eden'),
('63', 'Henderson'),
('63', 'Hope Mills'),
('63', 'Reidsville'),
('63', 'Murraysville'),
('63', 'Graham'),
('63', 'Stallings'),
('63', 'Mount Holly'),
('63', 'Leland'),
('63', 'Piney Green'),
('63', 'Hendersonville'),
('63', 'Pinehurst'),
('63', 'Newton'),
('63', 'Lewisville'),
('63', 'Southern Pines'),
('63', 'Spring Lake'),
('63', 'Harrisburg'),
('63', 'Archdale'),
('63', 'Tarboro'),
('63', 'Knightdale'),
('63', 'Mebane'),
('63', 'Smithfield'),
('63', 'Davidson'),
('63', 'Lincolnton'),
('63', 'Mount Airy'),
('63', 'Kings Mountain'),
('63', 'Summerfield'),
('63', 'Belmont'),
('63', 'Waynesville'),
('63', 'Waxhaw'),
('63', 'Washington'),
('63', 'Rockingham'),
('63', 'Weddington'),
('64', 'Fargo'),
('64', 'Bismarck'),
('64', 'Grand Forks'),
('64', 'Minot'),
('64', 'West Fargo'),
('64', 'Mandan'),
('64', 'Dickinson'),
('64', 'Jamestown'),
('64', 'Williston'),
('64', 'Wahpeton'),
('64', 'Devils Lake'),
('64', 'Valley City'),
('64', 'Minot AFB'),
('64', 'Grafton'),
('65', 'Columbus'),
('65', 'Cleveland'),
('65', 'Cincinnati'),
('65', 'Toledo'),
('65', 'Akron'),
('65', 'Dayton'),
('65', 'Parma'),
('65', 'Canton'),
('65', 'Youngstown'),
('65', 'Lorain'),
('65', 'Hamilton'),
('65', 'Springfield'),
('65', 'Kettering'),
('65', 'Elyria'),
('65', 'Lakewood'),
('65', 'Cuyahoga Falls'),
('65', 'Euclid'),
('65', 'Middletown'),
('65', 'Mansfield'),
('65', 'Newark'),
('65', 'Mentor'),
('65', 'Cleveland Heights'),
('65', 'Beavercreek'),
('65', 'Strongsville'),
('65', 'Fairfield'),
('65', 'Dublin'),
('65', 'Warren'),
('65', 'Findlay'),
('65', 'Lancaster'),
('65', 'Lima'),
('65', 'Huber Heights'),
('65', 'Marion'),
('65', 'Westerville'),
('65', 'Reynoldsburg'),
('65', 'Grove City'),
('65', 'Boardman'),
('65', 'Stow'),
('65', 'Delaware'),
('65', 'Brunswick'),
('65', 'Upper Arlington'),
('65', 'Gahanna'),
('65', 'Westlake'),
('65', 'North Olmsted'),
('65', 'Fairborn'),
('65', 'Massillon'),
('65', 'Mason'),
('65', 'North Royalton'),
('65', 'Bowling Green'),
('65', 'Austintown'),
('65', 'North Ridgeville'),
('65', 'Kent'),
('65', 'Garfield Heights'),
('65', 'Shaker Heights'),
('65', 'Hilliard'),
('65', 'Medina'),
('65', 'Barberton'),
('65', 'Wooster'),
('65', 'Sandusky'),
('65', 'Xenia'),
('65', 'Green'),
('65', 'Zanesville'),
('65', 'Riverside'),
('65', 'Troy'),
('65', 'Trotwood'),
('65', 'Centerville'),
('65', 'Athens'),
('65', 'Solon'),
('65', 'Maple Heights'),
('65', 'Avon Lake'),
('65', 'Alliance'),
('65', 'South Euclid'),
('65', 'Willoughby'),
('65', 'Hudson'),
('65', 'Marysville'),
('65', 'Chillicothe'),
('65', 'Wadsworth'),
('65', 'Oxford'),
('65', 'Sidney'),
('65', 'Avon'),
('65', 'Parma Heights'),
('65', 'Perrysburg'),
('65', 'Piqua'),
('65', 'Ashland'),
('65', 'Oregon'),
('65', 'Portsmouth'),
('65', 'Rocky River'),
('65', 'Miamisburg'),
('65', 'Lebanon'),
('65', 'Painesville'),
('65', 'Broadview Heights'),
('65', 'Niles'),
('65', 'Brook Park'),
('65', 'Norwood'),
('65', 'White Oak'),
('65', 'Mayfield Heights'),
('65', 'Ashtabula'),
('65', 'Berea'),
('65', 'Sylvania'),
('65', 'Twinsburg'),
('65', 'Forest Park'),
('65', 'Steubenville'),
('65', 'Eastlake'),
('65', 'Pickerington'),
('65', 'Whitehall'),
('65', 'Tiffin'),
('65', 'East Cleveland'),
('65', 'Tallmadge'),
('65', 'North Canton'),
('65', 'Springboro'),
('65', 'New Philadelphia'),
('65', 'Norwalk'),
('65', 'Mount Vernon'),
('65', 'Fairview Park'),
('65', 'Fremont'),
('65', 'Defiance'),
('65', 'Streetsboro'),
('65', 'Middleburg Heights'),
('65', 'Bay Village'),
('65', 'Aurora'),
('65', 'Vandalia'),
('65', 'Pataskala'),
('65', 'Bridgetown'),
('65', 'Maumee'),
('65', 'New Franklin'),
('65', 'Washington Court House'),
('65', 'Willowick'),
('65', 'Marietta'),
('65', 'Lyndhurst'),
('65', 'Brecksville'),
('65', 'Worthington'),
('65', 'Sharonville'),
('65', 'Warrensville Heights'),
('65', 'University Heights'),
('65', 'Englewood'),
('65', 'Fostoria'),
('65', 'Bellefontaine'),
('65', 'Circleville'),
('65', 'Greenville'),
('66', 'Oklahoma City'),
('66', 'Tulsa'),
('66', 'Norman'),
('66', 'Broken Arrow'),
('66', 'Lawton'),
('66', 'Edmond'),
('66', 'Moore'),
('66', 'Midwest City'),
('66', 'Enid'),
('66', 'Stillwater'),
('66', 'Muskogee'),
('66', 'Bartlesville'),
('66', 'Shawnee'),
('66', 'Owasso'),
('66', 'Ponca City'),
('66', 'Ardmore'),
('66', 'Duncan'),
('66', 'Yukon'),
('66', 'Del City'),
('66', 'Bixby'),
('66', 'Sapulpa'),
('66', 'Altus'),
('66', 'Bethany'),
('66', 'Sand Springs'),
('66', 'Claremore'),
('66', 'McAlester'),
('66', 'Mustang'),
('66', 'Jenks'),
('66', 'Ada'),
('66', 'El Reno'),
('66', 'Chickasha'),
('66', 'Durant'),
('66', 'Tahlequah'),
('66', 'Miami'),
('66', 'Okmulgee'),
('66', 'Woodward'),
('66', 'Elk City'),
('66', 'Guymon'),
('66', 'Choctaw'),
('66', 'Weatherford'),
('66', 'Glenpool'),
('66', 'Guthrie'),
('66', 'Warr Acres'),
('66', 'Coweta'),
('68', 'Portland'),
('68', 'Eugene'),
('68', 'Salem'),
('68', 'Gresham'),
('68', 'Hillsboro'),
('68', 'Beaverton'),
('68', 'Bend'),
('68', 'Medford '),
('68', 'Springfield'),
('68', 'Corvallis'),
('68', 'Albany'),
('68', 'Tigard'),
('68', 'Lake Oswego'),
('68', 'Keizer'),
('68', 'Grants Pass'),
('68', 'McMinnville'),
('68', 'Oregon City'),
('68', 'Tualatin'),
('68', 'Redmond'),
('68', 'West Linn'),
('68', 'Woodburn'),
('68', 'Newberg'),
('68', 'Ashland'),
('68', 'Forest Grove'),
('68', 'Roseburg'),
('68', 'Klamath Falls'),
('68', 'Milwaukie'),
('68', 'Wilsonville'),
('68', 'Pendleton'),
('68', 'Central Point'),
('68', 'Coos Bay'),
('68', 'Sherwood'),
('68', 'Hermiston'),
('68', 'Lebanon'),
('68', 'Troutdale'),
('68', 'Dallas '),
('68', 'Canby'),
('68', 'The Dalles '),
('68', 'La Grande '),
('68', 'St Helens '),
('68', 'Gladstone'),
('68', 'Happy Valley'),
('68', 'Ontario'),
('68', 'Cornelius'),
('68', 'Newport '),
('68', 'Prineville '),
('68', 'Baker City '),
('68', 'Damascus'),
('68', 'Astoria '),
('69', 'Pittsburgh'),
('69', 'Allentown'),
('69', 'Erie'),
('69', 'Reading'),
('69', 'Scranton'),
('69', 'Lancaster'),
('69', 'Bethlehem'),
('69', 'Harrisburg'),
('69', 'Altoona'),
('69', 'York'),
('69', 'Wilkes-Barre'),
('69', 'Chester'),
('69', 'Williamsport'),
('69', 'Easton'),
('69', 'Lebanon'),
('69', 'Hazleton'),
('69', 'New Castle'),
('69', 'Johnstown'),
('69', 'McKeesport'),
('69', 'Bethlehem'),
('69', 'Hermitage'),
('69', 'Greensburg'),
('69', 'Pottsville'),
('69', 'Sharon'),
('69', 'Butler'),
('69', 'Washington'),
('69', 'Meadville'),
('69', 'New Kensington'),
('69', 'Coatesville'),
('69', 'St Marys'),
('69', 'Lower Burrell'),
('69', 'Oil City'),
('69', 'Nanticoke'),
('69', 'Uniontown'),
('69', 'Sunbury'),
('69', 'Lock Haven'),
('69', 'Warren'),
('69', 'Jeannette'),
('69', 'Aliquippa'),
('69', 'Filadelfia'),
('71', 'Providence'),
('71', 'Warwick'),
('71', 'Cranston'),
('71', 'Pawtucket'),
('71', 'East Providence'),
('71', 'Woonsocket'),
('71', 'Newport'),
('71', 'Central Falls'),
('71', 'Westerly'),
('71', 'Newport East'),
('71', 'Valley Falls'),
('71', 'Greenville'),
('71', 'Wakefield-Peacedale'),
('71', 'Cumberland Hill'),
('71', 'Tiverton'),
('72', 'Columbia'),
('72', 'Charleston'),
('72', 'North Charleston'),
('72', 'Mount Pleasant'),
('72', 'Rock Hill'),
('72', 'Greenville'),
('72', 'Summerville'),
('72', 'Sumter'),
('72', 'Hilton Head Island'),
('72', 'Florence'),
('72', 'Spartanburg'),
('72', 'Goose Creek'),
('72', 'Aiken'),
('72', 'Myrtle Beach'),
('72', 'Anderson'),
('72', 'Greer'),
('72', 'Greenwood'),
('72', 'Mauldin'),
('72', 'Taylors'),
('72', 'North Augusta'),
('72', 'Wade Hampton'),
('72', 'St Andrews'),
('72', 'Easley'),
('72', 'Socastee'),
('72', 'Simpsonville'),
('72', 'Hanahan'),
('72', 'Lexington'),
('72', 'Conway'),
('72', 'Seven Oaks'),
('72', 'West Columbia'),
('72', 'Berea'),
('72', 'Gantt'),
('72', 'Five Forks'),
('72', 'Dentsville'),
('72', 'Orangeburg'),
('72', 'Clemson'),
('72', 'Ladson'),
('72', 'North Myrtle Beach'),
('72', 'Red Hill'),
('72', 'Bluffton'),
('72', 'Cayce'),
('72', 'Gaffney'),
('72', 'Beaufort'),
('72', 'Parker'),
('72', 'Irmo'),
('72', 'Fort Mill'),
('72', 'Port Royal'),
('72', 'Forest Acres'),
('72', 'Oak Grove'),
('72', 'Newberry'),
('72', 'Red Bank'),
('72', 'Woodfield'),
('73', 'Sioux Falls'),
('73', 'Rapid City'),
('73', 'Aberdeen'),
('73', 'Brookings'),
('73', 'Watertown'),
('73', 'Mitchell'),
('73', 'Yankton'),
('73', 'Pierre'),
('73', 'Huron'),
('73', 'Vermillion'),
('73', 'Spearfish'),
('73', 'Brandon'),
('73', 'Rapid Valley'),
('73', 'Box Elder'),
('75', 'Memphis'),
('75', 'Nashville'),
('75', 'Knoxville'),
('75', 'Chattanooga'),
('75', 'Clarksville'),
('75', 'Murfreesboro'),
('75', 'Jackson'),
('75', 'Johnson City'),
('75', 'Franklin'),
('75', 'Bartlett'),
('75', 'Hendersonville'),
('75', 'Kingsport'),
('75', 'Collierville'),
('75', 'Cleveland'),
('75', 'Smyrna'),
('75', 'Germantown'),
('75', 'Brentwood'),
('75', 'Columbia'),
('75', 'La Vergne'),
('75', 'Cookeville'),
('75', 'Gallatin'),
('75', 'Oak Ridge'),
('75', 'Morristown'),
('75', 'Spring Hill'),
('75', 'Maryville'),
('75', 'Bristol'),
('75', 'Lebanon'),
('75', 'Mount Juliet'),
('75', 'East Ridge'),
('75', 'Farragut'),
('75', 'Shelbyville'),
('75', 'Tullahoma'),
('75', 'Dyersburg'),
('75', 'Springfield'),
('75', 'Goodlettsville'),
('75', 'Greeneville'),
('75', 'Sevierville'),
('75', 'Dickson'),
('75', 'Elizabethton'),
('75', 'McMinnville'),
('75', 'Athens'),
('75', 'Soddy-Daisy'),
('75', 'Middle Valley'),
('75', 'Lakeland'),
('75', 'Red Bank'),
('75', 'Arlington'),
('75', 'Portland'),
('75', 'Martin'),
('75', 'Lewisburg'),
('75', 'Seymour'),
('75', 'Union City'),
('75', 'Crossville'),
('75', 'Lawrenceburg'),
('75', 'Brownsville'),
('75', 'White House'),
('75', 'Millington'),
('75', 'Paris'),
('75', 'Manchester'),
('76', 'Houston'),
('76', 'San Antonio'),
('76', 'Dallas'),
('76', 'Austin'),
('76', 'Fort Worth'),
('76', 'El Paso'),
('76', 'Arlington'),
('76', 'Corpus Christi'),
('76', 'Plano'),
('76', 'Laredo'),
('76', 'Lubbock'),
('76', 'Garland'),
('76', 'Irving'),
('76', 'Amarillo'),
('76', 'Grand Prairie'),
('76', 'Brownsville'),
('76', 'Pasadena'),
('76', 'Mesquite'),
('76', 'McKinney'),
('76', 'McAllen'),
('76', 'Killeen'),
('76', 'Waco'),
('76', 'Carrollton'),
('76', 'Beaumont'),
('76', 'Abilene'),
('76', 'Frisco'),
('76', 'Denton'),
('76', 'Midland'),
('76', 'Wichita Falls'),
('78', 'Salt Lake City'),
('78', 'West Valley City'),
('78', 'Provo'),
('78', 'West Jordan'),
('78', 'Orem'),
('78', 'Sandy'),
('78', 'Ogden'),
('78', 'St George'),
('78', 'Layton'),
('78', 'Millcreek'),
('78', 'Taylorsville'),
('78', 'South Jordan'),
('78', 'Logan'),
('78', 'Lehi'),
('78', 'Murray'),
('78', 'Bountiful'),
('78', 'Draper'),
('78', 'Riverton'),
('78', 'Roy'),
('78', 'Kearns'),
('78', 'Spanish Fork'),
('78', 'Pleasant Grove'),
('78', 'Cottonwood Heights'),
('78', 'Tooele'),
('78', 'Clearfield'),
('78', 'Springville'),
('78', 'Cedar City'),
('78', 'Midvale'),
('78', 'Kaysville'),
('78', 'Magna'),
('78', 'Holladay'),
('78', 'American Fork'),
('78', 'Syracuse'),
('78', 'South Salt Lake'),
('78', 'Herriman'),
('78', 'Eagle Mountain'),
('78', 'Clinton'),
('78', 'Washington'),
('78', 'Payson'),
('78', 'Farmington'),
('78', 'Brigham City'),
('78', 'Saratoga Springs'),
('78', 'North Ogden'),
('78', 'South Ogden'),
('78', 'North Salt Lake'),
('78', 'Highland'),
('78', 'Centerville'),
('78', 'Hurricane'),
('78', 'Heber'),
('78', 'West Haven'),
('78', 'Lindon'),
('78', 'Cedar Hills'),
('78', 'Woods Cross'),
('78', 'Alpine'),
('78', 'West Point'),
('78', 'Smithfield'),
('78', 'Santaquin'),
('78', 'Vernal'),
('78', 'Washington Terrace'),
('79', 'Burlington'),
('79', 'South Burlington'),
('79', 'Rutland'),
('79', 'Essex Junction'),
('79', 'Bennington'),
('79', 'Barre'),
('79', 'Montpelier'),
('79', 'Brattleboro'),
('79', 'Winooski'),
('79', 'St Albans'),
('79', 'Middlebury'),
('80', 'Virginia Beach'),
('80', 'Norfolk'),
('80', 'Chesapeake'),
('80', 'Arlington'),
('80', 'Richmond'),
('80', 'Newport News'),
('80', 'Alexandría'),
('81', 'Seattle'),
('81', 'Spokane'),
('81', 'Tacoma'),
('81', 'Vancouver'),
('81', 'Bellevue'),
('81', 'Everett'),
('81', 'Kent'),
('81', 'Renton'),
('81', 'Spokane Valley'),
('81', 'Federal Way'),
('81', 'Bellingham'),
('81', 'Kennewick'),
('81', 'Auburn'),
('81', 'Marysville'),
('81', 'Pasco'),
('81', 'Lakewood'),
('81', 'Redmond'),
('81', 'Shoreline'),
('81', 'Kirkland'),
('81', 'Richland'),
('81', 'Olympia'),
('81', 'Sammamish'),
('81', 'Lacey'),
('81', 'Edmonds'),
('81', 'Bremerton'),
('81', 'Puyallup'),
('81', 'Longview'),
('81', 'Lynnwood'),
('81', 'Bothell'),
('81', 'Burien'),
('81', 'Wenatchee'),
('81', 'Mount Vernon'),
('81', 'Walla Walla'),
('81', 'University Place'),
('81', 'Issaquah'),
('81', 'Pullman'),
('81', 'Des Moines'),
('81', 'Lake Stevens'),
('81', 'SeaTac'),
('81', 'Bainbridge Island'),
('81', 'Mercer Island'),
('81', 'Maple Valley'),
('81', 'Oak Harbor'),
('81', 'Kenmore'),
('81', 'Moses Lake'),
('81', 'Mukilteo'),
('81', 'Mountlake Terrace'),
('81', 'Camas'),
('81', 'Tukwila'),
('81', 'Port Angeles'),
('81', 'Mill Creek'),
('81', 'Arlington'),
('81', 'Covington'),
('81', 'Battle Ground'),
('81', 'Bonney Lake'),
('81', 'Tumwater'),
('81', 'Monroe'),
('81', 'Aberdeen'),
('81', 'Centralia'),
('81', 'Sunnyside'),
('81', 'Anacortes'),
('81', 'Washougal'),
('81', 'East Wenatchee'),
('81', 'Lake Forest Park'),
('81', 'Lynden'),
('81', 'Kelso'),
('81', 'West Richland'),
('81', 'Ferndale'),
('81', 'Port Orchard'),
('81', 'Woodinville'),
('81', 'Grandview'),
('81', 'Snoqualmie'),
('81', 'Enumclaw'),
('81', 'Cheney'),
('81', 'Sedro-Woolley'),
('81', 'Newcastle'),
('81', 'Shelton'),
('82', 'Charleston'),
('82', 'Huntington'),
('82', 'Parkersburg'),
('82', 'Morgantown'),
('82', 'Wheeling'),
('82', 'Weirton'),
('82', 'Fairmont'),
('82', 'Beckley'),
('83', 'Platteville'),
('83', 'Merrill'),
('83', 'Port Washington'),
('83', 'Baraboo'),
('83', 'Monroe'),
('83', 'Hartford'),
('83', 'Waupun'),
('83', 'Cedarburg'),
('83', 'Fort Atkinson'),
('83', 'Marinette'),
('83', 'Pewaukee'),
('83', 'Stoughton'),
('83', 'Oconomowoc'),
('83', 'River Falls'),
('83', 'Two Rivers'),
('83', 'Chippewa Falls'),
('83', 'Kaukauna'),
('83', 'Glendale'),
('83', 'Whitewater'),
('83', 'Onalaska'),
('83', 'Menomonie'),
('83', 'Beaver Dam'),
('83', 'Middleton'),
('83', 'Menasha'),
('83', 'Cudahy'),
('83', 'Wisconsin Rapids'),
('83', 'Marshfield'),
('83', 'Sun Prairie'),
('83', 'Fitchburg'),
('83', 'De Pere'),
('83', 'South Milwaukee'),
('83', 'Muskego'),
('83', 'Watertown'),
('83', 'Mequon'),
('83', 'Neenah'),
('83', 'Stevens Point'),
('83', 'Superior'),
('83', 'West Bend'),
('83', 'Oak Creek'),
('83', 'Franklin'),
('83', 'Manitowoc'),
('83', 'Greenfield'),
('83', 'Beloit'),
('83', 'New Berlin'),
('83', 'Wausau'),
('83', 'Brookfield'),
('83', 'Fond du Lac'),
('83', 'Wauwatosa'),
('83', 'Sheboygan'),
('83', 'La Crosse'),
('83', 'Janesville'),
('83', 'West Allis'),
('83', 'Eau Claire'),
('83', 'Oshkosh'),
('83', 'Waukesha'),
('83', 'Appleton'),
('83', 'Racine'),
('83', 'Kenosha'),
('83', 'Green Bay'),
('83', 'Madison'),
('83', 'Milwaukee'),
('84', 'Cheyenne'),
('84', 'Casper'),
('84', 'Laramie'),
('84', 'Gillette'),
('84', 'Rock Springs'),
('84', 'Sheridan'),
('84', 'Green River'),
('84', 'Evanston'),
('84', 'Riverton'),
('84', 'Jackson'),
('84', 'Cody'),
('84', 'Rawlins');

-- Tabla comercial_agency
SET @CityCaracasId = 0;
SELECT id INTO @CityCaracasId FROM alodigaWallet.city where name = "Chacao";
INSERT INTO `alodigaWallet`.`comercial_agency` (`name`, `cityId`) VALUES ('CCT', @CityCaracasId);

-- Tabla person_type
INSERT INTO `alodigaWallet`.`person_type` (`description`, `countryId`, `originApplicationId`, `indNaturalPerson`) VALUES ('Persona Natural', '1', '2', '1');

-- Tabla documents_person_type
INSERT INTO `alodigaWallet`.`documents_person_type` (`description`,`personTypeId`,`codeIdentification`) VALUES ('Cedula de Identidad Venezolano', '1', 'CI');

-- Tabla person
INSERT INTO `alodigaWallet`.`person` (`email`, `personTypeId`, `personClassificationId`, `countryId`, `createDate`) VALUES ('jgomez@alodiga.com', '1', '3', '1', '2020-10-28 12:09:22');

-- Tabla employee
INSERT INTO `alodigaWallet`.`employee` (`identificationNumber`, `documentsPersonTypeId`, `firstNames`, `lastNames`, `personId`, `employedPositionId`, `comercialAgencyId`) VALUES ('12345678', '1', 'Jesus', 'Gomez', '1', '1', '1') ;

-- Tabla User
INSERT INTO `alodigaWallet`.`user`(`login`, `password`, `firstName`, `lastName`, `creationDate`, `email`, `phoneNumber`, `receiveTopUpNotification`, `enabled`, `documentsPersonTypeId`, `identificationNumber`, `personId`, `authorizedEmployeeId`, `employeeId`) VALUES
('jgomez', 'e10adc3949ba59abbe56e057f20f883e', 'Jesus', 'Gomez','2020-10-26 21:28:42', 'jgomez@alodiga.com', '584142063128', '1', '1', '1', '12345678', '1', '0', '1');

-- Tabla user_has_profile
INSERT INTO `alodigaWallet`.`user_has_profile`(`profileId`, `userId`, `beginningDate`, `endingDate`) VALUES ('1', '1', '2020-10-25 11:38:57', NULL);

SET FOREIGN_KEY_CHECKS=1;
