CREATE DATABASE  IF NOT EXISTS `alodigaWallet1` /*!40100 DEFAULT CHARACTER SET latin1 */;
USE `alodigaWallet`;
-- MySQL dump 10.13  Distrib 5.5.62, for debian-linux-gnu (x86_64)
--
-- Host: 54.70.31.158    Database: alodigaWallet
-- ------------------------------------------------------
-- Server version	5.7.30-0ubuntu0.18.04.1

/*!40101 SET @OLD_CHARACTER_SET_CLIENT=@@CHARACTER_SET_CLIENT */;
/*!40101 SET @OLD_CHARACTER_SET_RESULTS=@@CHARACTER_SET_RESULTS */;
/*!40101 SET @OLD_COLLATION_CONNECTION=@@COLLATION_CONNECTION */;
/*!40101 SET NAMES utf8 */;
/*!40103 SET @OLD_TIME_ZONE=@@TIME_ZONE */;
/*!40103 SET TIME_ZONE='+00:00' */;
/*!40014 SET @OLD_UNIQUE_CHECKS=@@UNIQUE_CHECKS, UNIQUE_CHECKS=0 */;
/*!40014 SET @OLD_FOREIGN_KEY_CHECKS=@@FOREIGN_KEY_CHECKS, FOREIGN_KEY_CHECKS=0 */;
/*!40101 SET @OLD_SQL_MODE=@@SQL_MODE, SQL_MODE='NO_AUTO_VALUE_ON_ZERO' */;
/*!40111 SET @OLD_SQL_NOTES=@@SQL_NOTES, SQL_NOTES=0 */;

--
-- Table structure for table `address`
--

DROP TABLE IF EXISTS `address`;
/*!40101 SET @saved_cs_client     = @@character_set_client */;
/*!40101 SET character_set_client = utf8 */;
CREATE TABLE `address` (
  `id` bigint(10) NOT NULL AUTO_INCREMENT,
  `countryId` bigint(3) NOT NULL,
  `stateId` bigint(10) DEFAULT NULL,
  `cityId` bigint(10) DEFAULT NULL,
  `countyId` bigint(10) DEFAULT NULL,
  `address` varchar(255) NOT NULL,
  `zipCode` varchar(45) NOT NULL,
  `stateName` varchar(45) DEFAULT NULL,
  `countyName` varchar(45) DEFAULT NULL,
  `cityName` varchar(45) DEFAULT NULL,
  PRIMARY KEY (`id`),
  KEY `fk_address_city1` (`cityId`),
  KEY `fk_address_state1` (`stateId`),
  KEY `fk_address_county1` (`countyId`),
  KEY `fk_address_country1` (`countryId`),
  CONSTRAINT `fk_address_city1` FOREIGN KEY (`cityId`) REFERENCES `city` (`id`) ON DELETE NO ACTION ON UPDATE NO ACTION,
  CONSTRAINT `fk_address_country1` FOREIGN KEY (`countryId`) REFERENCES `country` (`id`) ON DELETE NO ACTION ON UPDATE NO ACTION,
  CONSTRAINT `fk_address_county1` FOREIGN KEY (`countyId`) REFERENCES `county` (`id`) ON DELETE NO ACTION ON UPDATE NO ACTION,
  CONSTRAINT `fk_address_state1` FOREIGN KEY (`stateId`) REFERENCES `state` (`id`) ON DELETE NO ACTION ON UPDATE NO ACTION
) ENGINE=InnoDB AUTO_INCREMENT=59 DEFAULT CHARSET=latin1;
/*!40101 SET character_set_client = @saved_cs_client */;

--
-- Dumping data for table `address`
--

LOCK TABLES `address` WRITE;
/*!40000 ALTER TABLE `address` DISABLE KEYS */;
INSERT INTO `address` VALUES (13,1,1,1,1,'la','1010','la','l','la paz'),(22,1,NULL,NULL,NULL,'la paz','1010','estado',NULL,'carcas'),(23,1,NULL,NULL,NULL,'la paz','1010','merida',NULL,'caracas'),(24,1,NULL,NULL,NULL,'la paz','1010','capital',NULL,'caracas'),(25,1,NULL,NULL,NULL,'la paz','1010','capital',NULL,'caracas'),(26,1,NULL,NULL,NULL,'la paz','1010','capital',NULL,'caracas'),(27,1,NULL,NULL,NULL,'la paz','1010','capital',NULL,'caracas'),(28,1,NULL,NULL,NULL,'la paz','1010','capital',NULL,'caracas'),(29,1,NULL,NULL,NULL,'la paz','1010','capital',NULL,'caracas'),(30,1,NULL,NULL,NULL,'la paz','1010','capital',NULL,'caracas'),(31,1,NULL,NULL,NULL,'fgghhh','5555','peru',NULL,'Peru 1'),(32,1,NULL,NULL,NULL,'fgggh','5555','peru',NULL,'peru1'),(33,1,NULL,NULL,NULL,'fggg\n','8888','pruwba',NULL,'ggg'),(34,1,NULL,NULL,NULL,'gggg','5555','prueba ',NULL,'wwed'),(35,1,NULL,NULL,NULL,'ggggg\n','8555','ghhh',NULL,'gggg'),(36,1,NULL,NULL,NULL,'dfgdgdfg','125','Rgfdfg',NULL,'Fdgdfg'),(37,47,NULL,NULL,NULL,'calle libertador','1006','Miami',NULL,'Caracas'),(38,47,NULL,NULL,NULL,'calle libertador ','1002','CaracS',NULL,'Caracas'),(39,1,NULL,NULL,NULL,'12','1006','Caracas',NULL,'CaracZ'),(40,1,NULL,NULL,NULL,'bjj\n','888','vvv',NULL,'ghh'),(51,1,NULL,NULL,NULL,'paraiso','1010','Capital',NULL,'caracas'),(52,1,NULL,NULL,NULL,'paraiso','1010','Capital',NULL,'caracas'),(53,1,NULL,NULL,NULL,'paraiso','1010','capital',NULL,'caracas'),(54,1,NULL,NULL,NULL,'paraiso','1010','capital',NULL,'caracas'),(55,1,NULL,NULL,NULL,'la paz','1010','capital',NULL,'caracas'),(56,1,NULL,NULL,NULL,'la paz','1010','capital',NULL,'caracas'),(57,1,NULL,NULL,NULL,'la paz','1010','capital',NULL,'caracas'),(58,1,NULL,NULL,NULL,'paraiso','1010','capital',NULL,'paraiso');
/*!40000 ALTER TABLE `address` ENABLE KEYS */;
UNLOCK TABLES;

--
-- Table structure for table `balance_history`
--

DROP TABLE IF EXISTS `balance_history`;
/*!40101 SET @saved_cs_client     = @@character_set_client */;
/*!40101 SET character_set_client = utf8 */;
CREATE TABLE `balance_history` (
  `id` bigint(10) NOT NULL AUTO_INCREMENT,
  `userId` bigint(10) NOT NULL,
  `oldAmount` float(20,2) NOT NULL,
  `currentAmount` float(20,2) NOT NULL,
  `date` datetime NOT NULL,
  `productId` bigint(20) NOT NULL,
  `transactionId` bigint(20) DEFAULT NULL,
  `version` bigint(20) NOT NULL,
  `adjusmentInfo` varchar(500) DEFAULT NULL,
  PRIMARY KEY (`id`),
  KEY `k_balance_history_transaction1` (`transactionId`),
  KEY `fk_balance_has_product` (`productId`),
  CONSTRAINT `fk_balance_has_product` FOREIGN KEY (`productId`) REFERENCES `product` (`id`),
  CONSTRAINT `k_balance_history_transaction1` FOREIGN KEY (`transactionId`) REFERENCES `transaction` (`id`) ON DELETE NO ACTION ON UPDATE NO ACTION
) ENGINE=InnoDB AUTO_INCREMENT=1036 DEFAULT CHARSET=latin1;
/*!40101 SET character_set_client = @saved_cs_client */;

--
-- Dumping data for table `balance_history`
--

LOCK TABLES `balance_history` WRITE;
/*!40000 ALTER TABLE `balance_history` DISABLE KEYS */;
INSERT INTO `balance_history` VALUES (1,379,4500.00,4200.00,'2019-09-23 15:00:00',3,15,1,NULL),(2,2,300000.00,295000.00,'2019-09-23 16:00:00',3,15,1,NULL),(3,379,4200.00,3700.00,'2019-09-23 14:35:39',3,39,1,NULL),(4,2,295000.00,294985.00,'2019-09-23 14:36:25',3,39,2,NULL),(5,379,3700.00,3200.00,'2019-09-24 09:08:09',3,40,3,NULL),(6,2,294985.00,294970.00,'2019-09-24 09:08:09',3,40,4,NULL),(7,379,3200.00,2700.00,'2019-09-24 10:40:34',3,46,5,NULL),(8,2,294970.00,294970.00,'2019-09-24 10:40:34',3,46,6,NULL),(9,379,2700.00,2200.00,'2019-09-24 10:41:11',3,47,7,NULL),(10,2,294970.00,294955.00,'2019-09-24 10:41:11',3,47,8,NULL),(25,379,2200.00,1700.00,'2019-09-24 16:05:15',3,55,9,NULL),(26,2,294955.00,294940.00,'2019-09-24 16:05:15',3,55,10,NULL),(37,379,1700.00,1000.00,'2019-09-27 10:46:01',3,76,25,NULL),(38,2,294940.00,294919.00,'2019-09-27 10:46:01',3,76,26,NULL),(39,379,1000.00,725.00,'2019-09-27 10:52:18',3,77,37,NULL),(40,2,294919.00,295169.00,'2019-09-27 10:52:18',3,77,38,NULL),(41,379,10000.00,10500.00,'2019-09-27 10:52:00',1,50,1,''),(42,379,15000.00,12800.00,'2019-09-27 11:00:00',4,51,1,''),(43,379,10500.00,10480.00,'2019-09-27 11:49:54',1,81,41,NULL),(44,379,12800.00,12840.00,'2019-09-27 11:49:55',4,81,42,NULL),(45,379,10480.00,10430.00,'2019-09-27 11:53:33',1,82,43,NULL),(46,379,12840.00,12940.00,'2019-09-27 11:53:33',4,82,44,NULL),(47,379,725.00,695.00,'2019-10-04 09:01:39',3,86,39,NULL),(48,2,295169.00,295168.09,'2019-10-04 09:01:39',3,86,40,NULL),(49,379,695.00,665.00,'2019-10-04 09:11:13',3,87,47,NULL),(50,2,295168.09,295167.19,'2019-10-04 09:11:13',3,87,48,NULL),(51,379,665.00,630.00,'2019-10-04 09:12:57',3,88,49,NULL),(52,2,295167.19,295166.12,'2019-10-04 09:12:57',3,88,50,NULL),(53,379,630.00,565.00,'2019-10-04 09:22:48',3,89,51,NULL),(54,2,295166.12,295206.12,'2019-10-04 09:22:48',3,89,52,NULL),(55,379,10430.00,10395.00,'2019-10-04 09:49:36',1,90,45,NULL),(56,379,12940.00,113010.00,'2019-10-04 09:49:36',4,90,46,NULL),(68,379,10000.00,9500.00,'2019-10-08 13:28:43',3,96,53,NULL),(69,2,295206.12,295191.12,'2019-10-08 13:28:43',3,96,54,NULL),(70,379,9500.00,9497.89,'2019-10-09 10:34:46',3,98,68,NULL),(71,379,9497.89,9400.89,'2019-10-09 10:37:17',3,99,70,NULL),(72,379,9400.89,9390.89,'2019-10-09 11:36:10',3,110,71,NULL),(73,379,9390.89,9380.89,'2019-10-09 11:37:44',3,111,72,NULL),(74,379,9380.89,9370.89,'2019-10-09 13:56:20',3,116,73,NULL),(75,379,9370.89,9360.89,'2019-10-09 14:45:16',3,118,74,NULL),(76,379,9360.89,9210.89,'2019-10-09 14:48:07',3,119,75,NULL),(77,379,9210.89,9060.89,'2019-10-09 14:50:38',3,120,76,NULL),(78,402,10000.00,9500.00,'2019-10-09 14:50:38',1,120,76,NULL),(79,402,10000.00,9500.00,'2019-10-09 14:50:38',2,120,76,NULL),(80,402,10000.00,9500.00,'2019-10-09 14:50:38',3,120,76,NULL),(81,379,9060.89,8910.89,'2019-10-09 14:57:45',3,122,77,NULL),(82,402,9500.00,9495.50,'2019-10-09 14:57:45',3,122,80,NULL),(83,379,8910.89,8900.89,'2019-10-09 14:59:15',3,123,81,NULL),(84,402,9495.50,9495.20,'2019-10-09 14:59:15',3,123,82,NULL),(85,379,8900.89,8890.89,'2019-10-09 15:14:12',3,124,83,NULL),(86,402,9495.20,9494.90,'2019-10-09 15:14:12',3,124,84,NULL),(87,379,8890.89,8880.89,'2019-10-09 15:36:31',3,125,85,NULL),(88,402,9494.90,9494.60,'2019-10-09 15:36:31',3,125,86,NULL),(89,379,8880.89,8870.89,'2019-10-09 15:55:39',3,126,87,NULL),(90,402,9494.60,9494.30,'2019-10-09 15:55:39',3,126,88,NULL),(91,379,10395.00,10390.00,'2019-10-09 15:59:10',1,128,55,NULL),(92,402,9500.00,9500.00,'2019-10-09 15:59:10',1,128,78,NULL),(93,379,8870.89,8860.89,'2019-10-09 16:03:29',3,129,89,NULL),(94,402,9494.30,9494.00,'2019-10-09 16:03:29',3,129,90,NULL),(95,379,8860.89,8850.89,'2019-10-09 16:06:50',3,130,93,NULL),(96,402,9494.00,9493.70,'2019-10-09 16:06:50',3,130,94,NULL),(97,379,8850.89,8840.89,'2019-10-09 16:13:55',3,131,95,NULL),(98,402,9493.70,9493.40,'2019-10-09 16:13:55',3,131,96,NULL),(99,379,8840.89,8800.00,'2019-10-09 16:20:04',3,132,97,NULL),(100,402,9493.40,9492.17,'2019-10-09 16:20:04',3,132,98,NULL),(101,379,8800.00,8790.00,'2019-10-09 16:21:00',3,133,99,NULL),(102,402,9492.17,9491.87,'2019-10-09 16:21:00',3,133,100,NULL),(103,379,8790.00,8780.00,'2019-10-09 16:24:53',3,134,101,NULL),(104,402,9491.87,9491.57,'2019-10-09 16:24:53',3,134,102,NULL),(105,379,8780.00,8700.00,'2019-10-09 16:25:52',3,135,103,NULL),(106,402,9491.57,9489.17,'2019-10-09 16:25:52',3,135,104,NULL),(107,379,10390.00,10300.00,'2019-10-09 16:36:15',1,136,91,NULL),(108,402,9500.00,9500.00,'2019-10-09 16:36:15',1,136,92,NULL),(109,434,0.00,1000.00,'2019-10-09 15:55:39',1,126,85,NULL),(124,379,8700.00,8680.00,'2019-10-11 16:39:48',3,171,105,NULL),(125,381,0.00,19.40,'2019-10-11 16:39:48',3,171,0,NULL),(126,379,8680.00,8645.00,'2019-10-16 14:49:03',3,174,124,NULL),(127,379,8645.00,8655.00,'2019-10-16 14:49:03',3,174,126,NULL),(128,379,8655.00,8455.00,'2019-10-16 15:07:45',3,179,127,NULL),(129,378,0.00,194.00,'2019-10-16 15:07:45',3,179,0,NULL),(130,379,8455.00,8420.00,'2019-10-16 16:28:32',3,180,128,NULL),(131,379,8420.00,8430.00,'2019-10-16 16:28:32',3,180,130,NULL),(132,379,10.00,10000.00,'2019-10-16 16:28:32',2,188,131,NULL),(133,379,10000.00,9989.75,'2019-10-23 11:42:14',2,191,132,NULL),(134,379,9989.75,10000.00,'2019-10-23 11:42:16',2,191,133,'TopUp Failed. Balance Refund'),(135,379,10000.00,9998.98,'2019-10-23 11:43:16',2,192,134,NULL),(136,379,9998.98,10000.00,'2019-10-23 11:43:19',2,192,135,'TopUp Failed. Balance Refund'),(137,379,10000.00,9999.91,'2019-10-23 11:43:48',2,193,136,NULL),(138,379,9999.91,10000.00,'2019-10-23 11:43:53',2,193,137,'TopUp Failed. Balance Refund'),(139,379,10000.00,9998.98,'2019-10-23 11:45:11',2,194,138,NULL),(140,379,9998.98,10000.00,'2019-10-23 11:45:14',2,194,139,'TopUp Failed. Balance Refund'),(141,379,10000.00,9999.91,'2019-10-23 11:45:34',2,195,140,NULL),(142,379,9999.91,10000.00,'2019-10-23 11:45:39',2,195,141,'TopUp Failed. Balance Refund'),(143,379,10000.00,9999.91,'2019-10-23 11:46:02',2,196,142,NULL),(144,379,9999.91,10000.00,'2019-10-23 11:46:04',2,196,143,'TopUp Failed. Balance Refund'),(145,379,10000.00,9998.98,'2019-10-23 11:46:13',2,197,144,NULL),(146,379,9998.98,10000.00,'2019-10-23 11:46:15',2,197,145,'TopUp Failed. Balance Refund'),(147,379,10000.00,9999.91,'2019-10-23 13:48:55',2,198,146,NULL),(148,379,9999.91,10000.00,'2019-10-23 13:49:00',2,198,147,'TopUp Failed. Balance Refund'),(149,379,10000.00,9999.91,'2019-10-23 13:49:08',2,199,148,NULL),(150,379,9999.91,10000.00,'2019-10-23 13:49:12',2,199,149,'TopUp Failed. Balance Refund'),(151,379,10000.00,9999.91,'2019-10-23 14:42:20',2,200,150,NULL),(152,379,9999.91,10000.00,'2019-10-23 14:42:25',2,200,151,'TopUp Failed. Balance Refund'),(153,379,10000.00,9998.95,'2019-10-23 14:43:03',2,201,152,NULL),(154,379,9998.95,9998.86,'2019-10-23 14:45:23',2,202,153,NULL),(155,379,9998.86,9998.95,'2019-10-23 14:45:27',2,202,154,'TopUp Failed. Balance Refund'),(156,379,9998.95,9988.70,'2019-10-23 14:45:38',2,203,155,NULL),(157,379,9988.70,9988.62,'2019-10-25 10:40:50',2,204,156,NULL),(158,379,9988.62,9988.70,'2019-10-25 10:40:56',2,204,157,'TopUp Failed. Balance Refund'),(159,379,9988.70,9988.62,'2019-10-25 11:06:19',2,205,158,NULL),(160,379,9988.62,9988.70,'2019-10-25 11:06:23',2,205,159,'TopUp Failed. Balance Refund'),(161,379,9988.70,9987.49,'2019-10-25 11:06:54',2,206,160,NULL),(162,379,9987.49,9987.40,'2019-10-25 11:11:56',2,207,161,NULL),(163,379,9987.40,9987.49,'2019-10-25 11:11:59',2,207,162,'TopUp Failed. Balance Refund'),(164,379,9987.49,9987.40,'2019-10-25 11:12:15',2,208,163,NULL),(165,379,9987.40,9987.49,'2019-10-25 11:12:17',2,208,164,'TopUp Failed. Balance Refund'),(166,379,9987.49,9986.45,'2019-10-25 11:14:03',2,209,165,NULL),(167,379,9986.45,9985.41,'2019-10-25 11:16:01',2,210,166,NULL),(168,379,9985.41,9986.45,'2019-10-25 11:16:04',2,210,167,'TopUp Failed. Balance Refund'),(169,379,9986.45,9986.37,'2019-10-25 11:17:46',2,211,168,NULL),(170,379,9986.37,9986.45,'2019-10-25 11:17:50',2,211,169,'TopUp Failed. Balance Refund'),(171,379,9986.45,9985.41,'2019-10-25 11:18:05',2,213,170,NULL),(172,379,9985.41,9986.45,'2019-10-25 11:18:07',2,213,171,'TopUp Failed. Balance Refund'),(173,379,9986.45,9985.25,'2019-10-25 11:18:04',2,212,170,NULL),(174,379,9985.25,9984.20,'2019-10-25 11:20:01',2,214,173,NULL),(175,379,9984.20,9985.25,'2019-10-25 11:20:04',2,214,174,'TopUp Failed. Balance Refund'),(176,379,9985.25,9984.21,'2019-10-25 11:22:35',2,215,175,NULL),(177,379,9984.21,9983.17,'2019-10-25 11:26:24',2,216,176,NULL),(178,379,9983.17,9972.92,'2019-10-25 11:26:50',2,217,177,NULL),(179,379,9972.92,9971.89,'2019-10-25 11:36:28',2,218,178,NULL),(180,379,9971.89,9970.85,'2019-10-25 11:38:40',2,219,179,NULL),(181,379,9970.85,9969.81,'2019-10-25 11:48:46',2,220,180,NULL),(182,379,9969.81,9970.85,'2019-10-25 11:48:52',2,220,181,'TopUp Failed. Balance Refund'),(183,379,9970.85,9969.81,'2019-10-25 11:49:25',2,221,182,NULL),(184,379,9969.81,9970.85,'2019-10-25 11:49:31',2,221,183,'TopUp Failed. Balance Refund'),(185,379,9970.85,9969.81,'2019-10-25 12:01:16',2,222,184,NULL),(186,379,9969.81,9970.85,'2019-10-25 12:01:23',2,222,185,'TopUp Failed. Balance Refund'),(187,379,9970.85,9969.81,'2019-10-25 12:07:27',2,223,186,NULL),(188,379,9969.81,9959.56,'2019-10-25 13:58:27',2,224,187,NULL),(189,379,9959.56,9949.31,'2019-10-25 14:01:52',2,225,188,NULL),(190,379,9949.31,9939.06,'2019-10-25 14:04:51',2,226,189,NULL),(191,379,9939.06,9928.81,'2019-10-25 14:05:04',2,227,190,NULL),(192,379,9928.81,9918.56,'2019-10-25 14:05:42',2,228,191,NULL),(193,379,9918.56,9908.31,'2019-10-25 14:05:52',2,229,192,NULL),(194,379,9908.31,9898.06,'2019-10-25 14:08:01',2,230,193,NULL),(195,379,9898.06,9887.81,'2019-10-25 14:09:39',2,231,194,NULL),(196,379,9887.81,9877.56,'2019-10-25 14:12:14',2,232,195,NULL),(197,379,9877.56,9867.31,'2019-10-25 14:14:22',2,233,196,NULL),(198,379,9867.31,9857.06,'2019-10-25 14:15:57',2,234,197,NULL),(199,379,9857.06,9846.81,'2019-10-25 14:27:48',2,235,198,NULL),(200,379,9846.81,9845.77,'2019-10-25 14:55:48',2,236,199,NULL),(201,379,9845.77,9844.73,'2019-10-25 15:46:58',2,237,200,NULL),(202,379,9844.73,9843.69,'2019-10-25 15:49:46',2,238,201,NULL),(203,379,9843.69,9842.66,'2019-10-25 15:59:04',2,239,202,NULL),(204,379,9842.66,9841.62,'2019-10-25 16:05:31',2,240,203,NULL),(205,379,9841.62,9831.38,'2019-10-25 16:05:50',2,241,204,NULL),(206,379,9831.38,9821.12,'2019-10-25 16:14:27',2,242,205,NULL),(207,379,9821.12,9810.87,'2019-10-25 16:16:40',2,243,206,NULL),(208,379,9810.87,9809.83,'2019-10-25 16:18:44',2,244,207,NULL),(209,379,9809.83,9799.58,'2019-10-25 16:20:19',2,245,208,NULL),(210,379,9799.58,9789.33,'2019-10-25 16:22:07',2,246,209,NULL),(211,379,9789.33,9779.08,'2019-10-25 16:22:56',2,247,210,NULL),(212,379,9779.08,9768.83,'2019-10-25 16:37:05',2,248,211,NULL),(213,379,9768.83,9758.58,'2019-10-25 16:40:22',2,249,212,NULL),(214,379,9758.58,9738.08,'2019-10-25 16:41:37',2,250,213,NULL),(215,379,9738.08,9727.83,'2019-10-28 11:16:06',2,251,214,NULL),(216,379,9727.83,9717.58,'2019-10-28 11:16:48',2,252,215,NULL),(217,379,9717.58,9711.67,'2019-10-28 11:37:06',2,253,216,NULL),(218,379,9711.67,9705.76,'2019-10-28 13:24:57',2,254,217,NULL),(219,379,9705.76,9693.94,'2019-10-28 15:59:18',2,255,218,NULL),(220,379,9693.94,9683.69,'2019-10-28 16:00:44',2,256,219,NULL),(221,379,9683.69,9677.78,'2019-10-29 11:39:05',2,257,220,NULL),(222,379,9677.78,9667.53,'2019-10-29 13:08:54',2,258,221,NULL),(223,379,9667.53,9661.62,'2019-10-29 13:09:27',2,259,222,NULL),(224,379,9661.62,9610.37,'2019-10-29 14:51:15',2,260,223,NULL),(225,379,9610.37,9604.46,'2019-10-29 15:54:23',2,261,224,NULL),(226,379,9604.46,9598.55,'2019-10-29 15:55:53',2,263,225,NULL),(227,379,9598.55,9592.63,'2019-10-29 16:01:18',2,264,226,NULL),(228,379,8430.00,8410.00,'2019-10-30 15:19:59',3,266,131,NULL),(229,380,0.00,19.40,'2019-10-30 15:19:59',3,266,0,NULL),(230,379,8410.00,8390.00,'2019-10-30 15:27:00',3,267,228,NULL),(231,380,19.40,38.80,'2019-10-30 15:27:00',3,267,229,NULL),(234,379,8390.00,8370.00,'2019-10-30 15:35:02',3,269,230,NULL),(235,380,38.80,58.20,'2019-10-30 15:35:02',3,269,231,NULL),(236,379,8370.00,8350.00,'2019-10-30 15:35:38',3,270,234,NULL),(237,380,58.20,77.60,'2019-10-30 15:35:40',3,270,235,NULL),(238,379,8350.00,8330.00,'2019-10-30 15:44:17',3,271,236,NULL),(239,380,77.60,97.00,'2019-10-30 15:44:17',3,271,237,NULL),(242,379,8330.00,8310.00,'2019-10-30 15:48:46',3,273,238,NULL),(243,380,97.00,116.40,'2019-10-30 15:48:46',3,273,239,NULL),(246,379,8310.00,8290.00,'2019-10-30 16:05:05',3,275,242,NULL),(247,380,116.40,135.80,'2019-10-30 16:05:05',3,275,243,NULL),(248,379,9592.63,9591.59,'2019-10-31 12:36:55',2,280,227,NULL),(249,379,9591.59,9592.63,'2019-10-31 12:36:57',2,280,248,'TopUp Failed. Balance Refund'),(250,379,9592.63,9591.59,'2019-10-31 12:38:27',2,281,249,NULL),(251,379,9591.59,9590.56,'2019-10-31 12:53:40',2,282,250,NULL),(252,379,9590.56,9589.52,'2019-10-31 13:03:56',2,283,251,NULL),(253,379,9589.52,9588.48,'2019-10-31 13:07:39',2,284,252,NULL),(256,379,9588.48,9587.44,'2019-10-31 13:15:42',2,287,253,NULL),(257,379,9587.44,9586.41,'2019-10-31 13:20:30',2,288,256,NULL),(258,379,8290.00,8270.00,'2019-10-31 15:27:54',3,289,246,NULL),(259,300,0.00,19.40,'2019-10-31 15:27:54',3,289,0,NULL),(260,379,8270.00,8250.00,'2019-10-31 15:30:56',3,290,258,NULL),(261,300,19.40,38.80,'2019-10-31 15:30:56',3,290,259,NULL),(264,379,8250.00,8230.00,'2019-10-31 15:40:30',3,292,260,NULL),(265,435,0.00,19.40,'2019-10-31 15:40:30',3,292,0,NULL),(268,379,8230.00,8210.00,'2019-10-31 15:43:32',3,294,264,NULL),(269,435,19.40,38.80,'2019-10-31 15:43:32',3,294,265,NULL),(270,379,8210.00,8190.00,'2019-10-31 15:43:46',3,295,268,NULL),(271,435,38.80,58.20,'2019-10-31 15:43:46',3,295,269,NULL),(272,379,8190.00,8170.00,'2019-10-31 15:48:28',3,296,270,NULL),(273,435,58.20,77.60,'2019-10-31 15:48:28',3,296,271,NULL),(274,379,8170.00,8150.00,'2019-10-31 16:17:41',3,297,272,NULL),(275,435,77.60,97.00,'2019-10-31 16:17:41',3,297,273,NULL),(276,379,8150.00,8130.00,'2019-10-31 16:24:39',3,298,274,NULL),(277,435,97.00,116.40,'2019-10-31 16:24:39',3,298,275,NULL),(278,379,8130.00,8110.00,'2019-10-31 16:28:04',3,299,276,NULL),(279,435,116.40,135.80,'2019-10-31 16:28:11',3,299,277,NULL),(282,379,10300.00,10289.80,'2019-10-31 17:06:11',1,301,107,NULL),(283,435,0.00,10.00,'2019-10-31 17:06:11',1,301,0,NULL),(284,379,10289.80,10279.60,'2019-10-31 17:07:33',1,302,282,NULL),(285,435,10.00,20.00,'2019-10-31 17:07:33',1,302,283,NULL),(286,379,10279.60,10269.40,'2019-10-31 17:24:34',1,303,284,NULL),(287,435,20.00,30.00,'2019-10-31 17:24:34',1,303,285,NULL),(288,379,10269.40,10268.29,'2019-11-01 09:05:53',1,304,286,NULL),(289,379,9586.41,9586.97,'2019-11-01 09:05:53',2,304,257,NULL),(290,379,10268.29,10257.18,'2019-11-01 09:10:37',1,305,288,NULL),(291,379,9586.97,9592.52,'2019-11-01 09:10:37',2,305,289,NULL),(292,379,10257.18,10255.18,'2019-11-01 09:21:56',1,306,290,NULL),(293,379,9592.52,9593.52,'2019-11-01 09:21:56',2,306,291,NULL),(294,379,10255.18,10253.18,'2019-11-01 09:34:59',1,307,292,NULL),(295,379,9593.52,9594.52,'2019-11-01 09:34:59',2,307,293,NULL),(296,379,9594.52,9593.48,'2019-11-01 09:35:22',2,308,295,NULL),(297,379,10253.18,10243.18,'2019-11-01 09:38:40',1,309,294,NULL),(298,379,9593.48,9598.48,'2019-11-01 09:38:40',2,309,296,NULL),(299,379,9598.48,9597.44,'2019-11-01 09:39:39',2,310,298,NULL),(300,379,10243.18,10241.18,'2019-11-01 09:40:17',1,311,297,NULL),(301,379,9597.44,9598.44,'2019-11-01 09:40:17',2,311,299,NULL),(302,379,10241.18,10230.98,'2019-11-01 09:59:34',1,312,300,NULL),(303,435,30.00,40.00,'2019-11-01 09:59:34',1,312,287,NULL),(304,379,9598.44,9597.41,'2019-11-01 10:06:04',2,313,301,NULL),(305,379,10230.98,10228.98,'2019-11-01 10:18:37',1,314,302,NULL),(306,379,9597.41,9598.41,'2019-11-01 10:18:37',2,314,304,NULL),(307,379,10228.98,10226.98,'2019-11-01 10:27:30',1,315,305,NULL),(308,379,9598.41,9599.41,'2019-11-01 10:27:30',2,315,306,NULL),(309,379,10226.98,10224.98,'2019-11-01 10:37:43',1,316,307,NULL),(310,379,9599.41,9600.41,'2019-11-01 10:37:43',2,316,308,NULL),(311,379,10224.98,10222.98,'2019-11-01 10:41:57',1,317,309,NULL),(312,379,9600.41,9601.41,'2019-11-01 10:41:57',2,317,310,NULL),(313,379,10222.98,10212.98,'2019-11-01 10:45:20',1,318,311,NULL),(314,379,9601.41,9606.41,'2019-11-01 10:45:20',2,318,312,NULL),(315,379,10212.98,10202.98,'2019-11-01 10:46:23',1,319,313,NULL),(316,379,9606.41,9611.41,'2019-11-01 10:46:23',2,319,314,NULL),(317,379,10202.98,10192.98,'2019-11-01 10:51:17',1,320,315,NULL),(318,379,9611.41,9616.41,'2019-11-01 10:51:17',2,320,316,NULL),(319,379,10192.98,10182.98,'2019-11-01 10:56:08',1,321,317,NULL),(320,379,9616.41,9621.41,'2019-11-01 10:56:08',2,321,318,NULL),(321,379,10182.98,10180.98,'2019-11-01 10:58:00',1,322,319,NULL),(322,379,9621.41,9622.41,'2019-11-01 10:58:00',2,322,320,NULL),(323,379,10180.98,10178.98,'2019-11-01 10:58:51',1,323,321,NULL),(324,379,9622.41,9623.41,'2019-11-01 10:58:51',2,323,322,NULL),(325,379,10178.98,10168.98,'2019-11-01 10:59:07',1,324,323,NULL),(326,379,9623.41,9628.41,'2019-11-01 10:59:07',2,324,324,NULL),(327,379,10168.98,10158.98,'2019-11-01 10:59:11',1,325,325,NULL),(328,379,9628.41,9633.41,'2019-11-01 10:59:11',2,325,326,NULL),(329,379,10158.98,10148.98,'2019-11-01 10:59:12',1,326,327,NULL),(330,379,9633.41,9638.41,'2019-11-01 10:59:12',2,326,328,NULL),(331,379,10148.98,10146.98,'2019-11-01 11:03:03',1,327,329,NULL),(332,379,9638.41,9639.41,'2019-11-01 11:03:03',2,327,330,NULL),(333,379,10146.98,10136.98,'2019-11-01 11:07:34',1,328,331,NULL),(334,379,9639.41,9644.41,'2019-11-01 11:07:34',2,328,332,NULL),(335,379,10136.98,10126.98,'2019-11-01 11:09:56',1,329,333,NULL),(336,379,9644.41,9649.41,'2019-11-01 11:09:56',2,329,334,NULL),(337,379,10126.98,10124.98,'2019-11-01 11:12:16',1,330,335,NULL),(338,379,9649.41,9650.41,'2019-11-01 11:12:17',2,330,336,NULL),(339,379,10124.98,10114.98,'2019-11-01 11:16:42',1,331,337,NULL),(340,379,9650.41,9655.41,'2019-11-01 11:16:42',2,331,338,NULL),(341,379,10114.98,10000.98,'2019-11-01 11:19:29',1,332,339,NULL),(342,379,9655.41,9712.41,'2019-11-01 11:19:29',2,332,340,NULL),(343,379,10000.98,9990.98,'2019-11-01 11:23:28',1,333,341,NULL),(344,379,9712.41,9717.41,'2019-11-01 11:23:28',2,333,342,NULL),(345,379,9990.98,9980.98,'2019-11-01 11:52:32',1,334,343,NULL),(346,379,9717.41,9722.41,'2019-11-01 11:52:32',2,334,344,NULL),(347,379,9980.98,9970.98,'2019-11-01 11:52:33',1,335,345,NULL),(348,379,9722.41,9727.41,'2019-11-01 11:52:33',2,335,346,NULL),(349,379,9970.98,9960.98,'2019-11-01 11:53:03',1,336,347,NULL),(350,379,9727.41,9732.41,'2019-11-01 11:53:03',2,336,348,NULL),(351,379,9960.98,9950.98,'2019-11-01 11:53:05',1,337,349,NULL),(352,379,9732.41,9737.41,'2019-11-01 11:53:05',2,337,350,NULL),(353,379,9950.98,9948.98,'2019-11-01 13:44:58',1,338,351,NULL),(354,379,9737.41,9738.41,'2019-11-01 13:44:58',2,338,352,NULL),(357,379,9948.98,9946.98,'2019-11-01 13:59:14',1,340,353,NULL),(358,379,9738.41,9739.41,'2019-11-01 13:59:14',2,340,354,NULL),(359,379,9946.98,9944.98,'2019-11-01 14:36:06',1,341,357,NULL),(360,379,9739.41,9740.41,'2019-11-01 14:36:06',2,341,358,NULL),(361,379,9944.98,9942.98,'2019-11-01 14:39:35',1,342,359,NULL),(362,379,9740.41,9741.41,'2019-11-01 14:39:35',2,342,360,NULL),(363,379,9942.98,9940.98,'2019-11-01 14:43:06',1,343,361,NULL),(364,379,9741.41,9742.41,'2019-11-01 14:43:06',2,343,362,NULL),(365,379,9940.98,9930.78,'2019-11-01 14:47:17',1,345,363,NULL),(366,435,40.00,50.00,'2019-11-01 14:47:17',1,345,303,NULL),(367,379,9930.78,9928.78,'2019-11-01 14:55:53',1,346,365,NULL),(368,379,9742.41,9743.41,'2019-11-01 14:55:53',2,346,364,NULL),(369,379,9928.78,9926.78,'2019-11-01 15:08:26',1,347,367,NULL),(370,379,9743.41,9744.41,'2019-11-01 15:08:26',2,347,368,NULL),(371,379,9926.78,9924.78,'2019-11-01 16:29:12',1,348,369,NULL),(372,379,9744.41,9745.41,'2019-11-01 16:29:12',2,348,370,NULL),(373,379,9924.78,9922.78,'2019-11-01 16:31:17',1,349,371,NULL),(374,379,9745.41,9746.41,'2019-11-01 16:31:17',2,349,372,NULL),(375,379,9922.78,9920.78,'2019-11-01 16:34:07',1,350,373,NULL),(376,379,9746.41,9747.41,'2019-11-01 16:34:07',2,350,374,NULL),(381,379,9920.78,9918.78,'2019-11-01 16:49:04',1,353,375,NULL),(382,379,9747.41,9748.41,'2019-11-01 16:49:04',2,353,376,NULL),(383,379,9918.78,9916.78,'2019-11-01 16:52:00',1,354,381,NULL),(384,379,9748.41,9749.41,'2019-11-01 16:52:00',2,354,382,NULL),(385,379,9916.78,9914.78,'2019-11-01 16:53:40',1,355,383,NULL),(386,379,9749.41,9750.41,'2019-11-01 16:53:41',2,355,384,NULL),(387,379,9914.78,9912.78,'2019-11-01 16:58:34',1,356,385,NULL),(388,379,9750.41,9751.41,'2019-11-01 16:58:34',2,356,386,NULL),(389,379,9912.78,9910.78,'2019-11-04 09:14:47',1,357,387,NULL),(390,379,9751.41,9752.41,'2019-11-04 09:14:47',2,357,388,NULL),(391,379,9910.78,9908.78,'2019-11-04 09:25:27',1,358,389,NULL),(392,379,9752.41,9753.41,'2019-11-04 09:25:27',2,358,390,NULL),(393,379,8110.00,8090.00,'2019-11-04 11:02:57',3,359,278,NULL),(394,435,135.80,155.20,'2019-11-04 11:02:57',3,359,279,NULL),(397,379,8090.00,8070.00,'2019-11-04 11:15:04',3,361,393,NULL),(398,435,155.20,174.60,'2019-11-04 11:15:04',3,361,394,NULL),(399,379,9908.78,9906.78,'2019-11-04 11:15:41',1,362,391,NULL),(400,379,9753.41,9754.41,'2019-11-04 11:15:41',2,362,392,NULL),(401,379,9906.78,9886.78,'2019-11-04 11:21:51',1,364,399,NULL),(402,435,50.00,70.00,'2019-11-04 11:21:51',1,364,366,NULL),(407,379,9886.78,9884.78,'2019-11-04 11:32:07',1,367,401,NULL),(408,379,9754.41,9755.41,'2019-11-04 11:32:08',2,367,400,NULL),(409,379,9884.78,9882.78,'2019-11-04 11:33:09',1,368,407,NULL),(410,379,9755.41,9756.41,'2019-11-04 11:33:09',2,368,408,NULL),(411,379,9882.78,9880.78,'2019-11-04 11:36:28',1,369,409,NULL),(412,379,9756.41,9757.41,'2019-11-04 11:36:28',2,369,410,NULL),(415,435,70.00,68.00,'2019-11-04 11:56:29',1,375,402,NULL),(416,435,0.00,1.00,'2019-11-04 11:56:30',2,375,0,NULL),(417,379,9880.78,9870.58,'2019-11-04 12:01:41',1,377,411,NULL),(418,435,68.00,78.00,'2019-11-04 12:01:41',1,377,415,NULL),(419,379,9870.58,9860.38,'2019-11-11 09:00:41',1,379,417,NULL),(420,410,0.00,10.00,'2019-11-11 09:00:41',1,379,0,NULL),(421,379,9860.38,9850.18,'2019-11-11 09:23:14',1,380,419,NULL),(422,410,10.00,20.00,'2019-11-11 09:23:14',1,380,420,NULL),(423,379,9850.18,9839.98,'2019-11-11 09:25:11',1,381,421,NULL),(424,410,20.00,30.00,'2019-11-11 09:25:11',1,381,422,NULL),(425,379,9839.98,9829.98,'2019-11-11 09:35:54',1,382,423,NULL),(426,410,30.00,40.00,'2019-11-11 09:35:54',1,382,424,NULL),(427,379,9829.98,9828.98,'2019-11-11 09:47:47',1,383,425,NULL),(428,410,40.00,41.00,'2019-11-11 09:47:47',1,383,426,NULL),(429,379,9828.98,9818.78,'2019-11-11 09:58:36',1,384,427,NULL),(430,410,41.00,51.00,'2019-11-11 09:58:36',1,384,428,NULL),(431,379,9757.41,9752.89,'2019-11-11 10:04:59',2,385,412,NULL),(432,379,9818.78,9808.78,'2019-11-11 10:44:40',1,386,429,NULL),(433,379,9752.89,9757.89,'2019-11-11 10:44:40',2,386,431,NULL),(434,379,9808.78,9798.78,'2019-11-11 14:32:08',1,387,432,NULL),(435,410,51.00,61.00,'2019-11-11 14:32:08',1,387,430,NULL),(436,379,9798.78,9787.45,'2019-11-11 14:40:28',1,388,434,NULL),(437,410,61.00,72.11,'2019-11-11 14:40:28',1,388,435,NULL),(438,379,9787.45,9777.45,'2019-11-11 15:06:25',1,389,436,NULL),(439,410,72.11,82.11,'2019-11-11 15:06:25',1,389,437,NULL),(440,379,9777.45,9776.45,'2019-11-11 15:15:11',1,390,438,NULL),(441,410,82.11,83.11,'2019-11-11 15:15:11',1,390,439,NULL),(442,379,9776.45,9775.43,'2019-11-11 15:16:08',1,391,440,NULL),(443,410,83.11,84.11,'2019-11-11 15:16:08',1,391,441,NULL),(444,379,9775.43,9765.43,'2019-11-12 13:27:57',1,399,442,NULL),(445,379,9757.89,9762.76,'2019-11-12 13:27:57',2,399,433,NULL),(446,379,9765.43,9755.43,'2019-11-12 13:27:58',1,400,444,NULL),(447,379,9762.76,9767.64,'2019-11-12 13:27:58',2,400,445,NULL),(448,379,9755.43,9745.43,'2019-11-12 13:31:23',1,401,446,NULL),(449,379,9767.64,9772.51,'2019-11-12 13:31:23',2,401,447,NULL),(450,379,9745.43,9642.93,'2019-11-12 13:35:24',1,402,448,NULL),(451,379,9772.51,9822.51,'2019-11-12 13:35:24',2,402,449,NULL),(452,379,9642.93,9640.88,'2019-11-12 16:39:08',1,405,450,NULL),(453,379,9822.51,9823.51,'2019-11-12 16:39:08',2,405,451,NULL),(454,379,9823.51,9763.51,'2019-11-13 09:28:37',2,406,453,NULL),(455,435,78.00,75.95,'2019-11-13 10:48:18',1,407,418,NULL),(456,435,1.00,2.00,'2019-11-13 10:48:18',2,407,416,NULL),(457,379,9640.88,9638.83,'2019-11-13 17:49:52',1,411,452,NULL),(458,379,9763.51,9764.51,'2019-11-13 17:49:52',2,411,454,NULL),(459,435,75.95,73.90,'2019-11-13 17:50:21',1,412,455,NULL),(460,435,2.00,3.00,'2019-11-13 17:50:21',2,412,456,NULL),(477,435,73.90,71.85,'2019-11-15 12:10:08',1,421,459,NULL),(478,435,3.00,4.00,'2019-11-15 12:10:08',2,421,460,NULL),(479,435,71.85,69.80,'2019-11-15 12:10:34',1,422,477,NULL),(480,435,4.00,5.00,'2019-11-15 12:10:34',2,422,478,NULL),(481,435,69.80,67.75,'2019-11-15 12:10:42',1,423,479,NULL),(482,435,5.00,6.00,'2019-11-15 12:10:42',2,423,480,NULL),(483,435,67.75,65.70,'2019-11-15 12:25:18',1,424,481,NULL),(484,435,6.00,7.00,'2019-11-15 12:25:18',2,424,482,NULL),(485,435,65.70,63.65,'2019-11-15 12:27:49',1,425,483,NULL),(486,435,7.00,8.00,'2019-11-15 12:27:49',2,425,484,NULL),(487,435,63.65,61.60,'2019-11-15 12:28:02',1,426,485,NULL),(488,435,8.00,9.00,'2019-11-15 12:28:02',2,426,486,NULL),(489,379,9638.83,9636.78,'2019-11-19 10:29:46',1,428,457,NULL),(490,379,9764.51,9765.51,'2019-11-19 10:29:46',2,428,458,NULL),(491,379,9765.51,9764.48,'2019-11-20 16:50:43',2,429,490,NULL),(492,379,9636.78,9634.73,'2019-11-20 16:57:53',1,430,489,NULL),(493,379,9764.48,9765.48,'2019-11-20 16:57:53',2,430,491,NULL),(494,379,9634.73,9624.53,'2019-11-20 17:12:22',1,431,492,NULL),(495,435,61.60,71.60,'2019-11-20 17:12:22',1,431,487,NULL),(496,379,8070.00,8050.00,'2019-11-20 17:44:17',3,432,397,NULL),(497,380,135.80,155.20,'2019-11-20 17:44:17',3,432,247,NULL),(498,379,9624.53,9614.33,'2019-11-20 17:44:56',1,433,494,NULL),(499,435,71.60,81.60,'2019-11-20 17:44:56',1,433,495,NULL),(500,379,9614.33,9612.28,'2019-11-20 17:45:21',1,434,498,NULL),(501,379,9765.48,9766.48,'2019-11-20 17:45:21',2,434,493,NULL),(502,379,9612.28,9610.23,'2019-11-20 17:46:55',1,437,500,NULL),(503,379,9766.48,9767.48,'2019-11-20 17:46:55',2,437,501,NULL),(504,379,9767.48,9766.44,'2019-11-20 17:48:25',2,438,503,NULL),(505,379,8050.00,8030.00,'2019-11-20 17:48:52',3,439,496,NULL),(506,380,155.20,174.60,'2019-11-20 17:48:52',3,439,497,NULL),(507,379,8030.00,8010.00,'2019-11-20 17:52:24',3,440,505,NULL),(508,380,174.60,194.00,'2019-11-20 17:52:24',3,440,506,NULL),(509,379,8010.00,7990.00,'2019-11-20 18:14:13',3,441,507,NULL),(510,380,194.00,213.40,'2019-11-20 18:14:14',3,441,508,NULL),(511,379,7990.00,7970.00,'2019-11-20 18:18:11',3,442,509,NULL),(512,380,213.40,232.80,'2019-11-20 18:18:11',3,442,510,NULL),(513,379,9610.23,9600.03,'2019-11-22 09:34:25',1,444,502,NULL),(514,435,81.60,91.60,'2019-11-22 09:34:25',1,444,499,NULL),(515,379,7970.00,7950.00,'2019-11-22 09:45:58',3,445,511,NULL),(516,380,232.80,252.20,'2019-11-22 09:45:58',3,445,512,NULL),(517,379,9600.03,9598.80,'2019-11-22 09:50:26',1,446,513,NULL),(518,435,91.60,92.83,'2019-11-22 09:50:26',1,446,514,NULL),(519,379,9598.80,9598.67,'2019-11-22 09:53:29',1,447,517,NULL),(520,435,92.83,92.96,'2019-11-22 09:53:29',1,447,518,NULL),(521,379,9598.67,9586.33,'2019-11-22 09:59:32',1,448,519,NULL),(522,435,92.96,105.30,'2019-11-22 09:59:32',1,448,520,NULL),(523,379,9586.33,9585.09,'2019-11-22 10:04:29',1,449,521,NULL),(524,435,105.30,106.54,'2019-11-22 10:04:29',1,449,522,NULL),(525,379,9585.09,9572.75,'2019-11-22 10:11:52',1,450,523,NULL),(526,435,106.54,118.88,'2019-11-22 10:11:52',1,450,524,NULL),(527,379,9572.75,9571.60,'2019-11-22 10:23:13',1,453,525,NULL),(528,379,9766.44,9767.00,'2019-11-22 10:23:13',2,453,504,NULL),(529,379,9571.60,9570.45,'2019-11-22 10:23:15',1,454,527,NULL),(530,379,9767.00,9767.56,'2019-11-22 10:23:15',2,454,528,NULL),(531,379,9570.45,9561.40,'2019-11-22 10:31:42',1,455,529,NULL),(532,435,118.88,127.76,'2019-11-22 10:31:42',1,455,526,NULL),(533,379,9767.56,9763.97,'2019-11-22 10:39:55',2,456,530,NULL),(534,379,9561.40,9560.14,'2019-11-22 14:51:46',1,457,531,NULL),(535,379,9763.97,9764.58,'2019-11-22 14:51:46',2,457,533,NULL),(536,379,9560.14,9558.88,'2019-11-22 14:52:30',1,458,534,NULL),(537,379,9764.58,9765.20,'2019-11-22 14:52:30',2,458,535,NULL),(538,379,9558.88,9557.61,'2019-11-22 14:54:03',1,459,536,NULL),(539,379,9765.20,9765.82,'2019-11-22 14:54:03',2,459,537,NULL),(540,379,9557.61,9556.35,'2019-11-22 14:55:09',1,460,538,NULL),(541,379,9765.82,9766.44,'2019-11-22 14:55:09',2,460,539,NULL),(542,379,9556.35,9543.70,'2019-11-22 14:55:26',1,461,540,NULL),(543,379,9766.44,9772.60,'2019-11-22 14:55:26',2,461,541,NULL),(544,379,9543.70,9531.05,'2019-11-22 14:55:29',1,462,542,NULL),(545,379,9772.60,9778.77,'2019-11-22 14:55:29',2,462,543,NULL),(546,379,9531.05,9529.79,'2019-11-22 14:56:02',1,463,544,NULL),(547,379,9778.77,9779.39,'2019-11-22 14:56:02',2,463,545,NULL),(548,379,9529.79,9528.52,'2019-11-22 14:59:00',1,464,546,NULL),(549,379,9779.39,9780.01,'2019-11-22 14:59:00',2,464,547,NULL),(550,379,9528.52,9527.25,'2019-11-22 14:59:02',1,465,548,NULL),(551,379,9780.01,9780.63,'2019-11-22 14:59:02',2,465,549,NULL),(552,379,9527.25,9514.60,'2019-11-22 15:03:36',1,466,550,NULL),(553,379,9780.63,9786.80,'2019-11-22 15:03:36',2,466,551,NULL),(554,379,9514.60,9501.95,'2019-11-22 15:03:40',1,467,552,NULL),(555,379,9786.80,9792.97,'2019-11-22 15:03:40',2,467,553,NULL),(556,379,9501.95,9500.69,'2019-11-22 15:13:48',1,468,554,NULL),(557,379,9792.97,9793.59,'2019-11-22 15:13:48',2,468,555,NULL),(558,379,9500.69,9500.57,'2019-11-22 15:14:06',1,469,556,NULL),(559,379,9793.59,9793.65,'2019-11-22 15:14:06',2,469,557,NULL),(560,379,9500.57,9499.27,'2019-11-22 15:15:24',1,470,558,NULL),(561,379,9793.65,9794.27,'2019-11-22 15:15:24',2,470,559,NULL),(562,379,9499.27,9497.98,'2019-11-22 15:15:26',1,471,560,NULL),(563,379,9794.27,9794.91,'2019-11-22 15:15:26',2,471,561,NULL),(564,379,9497.98,9496.69,'2019-11-22 15:15:29',1,472,562,NULL),(565,379,9794.91,9795.53,'2019-11-22 15:15:29',2,472,563,NULL),(566,379,9496.69,9495.42,'2019-11-22 15:20:50',1,473,564,NULL),(567,379,9795.53,9796.16,'2019-11-22 15:20:50',2,473,565,NULL),(568,379,9495.42,9494.15,'2019-11-22 15:20:54',1,474,566,NULL),(569,379,9796.16,9796.77,'2019-11-22 15:20:54',2,474,567,NULL),(570,379,9494.15,9492.89,'2019-11-22 15:23:00',1,475,568,NULL),(571,379,9796.77,9797.39,'2019-11-22 15:23:00',2,475,569,NULL),(572,379,9492.89,9491.63,'2019-11-22 15:23:41',1,476,570,NULL),(573,379,9797.39,9798.01,'2019-11-22 15:23:41',2,476,571,NULL),(574,379,9491.63,9490.37,'2019-11-22 15:23:45',1,477,572,NULL),(575,379,9798.01,9798.62,'2019-11-22 15:23:45',2,477,573,NULL),(576,379,9490.37,9489.11,'2019-11-22 15:23:47',1,478,574,NULL),(577,379,9798.62,9799.24,'2019-11-22 15:23:47',2,478,575,NULL),(578,379,9489.11,9476.46,'2019-11-22 15:31:17',1,479,576,NULL),(579,379,9799.24,9805.41,'2019-11-22 15:31:17',2,479,577,NULL),(580,379,9476.46,9463.81,'2019-11-22 15:43:40',1,480,578,NULL),(581,379,9805.41,9811.58,'2019-11-22 15:43:40',2,480,579,NULL),(582,379,9463.81,9451.16,'2019-11-22 15:46:55',1,481,580,NULL),(583,379,9811.58,9817.75,'2019-11-22 15:46:55',2,481,581,NULL),(584,379,9451.16,9449.89,'2019-11-22 15:47:22',1,482,582,NULL),(585,379,9817.75,9818.37,'2019-11-22 15:47:22',2,482,583,NULL),(586,379,9449.89,9448.63,'2019-11-22 15:47:47',1,483,584,NULL),(587,379,9818.37,9818.98,'2019-11-22 15:47:47',2,483,585,NULL),(588,379,9448.63,9447.37,'2019-11-22 15:54:15',1,484,586,NULL),(589,379,9818.98,9819.60,'2019-11-22 15:54:15',2,484,587,NULL),(590,379,9447.37,9446.11,'2019-11-22 15:54:17',1,485,588,NULL),(591,379,9819.60,9820.21,'2019-11-22 15:54:17',2,485,589,NULL),(592,379,9446.11,9433.46,'2019-11-22 15:54:39',1,486,590,NULL),(593,379,9820.21,9826.38,'2019-11-22 15:54:39',2,486,591,NULL),(594,379,9433.46,9420.81,'2019-11-22 15:54:41',1,487,592,NULL),(595,379,9826.38,9832.55,'2019-11-22 15:54:41',2,487,593,NULL),(596,379,9420.81,9420.69,'2019-11-22 15:58:19',1,488,594,NULL),(597,379,9832.55,9832.61,'2019-11-22 15:58:19',2,488,595,NULL),(598,379,9420.69,9420.56,'2019-11-22 15:58:22',1,489,596,NULL),(599,379,9832.61,9832.67,'2019-11-22 15:58:22',2,489,597,NULL),(600,379,9420.56,9420.44,'2019-11-22 15:58:25',1,490,598,NULL),(601,379,9832.67,9832.73,'2019-11-22 15:58:25',2,490,599,NULL),(602,379,9420.44,9420.32,'2019-11-22 15:58:27',1,491,600,NULL),(603,379,9832.73,9832.79,'2019-11-22 15:58:27',2,491,601,NULL),(604,379,9420.32,9419.06,'2019-11-22 16:02:02',1,492,602,NULL),(605,379,9832.79,9833.41,'2019-11-22 16:02:02',2,492,603,NULL),(606,379,9419.06,9417.80,'2019-11-22 16:07:23',1,493,604,NULL),(607,379,9833.41,9834.02,'2019-11-22 16:07:23',2,493,605,NULL),(608,379,9417.80,9417.67,'2019-11-22 16:09:13',1,494,606,NULL),(609,379,9834.02,9834.08,'2019-11-22 16:09:13',2,494,607,NULL),(610,379,9417.67,9405.02,'2019-11-22 16:11:52',1,495,608,NULL),(611,379,9834.08,9840.25,'2019-11-22 16:11:52',2,495,609,NULL),(612,379,9405.02,9403.76,'2019-11-22 16:14:12',1,496,610,NULL),(613,379,9840.25,9840.86,'2019-11-22 16:14:12',2,496,611,NULL),(614,379,9403.76,9402.50,'2019-11-22 16:14:15',1,497,612,NULL),(615,379,9840.86,9841.48,'2019-11-22 16:14:15',2,497,613,NULL),(616,379,9402.50,9401.24,'2019-11-22 16:17:01',1,498,614,NULL),(617,379,9841.48,9842.10,'2019-11-22 16:17:01',2,498,615,NULL),(618,379,9401.24,9399.98,'2019-11-22 16:20:38',1,499,616,NULL),(619,379,9842.10,9842.71,'2019-11-22 16:20:38',2,499,617,NULL),(620,379,9399.98,9398.72,'2019-11-22 16:20:41',1,500,618,NULL),(621,379,9842.71,9843.33,'2019-11-22 16:20:41',2,500,619,NULL),(622,379,9398.72,9397.46,'2019-11-22 16:20:43',1,501,620,NULL),(623,379,9843.33,9843.94,'2019-11-22 16:20:43',2,501,621,NULL),(624,379,9397.46,9396.20,'2019-11-22 16:20:46',1,502,622,NULL),(625,379,9843.94,9844.56,'2019-11-22 16:20:46',2,502,623,NULL),(626,379,9396.20,9394.94,'2019-11-22 16:20:48',1,503,624,NULL),(627,379,9844.56,9845.17,'2019-11-22 16:20:48',2,503,625,NULL),(628,379,9394.94,9393.68,'2019-11-22 16:20:52',1,504,626,NULL),(629,379,9845.17,9845.79,'2019-11-22 16:20:52',2,504,627,NULL),(630,379,9393.68,9392.42,'2019-11-22 16:20:54',1,505,628,NULL),(631,379,9845.79,9846.40,'2019-11-22 16:20:54',2,505,629,NULL),(632,379,9392.42,9379.77,'2019-11-22 16:21:28',1,506,630,NULL),(633,379,9846.40,9852.57,'2019-11-22 16:21:29',2,506,631,NULL),(634,379,9379.77,9367.12,'2019-11-22 16:21:31',1,507,632,NULL),(635,379,9852.57,9858.74,'2019-11-22 16:21:31',2,507,633,NULL),(636,379,9367.12,9354.47,'2019-11-22 16:21:33',1,508,634,NULL),(637,379,9858.74,9864.91,'2019-11-22 16:21:33',2,508,635,NULL),(638,379,9354.47,9341.82,'2019-11-22 16:21:36',1,509,636,NULL),(639,379,9864.91,9871.08,'2019-11-22 16:21:36',2,509,637,NULL),(640,379,9341.82,9329.18,'2019-11-22 16:21:38',1,510,638,NULL),(641,379,9871.08,9877.25,'2019-11-22 16:21:38',2,510,639,NULL),(642,379,9329.18,9327.92,'2019-11-22 16:23:49',1,511,640,NULL),(643,379,9877.25,9877.87,'2019-11-22 16:23:49',2,511,641,NULL),(644,379,9327.92,9326.65,'2019-11-22 16:25:25',1,512,642,NULL),(645,379,9877.87,9878.48,'2019-11-22 16:25:25',2,512,643,NULL),(646,379,9326.65,9325.39,'2019-11-22 16:28:19',1,513,644,NULL),(647,379,9878.48,9879.10,'2019-11-22 16:28:19',2,513,645,NULL),(648,379,9325.39,9324.13,'2019-11-22 16:31:09',1,514,646,NULL),(649,379,9879.10,9879.71,'2019-11-22 16:31:09',2,514,647,NULL),(650,379,9324.13,9324.01,'2019-11-22 16:31:29',1,515,648,NULL),(651,379,9879.71,9879.77,'2019-11-22 16:31:29',2,515,649,NULL),(652,379,9324.01,9322.75,'2019-11-22 16:34:54',1,516,650,NULL),(653,379,9879.77,9880.39,'2019-11-22 16:34:54',2,516,651,NULL),(654,379,9322.75,9321.38,'2019-11-22 16:36:29',1,517,652,NULL),(655,379,9880.39,9881.06,'2019-11-22 16:36:29',2,517,653,NULL),(656,379,9321.38,9308.73,'2019-11-22 16:36:53',1,518,654,NULL),(657,379,9881.06,9887.23,'2019-11-22 16:36:53',2,518,655,NULL),(658,379,9308.73,9307.46,'2019-11-22 16:37:22',1,519,656,NULL),(659,379,9887.23,9887.85,'2019-11-22 16:37:22',2,519,657,NULL),(660,379,9307.46,9294.81,'2019-11-22 16:42:32',1,520,658,NULL),(661,379,9887.85,9894.02,'2019-11-22 16:42:32',2,520,659,NULL),(662,379,9294.81,9293.55,'2019-11-22 16:44:37',1,521,660,NULL),(663,379,9894.02,9894.63,'2019-11-22 16:44:37',2,521,661,NULL),(664,379,9293.55,9292.29,'2019-11-22 16:46:16',1,522,662,NULL),(665,379,9894.63,9895.25,'2019-11-22 16:46:16',2,522,663,NULL),(666,379,9292.29,9290.24,'2019-12-04 09:42:36',1,524,664,NULL),(667,379,9895.25,9896.25,'2019-12-04 09:42:36',2,524,665,NULL),(668,379,9290.24,9288.19,'2019-12-04 09:50:06',1,525,666,NULL),(669,379,9896.25,9897.25,'2019-12-04 09:50:06',2,525,667,NULL),(670,379,9288.19,9286.14,'2019-12-04 09:53:18',1,526,668,NULL),(671,379,9897.25,9898.25,'2019-12-04 09:53:18',2,526,669,NULL),(674,379,9286.14,9284.09,'2019-12-04 10:11:20',1,528,670,NULL),(675,379,9898.25,9899.25,'2019-12-04 10:11:20',2,528,671,NULL),(676,379,7950.00,7924.00,'2020-01-17 14:18:58',3,529,515,NULL),(677,435,174.60,175.60,'2020-01-17 14:18:58',3,529,398,NULL),(678,379,7924.00,7898.88,'2020-01-17 14:55:28',3,530,676,NULL),(679,435,175.60,175.72,'2020-01-17 14:55:28',3,530,677,NULL),(680,379,7898.88,7873.33,'2020-01-17 14:57:38',3,531,678,NULL),(681,435,175.72,176.27,'2020-01-17 14:57:38',3,531,679,NULL),(682,379,7873.33,7847.78,'2020-01-17 15:02:37',3,532,680,NULL),(683,435,176.27,176.82,'2020-01-17 15:02:37',3,532,681,NULL),(684,379,7847.78,7822.73,'2020-01-17 15:11:02',3,535,682,NULL),(685,435,176.82,176.87,'2020-01-17 15:11:02',3,535,683,NULL),(686,379,7822.73,7797.68,'2020-01-17 15:12:55',3,536,684,NULL),(687,435,176.87,176.92,'2020-01-17 15:12:55',3,536,685,NULL),(688,379,7797.68,7772.13,'2020-01-17 16:49:33',3,537,686,NULL),(689,435,176.92,177.47,'2020-01-17 16:49:33',3,537,687,NULL),(690,379,7772.13,7746.58,'2020-01-17 16:58:38',3,538,688,NULL),(691,435,177.47,178.02,'2020-01-17 16:58:38',3,538,689,NULL),(692,379,9284.09,9282.09,'2020-01-17 17:03:30',1,539,674,NULL),(693,379,9899.25,9900.23,'2020-01-17 17:03:30',2,539,675,NULL),(694,379,7746.58,7735.25,'2020-01-17 17:09:11',3,540,690,NULL),(695,379,9900.23,9905.78,'2020-01-17 17:09:11',2,540,693,NULL),(696,379,7735.25,7725.25,'2020-01-18 15:13:14',3,545,694,NULL),(697,379,9905.78,9910.68,'2020-01-18 15:13:15',2,545,695,NULL),(698,379,7725.25,7625.25,'2020-01-18 16:12:23',3,547,696,NULL),(699,379,9910.68,9959.68,'2020-01-18 16:12:23',2,547,697,NULL),(700,379,7625.25,1931.90,'2020-01-18 16:16:46',3,548,698,NULL),(701,435,178.02,378.02,'2020-01-18 16:16:46',3,548,691,NULL),(702,379,9282.09,9180.09,'2020-01-18 16:18:28',1,549,692,NULL),(703,435,127.76,227.76,'2020-01-18 16:18:28',1,549,532,NULL),(704,379,9959.68,9958.15,'2020-01-18 16:21:28',2,550,699,NULL),(705,379,9958.15,9957.74,'2020-01-18 16:24:19',2,551,704,NULL),(718,379,9957.74,9956.70,'2020-01-19 16:38:15',2,560,705,NULL),(719,379,9956.70,9957.74,'2020-01-19 16:38:17',2,560,718,'TopUp Failed. Balance Refund'),(720,379,9957.74,9956.21,'2020-01-19 16:39:29',2,561,719,NULL),(721,379,9956.21,9935.71,'2020-01-19 16:40:35',2,562,720,NULL),(722,441,0.00,20.00,'2020-01-19 16:40:35',2,562,0,NULL),(723,379,9180.09,9160.09,'2020-01-19 16:41:14',1,563,702,NULL),(724,379,9935.71,9945.46,'2020-01-19 16:41:14',2,563,721,NULL),(725,379,9945.46,9943.93,'2020-01-19 16:44:28',2,564,724,NULL),(726,379,9943.93,9945.46,'2020-01-19 16:44:36',2,564,725,'TopUp Failed. Balance Refund'),(727,379,9945.46,9943.93,'2020-01-19 16:44:50',2,565,726,NULL),(728,379,9943.93,9945.46,'2020-01-19 16:44:57',2,565,727,'TopUp Failed. Balance Refund'),(729,379,9945.46,9934.18,'2020-01-19 16:46:36',2,566,728,NULL),(730,455,10000.00,10000.00,'2020-01-19 16:46:36',1,567,729,NULL),(731,455,10000.00,10000.00,'2020-01-19 16:46:36',2,568,730,NULL),(732,455,10000.00,9998.47,'2020-01-19 19:37:48',2,569,731,NULL),(733,455,9998.47,10000.00,'2020-01-19 19:37:56',2,569,732,'TopUp Failed. Balance Refund'),(734,455,10000.00,9989.55,'2020-01-19 19:38:47',2,570,733,NULL),(735,456,0.00,15000.00,'2020-01-19 19:38:47',1,571,734,NULL),(736,456,0.00,12000.00,'2020-01-19 19:38:47',2,572,735,NULL),(737,456,12000.00,11979.50,'2020-01-19 21:32:56',2,573,736,NULL),(738,455,9989.55,10009.55,'2020-01-19 21:32:56',2,573,734,NULL),(739,379,9934.18,9882.93,'2020-01-22 10:05:04',2,574,729,NULL),(740,379,9882.93,9934.18,'2020-01-22 10:05:08',2,574,739,'TopUp Failed. Balance Refund'),(741,456,11979.50,11928.25,'2020-01-22 10:11:23',2,575,737,NULL),(742,456,11928.25,11979.50,'2020-01-22 10:11:27',2,575,741,'TopUp Failed. Balance Refund'),(743,456,11979.50,11928.25,'2020-01-22 10:13:02',2,576,742,NULL),(744,456,11928.25,11979.50,'2020-01-22 10:13:06',2,576,743,'TopUp Failed. Balance Refund'),(745,456,11979.50,11918.00,'2020-01-22 10:13:37',2,577,744,NULL),(746,456,11918.00,11979.50,'2020-01-22 10:13:43',2,577,745,'TopUp Failed. Balance Refund'),(747,379,9934.18,9882.93,'2020-01-22 10:23:51',2,578,740,NULL),(748,379,9882.93,9934.18,'2020-01-22 10:23:54',2,578,747,'TopUp Failed. Balance Refund'),(749,379,9934.18,9729.18,'2020-01-22 10:26:52',2,579,748,NULL),(750,379,9729.18,9934.18,'2020-01-22 10:26:57',2,579,749,'TopUp Failed. Balance Refund'),(751,379,9934.18,9729.18,'2020-01-22 10:27:56',2,580,750,NULL),(752,379,9729.18,9934.18,'2020-01-22 10:28:00',2,580,751,'TopUp Failed. Balance Refund'),(753,379,9934.18,9729.18,'2020-01-22 10:28:08',2,581,752,NULL),(754,379,9729.18,9934.18,'2020-01-22 10:28:13',2,581,753,'TopUp Failed. Balance Refund'),(755,379,9934.18,9729.18,'2020-01-22 10:28:44',2,582,754,NULL),(756,379,9729.18,9934.18,'2020-01-22 10:28:48',2,582,755,'TopUp Failed. Balance Refund'),(757,379,9934.18,9544.68,'2020-01-22 10:33:17',2,583,756,NULL),(758,379,9544.68,9934.18,'2020-01-22 10:33:22',2,583,757,'TopUp Failed. Balance Refund'),(759,379,9934.18,9544.68,'2020-01-22 10:38:38',2,584,758,NULL),(760,379,9544.68,9934.18,'2020-01-22 10:38:43',2,584,759,'TopUp Failed. Balance Refund'),(761,379,9934.18,9882.93,'2020-01-22 10:39:15',2,585,760,NULL),(762,379,9882.93,9934.18,'2020-01-22 10:39:19',2,585,761,'TopUp Failed. Balance Refund'),(763,379,9934.18,9729.18,'2020-01-22 10:50:34',2,586,762,NULL),(764,379,9729.18,9934.18,'2020-01-22 10:50:38',2,586,763,'TopUp Failed. Balance Refund'),(765,379,9934.18,9932.13,'2020-01-22 11:39:07',2,587,764,NULL),(766,379,9932.13,9921.88,'2020-01-22 11:43:11',2,588,765,NULL),(767,379,9921.88,9911.63,'2020-01-22 13:44:51',2,589,766,NULL),(774,379,1844.90,1843.90,'2020-01-27 13:24:16',3,594,700,NULL),(775,379,1943.90,1942.90,'2020-01-27 13:30:19',3,595,774,NULL),(776,458,1943.90,1942.90,'2020-01-27 13:30:19',3,595,0,NULL),(777,379,1943.94,1943.93,'2020-01-27 14:55:55',3,598,775,NULL),(778,458,1943.94,1943.93,'2020-01-27 14:55:55',3,598,776,NULL),(779,456,1943.97,1301.91,'2020-01-27 15:09:50',3,601,0,NULL),(780,458,1943.97,1943.98,'2020-01-27 15:09:50',3,601,778,NULL),(781,456,1943.98,1943.97,'2020-01-27 15:15:22',3,602,779,NULL),(782,379,1943.98,1943.97,'2020-01-27 15:15:22',3,602,777,NULL),(783,458,1943.99,1943.98,'2020-01-27 15:18:27',3,603,780,NULL),(784,379,1943.99,1943.98,'2020-01-27 15:18:27',3,603,782,NULL),(785,458,1943.99,1943.98,'2020-01-27 15:25:22',3,604,783,NULL),(786,379,1943.99,1943.98,'2020-01-27 15:25:22',3,604,784,NULL),(787,379,1943.99,1943.98,'2020-01-27 15:30:52',3,605,786,NULL),(788,458,1943.99,1943.99,'2020-01-27 15:30:52',3,605,785,NULL),(789,458,1944.00,1943.99,'2020-01-27 15:50:36',3,606,788,NULL),(790,379,1944.00,1943.99,'2020-01-27 15:50:36',3,606,787,NULL),(791,458,1944.00,1943.99,'2020-01-27 16:17:21',3,607,789,NULL),(792,379,1944.00,1943.99,'2020-01-27 16:17:21',3,607,790,NULL),(793,458,1944.00,1943.99,'2020-01-28 09:29:13',3,608,791,NULL),(794,379,1944.00,0.00,'2020-01-28 09:29:13',3,608,792,NULL),(795,379,1944.00,0.00,'2020-02-04 16:09:33',3,609,794,NULL),(796,458,1944.00,1943.99,'2020-02-04 16:09:33',3,609,793,NULL),(797,379,1946.00,1945.99,'2020-02-04 16:12:52',3,610,795,NULL),(798,458,1946.00,1945.99,'2020-02-04 16:12:52',3,610,796,NULL),(799,379,1946.00,1945.99,'2020-02-04 16:14:19',3,611,797,NULL),(800,458,1946.00,1945.99,'2020-02-04 16:14:19',3,611,798,NULL),(801,379,1841.87,1840.87,'2020-02-04 16:15:49',3,612,799,NULL),(802,456,1841.87,1840.87,'2020-02-04 16:15:49',3,612,781,NULL),(803,379,1842.87,1943.97,'2020-02-04 16:27:57',3,613,801,NULL),(804,456,1842.87,1841.87,'2020-02-04 16:27:57',3,613,802,NULL),(805,379,1301.93,1943.96,'2020-02-07 10:56:38',3,614,803,NULL),(806,456,1301.93,1301.92,'2020-02-07 10:56:38',3,614,804,NULL),(807,379,1943.97,1943.96,'2020-02-07 11:01:13',3,615,805,NULL),(808,458,1943.97,1943.96,'2020-02-07 11:01:13',3,615,800,NULL),(809,379,1301.94,1943.95,'2020-02-07 11:04:35',3,616,807,NULL),(810,456,1301.94,1301.93,'2020-02-07 11:04:35',3,616,806,NULL),(811,379,1307.03,1307.02,'2020-02-07 11:13:11',3,617,809,NULL),(812,455,1307.03,1307.02,'2020-02-07 11:13:11',3,617,0,NULL),(813,379,1301.95,1301.94,'2020-02-07 11:14:57',3,618,811,NULL),(814,456,1301.95,1301.94,'2020-02-07 11:14:57',3,618,810,NULL),(815,379,1943.94,1943.93,'2020-02-07 11:16:35',3,619,813,NULL),(816,458,1943.94,1943.93,'2020-02-07 11:16:35',3,619,808,NULL),(817,379,1963.93,1943.93,'2020-02-07 11:50:29',3,620,815,NULL),(818,458,1963.93,1943.93,'2020-02-07 11:50:29',3,620,816,NULL),(819,379,1327.03,1857.84,'2020-02-07 11:51:23',3,621,817,NULL),(820,455,1327.03,1327.13,'2020-02-07 11:51:23',3,621,812,NULL),(821,379,9911.63,9910.13,'2020-02-10 10:01:01',2,622,767,NULL),(822,379,9910.13,9810.13,'2020-02-10 10:02:18',2,623,821,NULL),(823,379,9160.09,9355.09,'2020-02-10 10:02:18',1,623,723,NULL),(824,379,9355.09,9344.89,'2020-02-10 10:03:40',1,624,823,NULL),(825,458,0.00,10.00,'2020-02-10 10:03:40',1,624,0,NULL),(826,379,1285.21,1857.83,'2020-02-10 16:03:34',3,625,819,NULL),(827,456,1285.21,1285.20,'2020-02-10 16:03:34',3,625,814,NULL),(828,379,1285.22,1857.82,'2020-02-10 16:07:23',3,626,826,NULL),(829,456,1285.22,1285.21,'2020-02-10 16:07:23',3,626,827,NULL),(830,379,1285.23,1877.90,'2020-02-10 16:09:21',3,627,828,NULL),(831,456,1285.23,1285.15,'2020-02-10 16:09:21',3,627,829,NULL),(832,455,1285.27,1327.01,'2020-02-19 16:45:13',3,628,820,NULL),(833,456,1285.27,1285.27,'2020-02-19 16:45:13',3,628,831,NULL),(834,455,1287.27,1325.01,'2020-02-19 17:27:26',3,629,832,NULL),(835,456,1287.27,1287.27,'2020-02-19 17:27:26',3,629,833,NULL),(836,456,1325.16,1325.01,'2020-02-19 18:00:54',3,630,835,NULL),(837,455,1325.16,1325.01,'2020-02-19 18:00:54',3,630,834,NULL),(838,455,10000.00,9998.98,'2020-02-19 18:02:57',1,631,730,NULL),(839,455,10009.55,10010.05,'2020-02-19 18:02:57',2,631,738,NULL),(840,455,1287.13,1325.15,'2020-02-19 19:13:15',3,632,837,NULL),(841,456,1287.13,1287.13,'2020-02-19 19:13:15',3,632,836,NULL),(842,455,10010.05,9989.55,'2020-02-26 18:36:52',2,633,839,NULL),(843,456,11979.50,11999.50,'2020-02-26 18:36:52',2,633,746,NULL),(844,379,9344.89,9340.45,'2020-03-04 14:40:08',1,636,824,NULL),(845,379,9810.13,9812.29,'2020-03-04 14:40:08',2,636,822,NULL),(846,379,9340.45,9340.34,'2020-03-04 14:44:14',1,637,844,NULL),(847,458,10.00,10.11,'2020-03-04 14:44:14',1,637,825,NULL),(848,379,9812.29,9808.33,'2020-03-04 14:47:53',2,638,845,NULL),(849,379,9808.33,8783.33,'2020-03-04 16:16:51',2,639,848,NULL),(850,379,9340.34,11340.34,'2020-03-04 16:16:51',1,639,846,NULL),(851,379,11340.34,11290.34,'2020-03-04 16:17:42',1,640,850,NULL),(852,379,8783.33,1000.00,'2020-03-04 16:17:42',2,640,849,NULL),(853,379,11290.34,11280.09,'2020-03-04 20:22:20',1,643,851,NULL),(854,379,88807.70,88807.70,'2020-03-04 20:22:20',2,643,852,NULL),(855,379,11280.09,11269.89,'2020-03-04 20:23:00',1,644,853,NULL),(856,458,10.11,20.11,'2020-03-04 20:23:00',1,644,847,NULL),(857,379,11269.89,11265.02,'2020-03-04 20:23:59',1,645,855,NULL),(858,379,11265.02,1111264.00,'2020-03-04 20:27:24',1,646,857,NULL),(859,402,9500.00,9501.00,'2020-03-04 20:27:24',1,646,108,NULL),(860,379,1111264.00,957514.00,'2020-03-05 09:41:14',1,648,858,NULL),(861,379,88807.70,88809.70,'2020-03-05 09:41:14',2,648,854,NULL),(862,379,957514.00,885764.00,'2020-03-05 09:45:41',1,649,860,NULL),(863,379,88809.70,2000.00,'2020-03-05 09:45:41',2,649,861,NULL),(864,379,1877.90,1877.90,'2020-03-05 10:57:08',3,650,830,NULL),(865,379,885764.00,300000.00,'2020-03-05 10:57:08',1,650,862,NULL),(866,379,300000.00,299900.00,'2020-03-05 11:22:13',1,651,865,NULL),(867,402,9501.00,9601.00,'2020-03-05 11:22:13',1,651,859,NULL),(868,379,299900.00,279400.00,'2020-03-05 11:36:37',1,652,866,NULL),(869,379,2000.00,2000.27,'2020-03-05 11:36:37',2,652,863,NULL),(870,379,1877.90,1877.90,'2020-03-05 11:39:04',3,653,864,NULL),(871,458,1943.93,1943.94,'2020-03-05 11:39:04',3,653,818,NULL),(872,379,2000.27,1979.77,'2020-03-05 13:46:05',2,654,869,NULL),(873,458,0.00,20.00,'2020-03-05 13:46:05',2,654,0,NULL),(874,379,1979.77,1977.72,'2020-03-05 14:07:48',2,655,872,NULL),(875,20,0.00,2.00,'2020-03-05 14:07:48',2,655,0,NULL),(876,379,1977.72,1975.67,'2020-03-05 14:08:05',2,656,874,NULL),(877,458,20.00,22.00,'2020-03-05 14:08:05',2,656,873,NULL),(878,379,1975.67,1973.62,'2020-03-05 14:27:03',2,657,876,NULL),(879,458,22.00,24.00,'2020-03-05 14:27:03',2,657,877,NULL),(880,379,1973.62,1971.57,'2020-03-05 14:37:41',2,658,878,NULL),(881,458,24.00,26.00,'2020-03-05 14:37:41',2,658,879,NULL),(882,379,1971.57,1969.52,'2020-03-09 16:56:23',2,659,880,NULL),(883,379,1969.52,1967.47,'2020-03-09 16:56:40',2,660,882,NULL),(884,379,1967.47,1965.42,'2020-03-09 16:56:52',2,661,883,NULL),(885,379,1965.42,1963.37,'2020-03-09 17:03:05',2,663,884,NULL),(886,379,1963.37,1961.32,'2020-03-09 17:07:21',2,664,885,NULL),(887,379,1961.32,1959.27,'2020-03-09 17:15:33',2,665,886,NULL),(888,379,1959.27,1957.22,'2020-03-09 17:20:17',2,666,887,NULL),(889,379,1957.22,1955.17,'2020-03-09 17:23:28',2,667,888,NULL),(890,379,1955.17,1953.12,'2020-03-09 17:29:16',2,669,889,NULL),(891,379,1953.12,1951.07,'2020-03-09 17:44:29',2,671,890,NULL),(892,379,1951.07,1949.02,'2020-03-10 09:55:39',2,673,891,NULL),(893,379,1949.02,1946.97,'2020-03-10 10:07:19',2,676,892,NULL),(894,379,1946.97,1944.92,'2020-03-10 10:09:15',2,677,893,NULL),(895,379,1944.92,1942.87,'2020-03-10 10:16:39',2,678,894,NULL),(896,379,1942.87,1940.82,'2020-03-10 10:52:56',2,679,895,NULL),(897,379,1940.82,1938.77,'2020-03-10 10:53:15',2,680,896,NULL),(898,379,1938.77,1936.72,'2020-03-10 10:56:36',2,681,897,NULL),(899,379,1936.72,1934.67,'2020-03-10 11:15:30',2,683,898,NULL),(900,379,1936.72,1934.67,'2020-03-10 11:15:30',2,684,898,NULL),(901,379,1934.67,1932.62,'2020-03-10 11:15:33',2,685,900,NULL),(902,379,1932.62,1930.57,'2020-03-10 11:16:55',2,686,901,NULL),(903,379,1930.57,1928.52,'2020-03-10 11:46:38',2,687,902,NULL),(904,379,1928.52,1926.47,'2020-03-10 11:48:52',2,688,903,NULL),(905,379,1926.47,1924.42,'2020-03-10 15:02:57',2,689,904,NULL),(906,379,1924.42,1922.37,'2020-03-10 15:31:19',2,692,905,NULL),(907,379,1922.37,1920.32,'2020-03-10 16:40:25',2,697,906,NULL),(908,379,1920.32,1918.27,'2020-03-11 15:27:50',2,698,907,NULL),(909,379,1918.27,1916.22,'2020-03-11 15:27:54',2,699,908,NULL),(910,379,1916.22,1914.17,'2020-03-11 15:27:57',2,700,909,NULL),(911,379,1914.17,1912.12,'2020-03-11 15:44:45',2,701,910,NULL),(912,379,1912.12,1910.07,'2020-03-11 15:53:50',2,703,911,NULL),(913,379,1910.07,1908.02,'2020-03-11 15:54:01',2,704,912,NULL),(914,379,1908.02,1905.97,'2020-03-11 15:54:14',2,705,913,NULL),(915,379,1905.97,1903.92,'2020-03-11 15:54:45',2,706,914,NULL),(916,379,1903.92,1901.87,'2020-03-11 17:15:00',2,707,915,NULL),(917,379,1901.87,1899.82,'2020-03-12 12:49:18',2,708,916,NULL),(918,379,1899.82,1893.44,'2020-03-13 10:48:52',2,709,917,NULL),(919,379,1893.44,1891.39,'2020-03-13 10:51:26',2,710,918,NULL),(920,379,1891.39,1889.34,'2020-03-13 10:59:26',2,711,919,NULL),(921,379,1889.34,1887.29,'2020-03-13 11:01:13',2,712,920,NULL),(922,379,1887.29,1880.91,'2020-03-13 11:01:39',2,713,921,NULL),(923,379,1880.91,1874.54,'2020-03-13 11:02:22',2,714,922,NULL),(924,379,1874.54,1868.16,'2020-03-13 11:02:39',2,715,923,NULL),(925,379,1868.16,1861.79,'2020-03-13 11:03:26',2,716,924,NULL),(926,379,1861.79,1855.41,'2020-03-13 11:04:24',2,717,925,NULL),(927,379,1855.41,1849.04,'2020-03-13 11:04:28',2,718,926,NULL),(928,379,1849.04,1839.25,'2020-03-13 11:05:23',2,719,927,NULL),(929,379,1839.25,1829.46,'2020-03-13 11:09:02',2,720,928,NULL),(930,379,1829.46,1819.67,'2020-03-13 11:18:56',2,722,929,NULL),(931,379,1819.67,1809.88,'2020-03-13 11:36:24',2,724,930,NULL),(932,379,1809.88,1803.51,'2020-03-13 11:49:16',2,725,931,NULL),(933,379,1803.51,1797.13,'2020-03-13 11:55:46',2,726,932,NULL),(934,379,1797.13,1790.75,'2020-03-13 12:48:51',2,727,933,NULL),(935,379,1790.75,1784.37,'2020-03-13 14:11:07',2,730,934,NULL),(936,379,1784.37,1723.34,'2020-03-13 14:31:36',2,731,935,NULL),(937,379,1723.34,1718.67,'2020-03-13 14:45:49',2,732,936,NULL),(938,379,1718.67,1708.88,'2020-03-13 16:08:46',2,733,937,NULL),(939,379,1708.88,1702.51,'2020-03-13 16:09:33',2,734,938,NULL),(940,379,1702.51,1695.79,'2020-03-13 16:10:39',2,735,939,NULL),(948,379,1695.79,1694.79,'2020-04-13 21:34:58',2,745,940,NULL),(949,379,1694.79,1693.79,'2020-04-13 21:40:23',2,746,948,NULL),(950,379,1693.79,1692.79,'2020-04-13 21:48:31',2,747,949,NULL),(959,379,279400.00,279389.81,'2020-04-20 21:22:52',1,752,868,NULL),(960,435,227.76,237.76,'2020-04-20 21:22:52',1,752,703,NULL),(961,379,279389.81,279379.62,'2020-04-20 21:58:22',1,753,959,NULL),(962,435,237.76,247.76,'2020-04-20 21:58:22',1,753,960,NULL),(963,379,1692.79,1693.79,'2020-04-23 16:03:17',2,762,950,NULL),(964,379,1693.79,1694.79,'2020-04-23 16:10:06',2,763,963,NULL),(965,379,279379.62,279369.44,'2020-05-06 01:50:51',1,775,961,NULL),(966,435,247.76,257.76,'2020-05-06 01:50:51',1,775,962,NULL),(967,379,279369.44,279349.44,'2020-05-06 02:07:48',1,776,965,NULL),(968,435,257.76,277.76,'2020-05-06 02:07:48',1,776,966,NULL),(969,379,279349.44,279145.44,'2020-05-06 02:36:42',1,777,967,NULL),(970,458,20.11,220.11,'2020-05-06 02:36:42',1,777,856,NULL),(971,379,279145.44,278941.44,'2020-05-06 02:37:43',1,778,969,NULL),(972,458,220.11,420.11,'2020-05-06 02:37:43',1,778,970,NULL),(973,379,1694.79,1695.79,'2020-05-06 03:26:32',2,782,964,NULL),(974,379,1695.79,1715.79,'2020-05-06 03:28:20',2,783,973,NULL),(975,379,1715.79,1915.79,'2020-05-06 03:29:48',2,784,974,NULL),(976,379,1915.79,1935.79,'2020-05-06 03:31:19',2,785,975,NULL),(977,379,1877.90,1677.90,'2020-05-06 03:32:41',3,787,870,NULL),(978,379,1935.79,1935.79,'2020-05-06 03:32:41',2,787,976,NULL),(979,379,278941.44,278938.81,'2020-05-06 05:11:15',1,788,971,NULL),(980,379,1935.79,1955.79,'2020-05-06 07:46:43',2,790,978,NULL),(981,379,1955.79,1935.29,'2020-05-06 07:47:38',2,791,980,NULL),(982,458,26.00,46.00,'2020-05-06 07:47:38',2,791,881,NULL),(983,379,1677.90,1477.90,'2020-05-06 07:48:14',3,792,977,NULL),(984,379,278938.81,279134.81,'2020-05-06 07:48:14',1,792,979,NULL),(985,379,1935.29,1918.89,'2020-05-06 07:50:23',2,793,981,NULL),(986,379,1918.89,1902.49,'2020-05-06 07:52:36',2,794,985,NULL),(987,379,1902.49,1886.09,'2020-05-06 07:52:51',2,795,986,NULL),(988,379,1886.09,1869.69,'2020-05-06 07:53:09',2,796,987,NULL),(989,379,1869.69,1853.29,'2020-05-06 07:53:17',2,797,988,NULL),(990,379,1853.29,1836.89,'2020-05-06 07:53:22',2,798,989,NULL),(991,379,1836.89,1834.84,'2020-05-06 08:38:48',2,799,990,NULL),(992,379,1834.84,1625.74,'2020-05-06 08:41:14',2,800,991,NULL),(993,379,1625.74,1416.64,'2020-05-06 08:43:41',2,801,992,NULL),(994,379,1416.64,1207.54,'2020-05-06 08:46:59',2,802,993,NULL),(995,379,1207.54,998.44,'2020-05-06 08:54:50',2,803,994,NULL),(996,379,998.44,789.34,'2020-05-06 08:55:02',2,804,995,NULL),(997,379,789.34,580.24,'2020-05-06 08:55:09',2,805,996,NULL),(998,379,580.24,371.14,'2020-05-06 08:55:16',2,806,997,NULL),(999,379,371.14,162.04,'2020-05-06 08:58:54',2,807,998,NULL),(1000,379,162.04,155.89,'2020-05-06 09:05:53',2,808,999,NULL),(1001,379,155.89,149.74,'2020-05-06 09:06:43',2,809,1000,NULL),(1002,379,149.74,143.59,'2020-05-06 09:10:29',2,810,1001,NULL),(1003,379,143.59,137.44,'2020-05-06 09:10:55',2,811,1002,NULL),(1004,379,137.44,131.29,'2020-05-06 09:14:23',2,812,1003,NULL),(1005,379,131.29,125.14,'2020-05-06 09:19:17',2,813,1004,NULL),(1006,379,125.14,118.99,'2020-05-06 09:26:40',2,814,1005,NULL),(1007,379,1477.90,1467.90,'2020-05-10 09:59:20',3,831,983,NULL),(1008,379,279134.81,279144.62,'2020-05-10 09:59:20',1,831,984,NULL),(1009,379,279144.62,278940.62,'2020-05-10 10:00:18',1,832,1008,NULL),(1010,458,420.11,620.11,'2020-05-10 10:00:18',1,832,972,NULL),(1011,379,278940.62,278937.97,'2020-05-10 10:01:09',1,833,1009,NULL),(1012,379,278937.97,278940.62,'2020-05-10 10:01:13',1,833,1011,'TopUp Failed. Balance Refund'),(1013,379,278940.62,278937.97,'2020-05-10 10:01:42',1,834,1012,NULL),(1014,379,278937.97,278940.62,'2020-05-10 10:01:46',1,834,1013,'TopUp Failed. Balance Refund'),(1015,379,278940.62,278937.56,'2020-05-10 10:02:26',1,835,1014,NULL),(1016,379,118.99,94.39,'2020-05-10 10:03:44',2,836,1006,NULL),(1017,379,1467.90,1457.70,'2020-05-11 13:52:48',3,837,1007,NULL),(1018,379,278937.56,278947.56,'2020-05-11 13:52:48',1,837,1015,NULL),(1019,379,94.39,278842.00,'2020-05-18 14:32:51',2,838,1016,NULL),(1020,379,278947.56,278742.56,'2020-05-18 22:28:16',1,842,1018,NULL),(1021,379,278842.00,278842.00,'2020-05-18 22:28:16',2,842,1019,NULL),(1022,379,278742.56,276702.56,'2020-05-18 22:29:13',1,843,1020,NULL),(1023,458,620.11,2620.11,'2020-05-18 22:29:13',1,843,1010,NULL),(1024,379,278842.00,278840.38,'2020-05-18 22:30:42',2,844,1021,NULL),(1025,379,278840.38,278842.00,'2020-05-18 22:30:45',2,844,1024,'TopUp Failed. Balance Refund'),(1026,379,278842.00,278839.97,'2020-05-18 22:31:11',2,845,1025,NULL),(1027,379,278839.97,278640.09,'2020-05-18 22:33:54',2,846,1026,NULL),(1028,462,1000.00,10000.00,'2020-05-18 22:33:54',1,847,1027,NULL),(1029,462,1000.00,10000.00,'2020-05-18 22:33:54',2,848,1028,NULL),(1030,462,10000.00,9999.99,'2020-05-20 00:58:32',1,850,1028,NULL),(1031,462,10000.00,10000.00,'2020-05-20 00:58:32',2,850,1029,NULL),(1032,462,9999.99,9999.98,'2020-05-20 00:59:22',1,851,1030,NULL),(1033,379,276702.56,276702.56,'2020-05-20 00:59:22',1,851,1022,NULL),(1034,462,10000.00,10003.99,'2020-05-20 01:01:36',2,852,1031,NULL),(1035,462,10003.99,10007.98,'2020-05-20 01:01:42',2,853,1034,NULL);
/*!40000 ALTER TABLE `balance_history` ENABLE KEYS */;
UNLOCK TABLES;

--
-- Table structure for table `bank`
--

DROP TABLE IF EXISTS `bank`;
/*!40101 SET @saved_cs_client     = @@character_set_client */;
/*!40101 SET character_set_client = utf8 */;
CREATE TABLE `bank` (
  `id` bigint(3) NOT NULL AUTO_INCREMENT,
  `name` varchar(255) NOT NULL,
  `enterpriseId` bigint(20) NOT NULL,
  `aba` varchar(30) NOT NULL,
  `countryId` bigint(30) NOT NULL,
  PRIMARY KEY (`id`),
  KEY `fk_bank_has_enterprise_id` (`enterpriseId`),
  KEY `fk_bank_has_country_id` (`countryId`),
  CONSTRAINT `fk_bank_has_country_id` FOREIGN KEY (`countryId`) REFERENCES `country` (`id`),
  CONSTRAINT `fk_bank_has_enterprise_id` FOREIGN KEY (`enterpriseId`) REFERENCES `enterprise` (`id`)
) ENGINE=InnoDB AUTO_INCREMENT=4 DEFAULT CHARSET=latin1;
/*!40101 SET character_set_client = @saved_cs_client */;

--
-- Dumping data for table `bank`
--

LOCK TABLES `bank` WRITE;
/*!40000 ALTER TABLE `bank` DISABLE KEYS */;
INSERT INTO `bank` VALUES (1,'Banco Central Venezolano',1,'',1),(2,'Banesco',1,'',1),(3,'Bank of America',1,'',47);
/*!40000 ALTER TABLE `bank` ENABLE KEYS */;
UNLOCK TABLES;

--
-- Table structure for table `bank_has_product`
--

DROP TABLE IF EXISTS `bank_has_product`;
/*!40101 SET @saved_cs_client     = @@character_set_client */;
/*!40101 SET character_set_client = utf8 */;
CREATE TABLE `bank_has_product` (
  `id` bigint(10) NOT NULL AUTO_INCREMENT,
  `productId` bigint(20) NOT NULL,
  `bankId` bigint(20) NOT NULL,
  PRIMARY KEY (`id`)
) ENGINE=InnoDB AUTO_INCREMENT=4 DEFAULT CHARSET=latin1;
/*!40101 SET character_set_client = @saved_cs_client */;

--
-- Dumping data for table `bank_has_product`
--

LOCK TABLES `bank_has_product` WRITE;
/*!40000 ALTER TABLE `bank_has_product` DISABLE KEYS */;
INSERT INTO `bank_has_product` VALUES (1,1,1),(2,2,1),(3,3,3);
/*!40000 ALTER TABLE `bank_has_product` ENABLE KEYS */;
UNLOCK TABLES;

--
-- Table structure for table `bank_operation`
--

DROP TABLE IF EXISTS `bank_operation`;
/*!40101 SET @saved_cs_client     = @@character_set_client */;
/*!40101 SET character_set_client = utf8 */;
CREATE TABLE `bank_operation` (
  `id` bigint(20) NOT NULL AUTO_INCREMENT,
  `userSourceId` bigint(10) DEFAULT NULL,
  `productId` bigint(20) NOT NULL,
  `transactionId` bigint(3) NOT NULL,
  `bankOperationTypeId` bigint(3) NOT NULL,
  `bankId` bigint(3) NOT NULL,
  `bankOperationModeId` bigint(3) NOT NULL,
  `bankOperationNumber` varchar(40) DEFAULT NULL,
  `commisionId` bigint(20) DEFAULT NULL,
  `additional` varchar(500) DEFAULT NULL,
  `additional2` varchar(500) DEFAULT NULL,
  PRIMARY KEY (`id`),
  KEY `fk_bank_operation_has_product_id` (`productId`),
  KEY `fk_bank_operation_has_transaction_id` (`transactionId`),
  KEY `fk_bank_operation_has_commision_id` (`commisionId`),
  KEY `fk_bank_operation_bank1_idx` (`bankId`),
  KEY `fk_bank_operation_bank_operation_type1_idx` (`bankOperationTypeId`),
  KEY `fk_bank_operation_bank_operation_mode1_idx` (`bankOperationModeId`),
  CONSTRAINT `fk_bank_operation_bank1` FOREIGN KEY (`bankId`) REFERENCES `bank` (`id`) ON DELETE NO ACTION ON UPDATE NO ACTION,
  CONSTRAINT `fk_bank_operation_bank_operation_mode1` FOREIGN KEY (`bankOperationModeId`) REFERENCES `bank_operation_mode` (`id`) ON DELETE NO ACTION ON UPDATE NO ACTION,
  CONSTRAINT `fk_bank_operation_bank_operation_type1` FOREIGN KEY (`bankOperationTypeId`) REFERENCES `bank_operation_type` (`id`) ON DELETE NO ACTION ON UPDATE NO ACTION,
  CONSTRAINT `fk_bank_operation_has_commision_id` FOREIGN KEY (`commisionId`) REFERENCES `commission` (`id`),
  CONSTRAINT `fk_bank_operation_has_product_id` FOREIGN KEY (`productId`) REFERENCES `product` (`id`),
  CONSTRAINT `fk_bank_operation_has_transaction_id` FOREIGN KEY (`transactionId`) REFERENCES `transaction` (`id`)
) ENGINE=InnoDB AUTO_INCREMENT=81 DEFAULT CHARSET=latin1;
/*!40101 SET character_set_client = @saved_cs_client */;

--
-- Dumping data for table `bank_operation`
--

LOCK TABLES `bank_operation` WRITE;
/*!40000 ALTER TABLE `bank_operation` DISABLE KEYS */;
INSERT INTO `bank_operation` VALUES (1,379,3,95,1,1,1,'501878200085697411',10,NULL,NULL),(2,379,3,97,1,1,1,'501878200085697411',10,NULL,NULL),(3,379,3,106,1,1,1,'5018',10,NULL,NULL),(4,379,1,107,1,1,1,'12345678901234567890',12,NULL,NULL),(5,379,1,108,1,1,1,'12345678901234567890',12,NULL,NULL),(6,379,1,109,1,1,1,'55555555555555',12,NULL,NULL),(7,379,1,112,1,1,1,'10',12,NULL,NULL),(8,379,1,113,1,1,1,'95000',12,NULL,NULL),(9,379,1,114,1,1,1,'14725',12,NULL,NULL),(10,379,1,115,1,1,1,'55555',12,NULL,NULL),(11,379,1,117,1,1,1,'555555',12,NULL,NULL),(12,379,1,127,1,1,1,'12345678901234567890',12,NULL,NULL),(13,379,1,137,1,1,1,'1234',12,NULL,NULL),(14,379,2,138,1,1,1,'1234',13,NULL,NULL),(15,379,1,141,1,1,1,'123456',12,NULL,NULL),(16,379,3,142,1,1,1,'50187822225869853',10,NULL,NULL),(17,379,1,143,1,1,1,'50187822225869853',12,NULL,NULL),(18,379,1,144,1,1,1,'123456',12,NULL,NULL),(19,379,1,145,1,1,1,'123456',12,NULL,NULL),(20,379,1,146,1,1,1,'123456',12,NULL,NULL),(21,379,1,153,1,1,1,'123456',12,NULL,NULL),(22,379,1,154,1,1,1,'123456',12,NULL,NULL),(23,379,1,155,1,1,1,'123456',12,NULL,NULL),(24,379,1,156,1,1,1,'123456',12,NULL,NULL),(25,379,1,157,1,1,1,'123456',12,NULL,NULL),(26,379,1,158,1,1,1,'123456',12,NULL,NULL),(27,379,1,160,1,1,1,'123456',12,NULL,NULL),(28,379,1,161,1,1,1,'123456',12,NULL,NULL),(29,379,1,172,1,1,1,'123456',12,NULL,NULL),(30,379,1,173,1,1,1,'123456',12,NULL,NULL),(31,379,1,176,1,1,1,'1234566454455',12,NULL,NULL),(32,379,3,187,2,1,1,'12',11,NULL,NULL),(33,379,3,188,2,1,1,'12',11,NULL,NULL),(34,379,1,262,1,1,1,'85555',12,NULL,NULL),(35,379,1,276,1,1,1,'123456',12,NULL,NULL),(36,379,3,278,2,1,1,'123456',11,NULL,NULL),(37,379,3,279,2,1,1,'123456',11,NULL,NULL),(38,379,1,344,1,1,1,'123456',12,NULL,NULL),(39,379,1,371,1,1,1,'123456',12,NULL,NULL),(40,379,1,372,1,1,1,'123456',12,NULL,NULL),(41,379,1,373,1,1,1,'123456',12,NULL,NULL),(42,435,1,374,1,1,1,'123456',12,NULL,NULL),(43,435,1,376,1,1,1,'123456',12,NULL,NULL),(44,379,1,378,1,1,1,'10',12,NULL,NULL),(45,379,1,397,1,1,1,'555555',12,NULL,NULL),(46,379,1,404,2,1,1,'555555',18,NULL,NULL),(47,379,1,408,1,1,1,'123456',12,NULL,NULL),(48,379,1,409,1,1,1,'123456',12,NULL,NULL),(49,379,1,410,1,1,1,'88888',12,NULL,NULL),(50,435,1,427,2,1,1,'123456',18,NULL,NULL),(51,379,1,435,1,1,1,'123456',12,NULL,NULL),(52,379,1,436,2,1,1,'123456',18,NULL,NULL),(53,379,1,443,1,1,1,'123456',12,NULL,NULL),(54,379,1,451,2,1,1,'5555',18,NULL,NULL),(55,379,1,452,1,1,1,'55588',12,NULL,NULL),(56,379,1,523,1,1,1,'5555',12,NULL,NULL),(57,379,1,533,2,1,1,'1222333',18,NULL,NULL),(58,379,1,534,1,1,1,'5555',12,NULL,NULL),(59,379,1,542,1,1,1,'1000000000000',12,NULL,NULL),(60,379,1,543,2,1,1,'1000',18,NULL,NULL),(61,379,1,544,1,1,1,'10007007007',12,NULL,NULL),(62,379,1,546,2,1,1,'123456',18,NULL,NULL),(63,379,1,552,1,1,1,'123456',12,NULL,NULL),(64,455,2,567,2,1,1,'128800',28,NULL,NULL),(65,455,1,568,2,1,1,'1254840',18,NULL,NULL),(66,456,1,571,2,1,1,'353565',18,NULL,NULL),(67,456,2,572,2,1,1,'94976',28,NULL,NULL),(68,379,1,634,2,1,1,'1452369880',18,NULL,NULL),(69,379,1,635,1,1,1,'5555258888',12,NULL,NULL),(70,379,1,641,2,1,1,'12345',18,NULL,NULL),(71,379,1,642,1,1,1,'01342568',12,NULL,NULL),(72,379,2,779,2,1,1,'222222',28,NULL,NULL),(73,379,1,786,1,1,1,'200',12,NULL,NULL),(74,379,1,789,2,1,1,'6465',18,NULL,NULL),(75,379,1,829,2,1,1,'1234555',18,NULL,NULL),(76,379,1,839,2,1,1,'12000',18,NULL,NULL),(77,379,1,841,1,1,1,'20888888',12,NULL,NULL),(78,462,1,847,2,1,1,'12345',18,NULL,NULL),(79,462,3,848,2,3,1,'1452',11,NULL,NULL),(80,462,1,849,1,1,1,'123',12,NULL,NULL);
/*!40000 ALTER TABLE `bank_operation` ENABLE KEYS */;
UNLOCK TABLES;

--
-- Table structure for table `bank_operation_mode`
--

DROP TABLE IF EXISTS `bank_operation_mode`;
/*!40101 SET @saved_cs_client     = @@character_set_client */;
/*!40101 SET character_set_client = utf8 */;
CREATE TABLE `bank_operation_mode` (
  `id` bigint(3) NOT NULL AUTO_INCREMENT,
  `name` varchar(45) NOT NULL,
  PRIMARY KEY (`id`)
) ENGINE=InnoDB AUTO_INCREMENT=3 DEFAULT CHARSET=latin1;
/*!40101 SET character_set_client = @saved_cs_client */;

--
-- Dumping data for table `bank_operation_mode`
--

LOCK TABLES `bank_operation_mode` WRITE;
/*!40000 ALTER TABLE `bank_operation_mode` DISABLE KEYS */;
INSERT INTO `bank_operation_mode` VALUES (1,'MANUAL'),(2,'AUTOMATIC');
/*!40000 ALTER TABLE `bank_operation_mode` ENABLE KEYS */;
UNLOCK TABLES;

--
-- Table structure for table `bank_operation_type`
--

DROP TABLE IF EXISTS `bank_operation_type`;
/*!40101 SET @saved_cs_client     = @@character_set_client */;
/*!40101 SET character_set_client = utf8 */;
CREATE TABLE `bank_operation_type` (
  `id` bigint(3) NOT NULL AUTO_INCREMENT,
  `name` varchar(45) DEFAULT NULL,
  PRIMARY KEY (`id`)
) ENGINE=InnoDB AUTO_INCREMENT=3 DEFAULT CHARSET=latin1;
/*!40101 SET character_set_client = @saved_cs_client */;

--
-- Dumping data for table `bank_operation_type`
--

LOCK TABLES `bank_operation_type` WRITE;
/*!40000 ALTER TABLE `bank_operation_type` DISABLE KEYS */;
INSERT INTO `bank_operation_type` VALUES (1,'WITHDRAWAL'),(2,'RECHARGE');
/*!40000 ALTER TABLE `bank_operation_type` ENABLE KEYS */;
UNLOCK TABLES;

--
-- Table structure for table `card`
--

DROP TABLE IF EXISTS `card`;
/*!40101 SET @saved_cs_client     = @@character_set_client */;
/*!40101 SET character_set_client = utf8 */;
CREATE TABLE `card` (
  `id` bigint(10) NOT NULL AUTO_INCREMENT,
  `numberCard` varchar(255) DEFAULT NULL,
  `parentId` bigint(100) DEFAULT NULL,
  `nameCard` varchar(255) NOT NULL,
  `userDestinationId` bigint(100) DEFAULT NULL,
  PRIMARY KEY (`id`)
) ENGINE=InnoDB AUTO_INCREMENT=23 DEFAULT CHARSET=latin1;
/*!40101 SET character_set_client = @saved_cs_client */;

--
-- Dumping data for table `card`
--

LOCK TABLES `card` WRITE;
/*!40000 ALTER TABLE `card` DISABLE KEYS */;
INSERT INTO `card` VALUES (3,'527958409',NULL,'',NULL),(7,'2308840100100365',21,'Jesus Calderas',455),(8,'2308840100200322',21,'Daniel Alonso',456),(18,'2308840100107541',NULL,'',NULL),(20,'2308840100107458',NULL,'',NULL),(21,'2308840100107501',NULL,'Moises Graterol',379),(22,'2308840100011604',NULL,'VICTOR HERRERA',462);
/*!40000 ALTER TABLE `card` ENABLE KEYS */;
UNLOCK TABLES;

--
-- Table structure for table `category`
--

DROP TABLE IF EXISTS `category`;
/*!40101 SET @saved_cs_client     = @@character_set_client */;
/*!40101 SET character_set_client = utf8 */;
CREATE TABLE `category` (
  `id` bigint(3) NOT NULL AUTO_INCREMENT,
  `name` varchar(45) NOT NULL,
  `enabled` tinyint(1) NOT NULL,
  PRIMARY KEY (`id`)
) ENGINE=InnoDB AUTO_INCREMENT=2 DEFAULT CHARSET=latin1;
/*!40101 SET character_set_client = @saved_cs_client */;

--
-- Dumping data for table `category`
--

LOCK TABLES `category` WRITE;
/*!40000 ALTER TABLE `category` DISABLE KEYS */;
INSERT INTO `category` VALUES (1,'Moneda',1);
/*!40000 ALTER TABLE `category` ENABLE KEYS */;
UNLOCK TABLES;

--
-- Table structure for table `category_data`
--

DROP TABLE IF EXISTS `category_data`;
/*!40101 SET @saved_cs_client     = @@character_set_client */;
/*!40101 SET character_set_client = utf8 */;
CREATE TABLE `category_data` (
  `id` bigint(10) NOT NULL AUTO_INCREMENT,
  `categoryId` bigint(3) NOT NULL,
  `alias` varchar(45) NOT NULL,
  `description` varchar(255) NOT NULL,
  `languageId` bigint(3) NOT NULL DEFAULT '1',
  PRIMARY KEY (`id`),
  KEY `fk_category_data_category1` (`categoryId`),
  KEY `fk_category_data_language1` (`languageId`),
  CONSTRAINT `fk_category_data_category1` FOREIGN KEY (`categoryId`) REFERENCES `category` (`id`),
  CONSTRAINT `fk_category_data_language1` FOREIGN KEY (`languageId`) REFERENCES `language` (`id`)
) ENGINE=InnoDB DEFAULT CHARSET=latin1;
/*!40101 SET character_set_client = @saved_cs_client */;

--
-- Dumping data for table `category_data`
--

LOCK TABLES `category_data` WRITE;
/*!40000 ALTER TABLE `category_data` DISABLE KEYS */;
/*!40000 ALTER TABLE `category_data` ENABLE KEYS */;
UNLOCK TABLES;

--
-- Table structure for table `city`
--

DROP TABLE IF EXISTS `city`;
/*!40101 SET @saved_cs_client     = @@character_set_client */;
/*!40101 SET character_set_client = utf8 */;
CREATE TABLE `city` (
  `id` bigint(10) NOT NULL AUTO_INCREMENT,
  `stateId` bigint(10) NOT NULL,
  `name` varchar(255) NOT NULL,
  PRIMARY KEY (`id`),
  KEY `fk_city_state1` (`stateId`),
  CONSTRAINT `fk_city_state1` FOREIGN KEY (`stateId`) REFERENCES `state` (`id`) ON DELETE NO ACTION ON UPDATE NO ACTION
) ENGINE=InnoDB AUTO_INCREMENT=3 DEFAULT CHARSET=latin1;
/*!40101 SET character_set_client = @saved_cs_client */;

--
-- Dumping data for table `city`
--

LOCK TABLES `city` WRITE;
/*!40000 ALTER TABLE `city` DISABLE KEYS */;
INSERT INTO `city` VALUES (1,1,'caracas'),(2,3,'ACHAGUAS');
/*!40000 ALTER TABLE `city` ENABLE KEYS */;
UNLOCK TABLES;

--
-- Table structure for table `close`
--

DROP TABLE IF EXISTS `close`;
/*!40101 SET @saved_cs_client     = @@character_set_client */;
/*!40101 SET character_set_client = utf8 */;
CREATE TABLE `close` (
  `id` bigint(3) NOT NULL AUTO_INCREMENT,
  `userComerceId` bigint(10) DEFAULT NULL,
  `creationDate` datetime NOT NULL,
  `totalAmount` float(20,2) DEFAULT NULL,
  `totalTax` float(20,2) NOT NULL,
  `totalToUser` float(20,2) NOT NULL,
  `status` varchar(45) NOT NULL,
  PRIMARY KEY (`id`)
) ENGINE=InnoDB DEFAULT CHARSET=latin1;
/*!40101 SET character_set_client = @saved_cs_client */;

--
-- Dumping data for table `close`
--

LOCK TABLES `close` WRITE;
/*!40000 ALTER TABLE `close` DISABLE KEYS */;
/*!40000 ALTER TABLE `close` ENABLE KEYS */;
UNLOCK TABLES;

--
-- Table structure for table `code`
--

DROP TABLE IF EXISTS `code`;
/*!40101 SET @saved_cs_client     = @@character_set_client */;
/*!40101 SET character_set_client = utf8 */;
CREATE TABLE `code` (
  `id` bigint(10) NOT NULL AUTO_INCREMENT,
  `countryCode` bigint(20) NOT NULL,
  `destination` varchar(50) NOT NULL,
  `additional` varchar(45) DEFAULT NULL,
  PRIMARY KEY (`id`)
) ENGINE=InnoDB AUTO_INCREMENT=4 DEFAULT CHARSET=latin1;
/*!40101 SET character_set_client = @saved_cs_client */;

--
-- Dumping data for table `code`
--

LOCK TABLES `code` WRITE;
/*!40000 ALTER TABLE `code` DISABLE KEYS */;
INSERT INTO `code` VALUES (1,58,'VENEZUELA',NULL),(2,57,'COLOMBIA',NULL),(3,1,'ESTADOS UNIDOS',NULL);
/*!40000 ALTER TABLE `code` ENABLE KEYS */;
UNLOCK TABLES;

--
-- Table structure for table `commission`
--

DROP TABLE IF EXISTS `commission`;
/*!40101 SET @saved_cs_client     = @@character_set_client */;
/*!40101 SET character_set_client = utf8 */;
CREATE TABLE `commission` (
  `id` bigint(20) NOT NULL AUTO_INCREMENT,
  `productId` bigint(20) NOT NULL,
  `transactionTypeId` bigint(20) NOT NULL,
  `beginningDate` datetime NOT NULL,
  `endingDate` datetime DEFAULT NULL,
  `isPercentCommision` tinyint(4) NOT NULL DEFAULT '1',
  `value` float NOT NULL,
  PRIMARY KEY (`id`),
  KEY `fk_commision_has_transactionType` (`transactionTypeId`),
  KEY `fk_commision_has_product` (`productId`),
  CONSTRAINT `fk_commision_has_product` FOREIGN KEY (`productId`) REFERENCES `product` (`id`),
  CONSTRAINT `fk_commision_has_transactionType` FOREIGN KEY (`transactionTypeId`) REFERENCES `transaction_type` (`id`)
) ENGINE=InnoDB AUTO_INCREMENT=49 DEFAULT CHARSET=latin1;
/*!40101 SET character_set_client = @saved_cs_client */;

--
-- Dumping data for table `commission`
--

LOCK TABLES `commission` WRITE;
/*!40000 ALTER TABLE `commission` DISABLE KEYS */;
INSERT INTO `commission` VALUES (1,3,2,'2019-09-20 17:54:46','2019-09-21 14:15:20',0,10),(2,3,2,'2019-09-20 17:54:46',NULL,1,3),(6,3,3,'2019-09-24 15:00:00',NULL,0,25),(7,3,3,'2019-09-24 01:00:00','2019-09-24 15:00:00',1,5),(8,1,4,'2019-09-26 07:00:00',NULL,1,2.5),(9,4,4,'2019-09-26 07:00:00',NULL,1,3),(10,3,5,'2019-10-01 10:00:00',NULL,1,5),(11,3,6,'2019-10-07 10:00:00',NULL,1,2.5),(12,1,5,'2019-10-07 10:00:00',NULL,1,2.5),(13,2,5,'2019-10-07 10:00:00',NULL,1,2.5),(14,7,7,'2019-10-14 10:00:00',NULL,1,2.5),(15,2,7,'2019-10-14 10:00:00',NULL,1,2.5),(16,1,3,'2019-10-14 10:00:00',NULL,1,2),(17,1,2,'2019-10-14 10:00:00',NULL,1,0),(18,1,6,'2019-10-14 10:00:00',NULL,1,2),(19,1,1,'2019-10-14 10:00:00',NULL,1,1),(20,1,7,'2019-10-14 10:00:00',NULL,0,1),(21,3,1,'2019-10-07 10:00:00',NULL,0,2),(22,3,4,'2019-10-07 10:00:00',NULL,1,2),(23,3,7,'2019-10-07 10:00:00',NULL,1,2),(24,2,1,'2019-10-14 10:00:00',NULL,1,2.5),(25,2,2,'2019-10-14 10:00:00',NULL,1,2.5),(26,2,3,'2019-10-14 10:00:00',NULL,1,2.5),(27,2,4,'2019-10-14 10:00:00',NULL,1,2.5),(28,2,6,'2019-10-14 10:00:00',NULL,1,2.5),(29,4,1,'2019-10-14 10:00:00',NULL,1,2.5),(30,4,2,'2019-10-14 10:00:00',NULL,1,2.5),(31,4,3,'2019-10-14 10:00:00',NULL,1,2.5),(32,4,5,'2019-10-14 10:00:00',NULL,1,2.5),(33,4,6,'2019-10-14 10:00:00',NULL,1,2.5),(34,4,7,'2019-10-14 10:00:00',NULL,1,2.5),(35,2,7,'2019-10-14 10:00:00',NULL,1,2.5),(36,2,8,'2019-10-14 10:00:00',NULL,1,2.5),(37,2,9,'2019-10-14 10:00:00',NULL,1,2.5),(38,2,10,'2019-10-14 10:00:00',NULL,1,2.5),(43,1,8,'2019-10-14 10:00:00',NULL,1,1),(44,1,9,'2019-10-14 10:00:00',NULL,1,1),(45,1,10,'2019-10-14 10:00:00',NULL,1,1),(46,3,8,'2019-10-14 10:00:00',NULL,1,2),(47,3,9,'2019-10-14 10:00:00',NULL,1,1),(48,3,10,'2019-10-14 10:00:00',NULL,1,1);
/*!40000 ALTER TABLE `commission` ENABLE KEYS */;
UNLOCK TABLES;

--
-- Table structure for table `commission_item`
--

DROP TABLE IF EXISTS `commission_item`;
/*!40101 SET @saved_cs_client     = @@character_set_client */;
/*!40101 SET character_set_client = utf8 */;
CREATE TABLE `commission_item` (
  `id` bigint(20) NOT NULL AUTO_INCREMENT,
  `commissionId` bigint(20) DEFAULT NULL,
  `amount` float(15,2) NOT NULL,
  `processedDate` datetime NOT NULL,
  `transactionId` bigint(20) NOT NULL,
  `isResidual` tinyint(1) NOT NULL DEFAULT '0',
  PRIMARY KEY (`id`),
  KEY `fk_commission_item_transaction` (`transactionId`),
  KEY `fk_commission_item_commission` (`commissionId`),
  CONSTRAINT `fk_commission_item_commission` FOREIGN KEY (`commissionId`) REFERENCES `commission` (`id`) ON DELETE NO ACTION ON UPDATE NO ACTION,
  CONSTRAINT `fk_commission_item_transaction_item` FOREIGN KEY (`transactionId`) REFERENCES `transaction` (`id`) ON DELETE NO ACTION ON UPDATE NO ACTION
) ENGINE=InnoDB AUTO_INCREMENT=705 DEFAULT CHARSET=latin1;
/*!40101 SET character_set_client = @saved_cs_client */;

--
-- Dumping data for table `commission_item`
--

LOCK TABLES `commission_item` WRITE;
/*!40000 ALTER TABLE `commission_item` DISABLE KEYS */;
INSERT INTO `commission_item` VALUES (1,2,0.60,'2019-10-07 10:41:43',16,0),(2,2,0.60,'2019-10-07 10:53:30',17,0),(3,2,0.90,'2019-10-07 10:53:32',18,0),(4,2,0.60,'2019-10-07 10:58:05',19,0),(5,2,9.00,'2019-10-07 11:00:15',20,0),(8,10,12.50,'2019-10-07 12:14:44',23,0),(9,2,0.90,'2019-10-07 14:35:15',24,0),(10,2,0.90,'2019-10-07 14:58:18',25,0),(11,2,0.90,'2019-10-07 15:04:34',26,0),(12,2,0.06,'2019-10-07 15:26:15',27,0),(13,2,0.06,'2019-10-07 15:28:00',28,0),(14,2,0.18,'2019-10-07 16:45:19',29,0),(15,2,0.60,'2019-10-07 16:50:48',30,0),(16,2,0.60,'2019-10-07 16:53:23',31,0),(17,2,0.30,'2019-10-07 16:55:20',32,0),(18,2,0.30,'2019-10-07 16:57:58',33,0),(19,2,0.30,'2019-10-07 17:00:05',34,0),(20,2,0.03,'2019-10-07 17:02:15',35,0),(21,2,0.30,'2019-10-07 17:05:47',36,0),(22,2,0.30,'2019-10-07 17:07:00',37,0),(23,2,0.03,'2019-10-08 08:41:50',38,0),(24,2,0.03,'2019-10-08 08:46:01',39,0),(25,2,0.03,'2019-10-08 08:48:11',40,0),(26,2,0.03,'2019-10-08 08:55:42',42,0),(27,2,0.03,'2019-10-08 09:39:46',43,0),(28,2,6.00,'2019-10-08 09:44:36',44,0),(29,2,0.12,'2019-10-08 10:02:40',45,0),(30,2,0.03,'2019-10-08 10:05:49',46,0),(31,10,5.00,'2019-10-08 12:03:41',95,0),(32,2,15.00,'2019-10-08 13:28:43',96,0),(33,10,7.50,'2019-10-09 10:32:35',97,0),(34,2,0.06,'2019-10-09 10:34:46',98,0),(35,2,2.91,'2019-10-09 10:37:17',99,0),(36,10,6.50,'2019-10-09 11:00:56',106,0),(37,12,0.28,'2019-10-09 11:11:50',107,0),(38,12,0.28,'2019-10-09 11:32:17',108,0),(39,12,0.25,'2019-10-09 11:35:31',109,0),(40,2,0.30,'2019-10-09 11:36:10',110,0),(41,2,0.30,'2019-10-09 11:37:44',111,0),(42,12,0.28,'2019-10-09 11:49:54',112,0),(43,12,2.38,'2019-10-09 11:50:26',113,0),(44,12,0.31,'2019-10-09 11:56:54',114,0),(45,12,0.14,'2019-10-09 13:47:01',115,0),(46,2,0.30,'2019-10-09 13:56:20',116,0),(47,12,0.03,'2019-10-09 14:44:28',117,0),(48,2,0.30,'2019-10-09 14:45:16',118,0),(49,2,4.50,'2019-10-09 14:48:07',119,0),(50,2,4.50,'2019-10-09 14:50:38',120,0),(51,2,4.50,'2019-10-09 14:57:45',122,0),(52,2,0.30,'2019-10-09 14:59:15',123,0),(53,2,0.30,'2019-10-09 15:14:12',124,0),(54,2,0.30,'2019-10-09 15:36:31',125,0),(55,2,0.30,'2019-10-09 15:55:39',126,0),(56,12,0.28,'2019-10-09 15:58:41',127,0),(57,2,0.30,'2019-10-09 16:03:29',129,0),(58,2,0.30,'2019-10-09 16:06:50',130,0),(59,2,0.30,'2019-10-09 16:13:55',131,0),(60,2,1.23,'2019-10-09 16:20:04',132,0),(61,2,0.30,'2019-10-09 16:21:00',133,0),(62,2,0.30,'2019-10-09 16:24:53',134,0),(63,2,2.40,'2019-10-09 16:25:52',135,0),(64,12,0.25,'2019-10-10 10:26:22',137,0),(65,13,0.25,'2019-10-10 11:07:24',138,0),(66,12,0.25,'2019-10-10 16:12:38',141,0),(67,10,12.50,'2019-10-10 16:13:52',142,0),(68,12,6.25,'2019-10-10 16:14:11',143,0),(69,12,0.25,'2019-10-10 16:15:58',144,0),(70,12,0.25,'2019-10-10 16:22:29',145,0),(71,12,0.25,'2019-10-10 16:28:21',146,0),(72,12,0.25,'2019-10-10 16:50:28',153,0),(73,12,0.25,'2019-10-10 17:02:02',154,0),(74,12,0.25,'2019-10-10 17:06:39',155,0),(75,12,0.25,'2019-10-10 17:08:55',156,0),(76,12,0.25,'2019-10-10 17:53:52',157,0),(77,12,0.25,'2019-10-10 17:56:11',158,0),(78,12,0.25,'2019-10-10 18:03:41',160,0),(79,12,0.25,'2019-10-10 18:08:28',161,0),(87,2,0.60,'2019-10-11 16:39:48',171,0),(88,12,0.25,'2019-10-11 16:48:58',172,0),(89,12,0.25,'2019-10-11 17:01:04',173,0),(90,6,25.00,'2019-10-16 14:49:03',174,0),(91,12,0.25,'2019-10-16 15:00:02',176,0),(92,2,6.00,'2019-10-16 15:07:45',179,0),(93,6,25.00,'2019-10-16 16:28:32',180,0),(94,11,0.38,'2019-10-18 09:14:49',187,0),(95,11,0.38,'2019-10-18 09:49:12',188,0),(96,15,0.25,'2019-10-23 11:42:14',191,0),(97,15,0.02,'2019-10-23 11:43:16',192,0),(98,15,0.00,'2019-10-23 11:43:48',193,0),(99,15,0.02,'2019-10-23 11:45:11',194,0),(100,15,0.00,'2019-10-23 11:45:34',195,0),(101,15,0.00,'2019-10-23 11:46:02',196,0),(102,15,0.02,'2019-10-23 11:46:13',197,0),(103,15,0.00,'2019-10-23 13:48:55',198,0),(104,15,0.00,'2019-10-23 13:49:08',199,0),(105,15,0.00,'2019-10-23 14:42:20',200,0),(106,15,0.03,'2019-10-23 14:43:03',201,0),(107,15,0.00,'2019-10-23 14:45:23',202,0),(108,15,0.25,'2019-10-23 14:45:38',203,0),(109,15,0.00,'2019-10-25 10:40:50',204,0),(110,15,0.00,'2019-10-25 11:06:19',205,0),(111,15,0.03,'2019-10-25 11:06:54',206,0),(112,15,0.00,'2019-10-25 11:11:56',207,0),(113,15,0.00,'2019-10-25 11:12:15',208,0),(114,15,0.03,'2019-10-25 11:14:03',209,0),(115,15,0.03,'2019-10-25 11:16:01',210,0),(116,15,0.00,'2019-10-25 11:17:46',211,0),(117,15,0.03,'2019-10-25 11:18:04',212,0),(118,15,0.03,'2019-10-25 11:18:05',213,0),(119,15,0.03,'2019-10-25 11:20:01',214,0),(120,15,0.03,'2019-10-25 11:22:35',215,0),(121,15,0.03,'2019-10-25 11:26:24',216,0),(122,15,0.25,'2019-10-25 11:26:50',217,0),(123,15,0.03,'2019-10-25 11:36:28',218,0),(124,15,0.03,'2019-10-25 11:38:40',219,0),(125,15,0.03,'2019-10-25 11:48:46',220,0),(126,15,0.03,'2019-10-25 11:49:25',221,0),(127,15,0.03,'2019-10-25 12:01:16',222,0),(128,15,0.03,'2019-10-25 12:07:27',223,0),(129,15,0.25,'2019-10-25 13:58:27',224,0),(130,15,0.25,'2019-10-25 14:01:52',225,0),(131,15,0.25,'2019-10-25 14:04:51',226,0),(132,15,0.25,'2019-10-25 14:05:04',227,0),(133,15,0.25,'2019-10-25 14:05:42',228,0),(134,15,0.25,'2019-10-25 14:05:52',229,0),(135,15,0.25,'2019-10-25 14:08:01',230,0),(136,15,0.25,'2019-10-25 14:09:39',231,0),(137,15,0.25,'2019-10-25 14:12:14',232,0),(138,15,0.25,'2019-10-25 14:14:22',233,0),(139,15,0.25,'2019-10-25 14:15:57',234,0),(140,15,0.25,'2019-10-25 14:27:48',235,0),(141,15,0.03,'2019-10-25 14:55:48',236,0),(142,15,0.03,'2019-10-25 15:46:58',237,0),(143,15,0.03,'2019-10-25 15:49:46',238,0),(144,15,0.03,'2019-10-25 15:59:04',239,0),(145,15,0.03,'2019-10-25 16:05:31',240,0),(146,15,0.25,'2019-10-25 16:05:50',241,0),(147,15,0.25,'2019-10-25 16:14:27',242,0),(148,15,0.25,'2019-10-25 16:16:40',243,0),(149,15,0.03,'2019-10-25 16:18:44',244,0),(150,15,0.25,'2019-10-25 16:20:19',245,0),(151,15,0.25,'2019-10-25 16:22:07',246,0),(152,15,0.25,'2019-10-25 16:22:56',247,0),(153,15,0.25,'2019-10-25 16:37:05',248,0),(154,15,0.25,'2019-10-25 16:40:22',249,0),(155,15,0.50,'2019-10-25 16:41:37',250,0),(156,15,0.25,'2019-10-28 11:16:06',251,0),(157,15,0.25,'2019-10-28 11:16:48',252,0),(158,15,0.14,'2019-10-28 11:37:06',253,0),(159,15,0.14,'2019-10-28 13:24:57',254,0),(160,15,0.29,'2019-10-28 15:59:18',255,0),(161,15,0.25,'2019-10-28 16:00:44',256,0),(162,15,0.14,'2019-10-29 11:39:05',257,0),(163,15,0.25,'2019-10-29 13:08:54',258,0),(164,15,0.14,'2019-10-29 13:09:27',259,0),(165,15,1.25,'2019-10-29 14:51:15',260,0),(166,15,0.14,'2019-10-29 15:54:23',261,0),(167,12,0.25,'2019-10-29 15:55:35',262,0),(168,15,0.14,'2019-10-29 15:55:53',263,0),(169,15,0.14,'2019-10-29 16:01:18',264,0),(170,2,0.60,'2019-10-30 15:19:59',266,0),(171,2,0.60,'2019-10-30 15:27:00',267,0),(173,2,0.60,'2019-10-30 15:35:02',269,0),(174,2,0.60,'2019-10-30 15:35:37',270,0),(175,2,0.60,'2019-10-30 15:44:17',271,0),(177,2,0.60,'2019-10-30 15:48:46',273,0),(179,2,0.60,'2019-10-30 16:05:05',275,0),(180,12,0.25,'2019-10-31 10:25:02',276,0),(181,11,0.25,'2019-10-31 10:55:37',278,0),(182,11,0.25,'2019-10-31 11:01:09',279,0),(183,15,0.03,'2019-10-31 12:36:55',280,0),(184,15,0.03,'2019-10-31 12:38:27',281,0),(185,15,0.03,'2019-10-31 12:53:40',282,0),(186,15,0.03,'2019-10-31 13:03:56',283,0),(187,15,0.03,'2019-10-31 13:07:39',284,0),(190,15,0.03,'2019-10-31 13:15:42',287,0),(191,15,0.03,'2019-10-31 13:20:30',288,0),(192,2,0.60,'2019-10-31 15:27:54',289,0),(193,2,0.60,'2019-10-31 15:30:56',290,0),(195,2,0.60,'2019-10-31 15:40:30',292,0),(197,2,0.60,'2019-10-31 15:43:31',294,0),(198,2,0.60,'2019-10-31 15:43:46',295,0),(199,2,0.60,'2019-10-31 15:48:28',296,0),(200,2,0.60,'2019-10-31 16:17:41',297,0),(201,2,0.60,'2019-10-31 16:24:39',298,0),(202,2,0.60,'2019-10-31 16:28:04',299,0),(204,16,0.20,'2019-10-31 17:06:11',301,0),(205,16,0.20,'2019-10-31 17:07:33',302,0),(206,16,0.20,'2019-10-31 17:24:34',303,0),(207,8,0.03,'2019-11-01 09:05:52',304,0),(208,8,0.28,'2019-11-01 09:10:37',305,0),(209,8,0.05,'2019-11-01 09:21:56',306,0),(210,8,0.05,'2019-11-01 09:34:59',307,0),(211,15,0.03,'2019-11-01 09:35:22',308,0),(212,8,0.25,'2019-11-01 09:38:40',309,0),(213,15,0.03,'2019-11-01 09:39:39',310,0),(214,8,0.05,'2019-11-01 09:40:17',311,0),(215,16,0.20,'2019-11-01 09:59:34',312,0),(216,15,0.03,'2019-11-01 10:06:04',313,0),(217,8,0.05,'2019-11-01 10:18:37',314,0),(218,8,0.05,'2019-11-01 10:27:30',315,0),(219,8,0.05,'2019-11-01 10:37:43',316,0),(220,8,0.05,'2019-11-01 10:41:57',317,0),(221,8,0.25,'2019-11-01 10:45:20',318,0),(222,8,0.25,'2019-11-01 10:46:22',319,0),(223,8,0.25,'2019-11-01 10:51:17',320,0),(224,8,0.25,'2019-11-01 10:56:08',321,0),(225,8,0.05,'2019-11-01 10:58:00',322,0),(226,8,0.05,'2019-11-01 10:58:51',323,0),(227,8,0.25,'2019-11-01 10:59:07',324,0),(228,8,0.25,'2019-11-01 10:59:11',325,0),(229,8,0.25,'2019-11-01 10:59:12',326,0),(230,8,0.05,'2019-11-01 11:03:03',327,0),(231,8,0.25,'2019-11-01 11:07:34',328,0),(232,8,0.25,'2019-11-01 11:09:56',329,0),(233,8,0.05,'2019-11-01 11:12:16',330,0),(234,8,0.25,'2019-11-01 11:16:42',331,0),(235,8,2.85,'2019-11-01 11:19:29',332,0),(236,8,0.25,'2019-11-01 11:23:28',333,0),(237,8,0.25,'2019-11-01 11:52:32',334,0),(238,8,0.25,'2019-11-01 11:52:33',335,0),(239,8,0.25,'2019-11-01 11:53:03',336,0),(240,8,0.25,'2019-11-01 11:53:05',337,0),(241,8,0.05,'2019-11-01 13:44:58',338,0),(243,8,0.05,'2019-11-01 13:59:14',340,0),(244,8,0.05,'2019-11-01 14:36:06',341,0),(245,8,0.05,'2019-11-01 14:39:35',342,0),(246,8,0.05,'2019-11-01 14:43:06',343,0),(247,12,0.25,'2019-11-01 14:44:27',344,0),(248,16,0.20,'2019-11-01 14:47:17',345,0),(249,8,0.05,'2019-11-01 14:55:53',346,0),(250,8,0.05,'2019-11-01 15:08:26',347,0),(251,8,0.05,'2019-11-01 16:29:12',348,0),(252,8,0.05,'2019-11-01 16:31:16',349,0),(253,8,0.05,'2019-11-01 16:34:07',350,0),(256,8,0.05,'2019-11-01 16:49:04',353,0),(257,8,0.05,'2019-11-01 16:52:00',354,0),(258,8,0.05,'2019-11-01 16:53:40',355,0),(259,8,0.05,'2019-11-01 16:58:34',356,0),(260,8,0.05,'2019-11-04 09:14:47',357,0),(261,8,0.05,'2019-11-04 09:25:27',358,0),(262,2,0.60,'2019-11-04 11:02:57',359,0),(264,2,0.60,'2019-11-04 11:15:04',361,0),(265,8,0.05,'2019-11-04 11:15:41',362,0),(266,17,0.00,'2019-11-04 11:21:51',364,0),(269,8,0.05,'2019-11-04 11:32:07',367,0),(270,8,0.05,'2019-11-04 11:33:09',368,0),(271,8,0.05,'2019-11-04 11:36:28',369,0),(273,12,0.25,'2019-11-04 11:44:43',371,0),(274,12,0.25,'2019-11-04 11:50:54',372,0),(275,12,0.25,'2019-11-04 11:52:39',373,0),(276,12,0.25,'2019-11-04 11:55:21',374,0),(277,8,0.05,'2019-11-04 11:56:29',375,0),(278,12,0.25,'2019-11-04 12:01:18',376,0),(279,16,0.20,'2019-11-04 12:01:41',377,0),(280,12,0.00,'2019-11-08 11:00:36',378,0),(281,16,0.20,'2019-11-11 09:00:41',379,0),(282,16,0.20,'2019-11-11 09:23:13',380,0),(283,16,0.20,'2019-11-11 09:25:11',381,0),(284,17,0.00,'2019-11-11 09:35:54',382,0),(285,17,0.00,'2019-11-11 09:47:47',383,0),(286,16,0.20,'2019-11-11 09:58:36',384,0),(287,15,0.11,'2019-11-11 10:04:59',385,0),(288,8,0.25,'2019-11-11 10:44:39',386,0),(289,17,0.00,'2019-11-11 14:32:08',387,0),(290,16,0.22,'2019-11-11 14:40:28',388,0),(291,17,0.00,'2019-11-11 15:06:25',389,0),(292,17,0.00,'2019-11-11 15:15:11',390,0),(293,16,0.02,'2019-11-11 15:16:08',391,0),(294,12,0.25,'2019-11-11 15:52:13',397,0),(295,8,0.25,'2019-11-12 13:27:57',399,0),(296,8,0.25,'2019-11-12 13:27:58',400,0),(297,8,0.25,'2019-11-12 13:31:23',401,0),(298,8,2.50,'2019-11-12 13:35:24',402,0),(299,18,1.11,'2019-11-12 13:39:30',404,0),(300,8,0.05,'2019-11-12 16:39:08',405,0),(301,15,1.46,'2019-11-13 09:28:37',406,0),(302,8,0.05,'2019-11-13 10:48:18',407,0),(303,12,0.25,'2019-11-13 15:34:50',408,0),(304,12,0.25,'2019-11-13 15:35:37',409,0),(305,12,16.00,'2019-11-13 15:38:21',410,0),(306,8,0.05,'2019-11-13 17:49:52',411,0),(307,8,0.05,'2019-11-13 17:50:21',412,0),(316,8,0.05,'2019-11-15 12:10:08',421,0),(317,8,0.05,'2019-11-15 12:10:34',422,0),(318,8,0.05,'2019-11-15 12:10:42',423,0),(319,8,0.05,'2019-11-15 12:25:18',424,0),(320,8,0.05,'2019-11-15 12:27:49',425,0),(321,8,0.05,'2019-11-15 12:28:02',426,0),(322,18,0.20,'2019-11-15 12:28:36',427,0),(323,8,0.05,'2019-11-19 10:29:46',428,0),(324,15,0.03,'2019-11-20 16:50:43',429,0),(325,8,0.05,'2019-11-20 16:57:53',430,0),(326,16,0.20,'2019-11-20 17:12:22',431,0),(327,2,0.60,'2019-11-20 17:44:17',432,0),(328,16,0.20,'2019-11-20 17:44:56',433,0),(329,8,0.05,'2019-11-20 17:45:21',434,0),(330,12,0.25,'2019-11-20 17:46:13',435,0),(331,18,0.20,'2019-11-20 17:46:42',436,0),(332,8,0.05,'2019-11-20 17:46:55',437,0),(333,15,0.03,'2019-11-20 17:48:25',438,0),(334,2,0.60,'2019-11-20 17:48:52',439,0),(335,2,0.60,'2019-11-20 17:52:24',440,0),(336,2,0.60,'2019-11-20 18:14:13',441,0),(337,2,0.60,'2019-11-20 18:18:11',442,0),(338,12,0.25,'2019-11-20 18:18:26',443,0),(339,16,0.20,'2019-11-22 09:34:25',444,0),(340,2,0.60,'2019-11-22 09:45:58',445,0),(341,17,0.00,'2019-11-22 09:50:26',446,0),(342,17,0.00,'2019-11-22 09:53:29',447,0),(343,17,0.00,'2019-11-22 09:59:32',448,0),(344,17,0.00,'2019-11-22 10:04:29',449,0),(345,17,0.00,'2019-11-22 10:11:52',450,0),(346,18,0.01,'2019-11-22 10:18:43',451,0),(347,12,0.01,'2019-11-22 10:19:18',452,0),(348,8,0.03,'2019-11-22 10:23:13',453,0),(349,8,0.03,'2019-11-22 10:23:15',454,0),(350,16,0.18,'2019-11-22 10:31:42',455,0),(351,15,0.09,'2019-11-22 10:39:55',456,0),(352,8,0.03,'2019-11-22 14:51:46',457,0),(353,8,0.03,'2019-11-22 14:52:30',458,0),(354,8,0.03,'2019-11-22 14:54:03',459,0),(355,8,0.03,'2019-11-22 14:55:09',460,0),(356,8,0.31,'2019-11-22 14:55:26',461,0),(357,8,0.31,'2019-11-22 14:55:29',462,0),(358,8,0.03,'2019-11-22 14:56:02',463,0),(359,8,0.03,'2019-11-22 14:59:00',464,0),(360,8,0.03,'2019-11-22 14:59:02',465,0),(361,8,0.31,'2019-11-22 15:03:36',466,0),(362,8,0.31,'2019-11-22 15:03:40',467,0),(363,8,0.03,'2019-11-22 15:13:48',468,0),(364,8,0.00,'2019-11-22 15:14:06',469,0),(365,8,0.03,'2019-11-22 15:15:24',470,0),(366,8,0.03,'2019-11-22 15:15:26',471,0),(367,8,0.03,'2019-11-22 15:15:29',472,0),(368,8,0.03,'2019-11-22 15:20:50',473,0),(369,8,0.03,'2019-11-22 15:20:54',474,0),(370,8,0.03,'2019-11-22 15:23:00',475,0),(371,8,0.03,'2019-11-22 15:23:41',476,0),(372,8,0.03,'2019-11-22 15:23:45',477,0),(373,8,0.03,'2019-11-22 15:23:47',478,0),(374,8,0.31,'2019-11-22 15:31:17',479,0),(375,8,0.31,'2019-11-22 15:43:40',480,0),(376,8,0.31,'2019-11-22 15:46:55',481,0),(377,8,0.03,'2019-11-22 15:47:22',482,0),(378,8,0.03,'2019-11-22 15:47:47',483,0),(379,8,0.03,'2019-11-22 15:54:15',484,0),(380,8,0.03,'2019-11-22 15:54:17',485,0),(381,8,0.31,'2019-11-22 15:54:39',486,0),(382,8,0.31,'2019-11-22 15:54:41',487,0),(383,8,0.00,'2019-11-22 15:58:19',488,0),(384,8,0.00,'2019-11-22 15:58:22',489,0),(385,8,0.00,'2019-11-22 15:58:25',490,0),(386,8,0.00,'2019-11-22 15:58:27',491,0),(387,8,0.03,'2019-11-22 16:02:02',492,0),(388,8,0.03,'2019-11-22 16:07:23',493,0),(389,8,0.00,'2019-11-22 16:09:13',494,0),(390,8,0.31,'2019-11-22 16:11:52',495,0),(391,8,0.03,'2019-11-22 16:14:12',496,0),(392,8,0.03,'2019-11-22 16:14:15',497,0),(393,8,0.03,'2019-11-22 16:17:01',498,0),(394,8,0.03,'2019-11-22 16:20:38',499,0),(395,8,0.03,'2019-11-22 16:20:41',500,0),(396,8,0.03,'2019-11-22 16:20:43',501,0),(397,8,0.03,'2019-11-22 16:20:46',502,0),(398,8,0.03,'2019-11-22 16:20:48',503,0),(399,8,0.03,'2019-11-22 16:20:52',504,0),(400,8,0.03,'2019-11-22 16:20:54',505,0),(401,8,0.31,'2019-11-22 16:21:28',506,0),(402,8,0.31,'2019-11-22 16:21:31',507,0),(403,8,0.31,'2019-11-22 16:21:33',508,0),(404,8,0.31,'2019-11-22 16:21:36',509,0),(405,8,0.31,'2019-11-22 16:21:38',510,0),(406,8,0.03,'2019-11-22 16:23:49',511,0),(407,8,0.03,'2019-11-22 16:25:25',512,0),(408,8,0.03,'2019-11-22 16:28:19',513,0),(409,8,0.03,'2019-11-22 16:31:09',514,0),(410,8,0.00,'2019-11-22 16:31:29',515,0),(411,8,0.03,'2019-11-22 16:34:54',516,0),(412,8,0.03,'2019-11-22 16:36:29',517,0),(413,8,0.31,'2019-11-22 16:36:53',518,0),(414,8,0.03,'2019-11-22 16:37:22',519,0),(415,8,0.31,'2019-11-22 16:42:32',520,0),(416,8,0.03,'2019-11-22 16:44:37',521,0),(417,8,0.03,'2019-11-22 16:46:16',522,0),(418,12,0.01,'2019-11-27 14:41:18',523,0),(419,8,0.05,'2019-12-04 09:42:36',524,0),(420,8,0.05,'2019-12-04 09:50:06',525,0),(421,8,0.05,'2019-12-04 09:53:18',526,0),(423,8,0.05,'2019-12-04 10:11:20',528,0),(424,6,25.00,'2020-01-17 14:18:58',529,0),(425,6,25.00,'2020-01-17 14:55:28',530,0),(426,6,25.00,'2020-01-17 14:57:38',531,0),(427,6,25.00,'2020-01-17 15:02:37',532,0),(428,18,0.00,'2020-01-17 15:09:55',533,0),(429,12,0.31,'2020-01-17 15:10:15',534,0),(430,6,25.00,'2020-01-17 15:11:02',535,0),(431,6,25.00,'2020-01-17 15:12:55',536,0),(432,6,25.00,'2020-01-17 16:49:33',537,0),(433,6,25.00,'2020-01-17 16:58:38',538,0),(434,8,0.05,'2020-01-17 17:03:30',539,0),(435,22,0.22,'2020-01-17 17:09:11',540,0),(436,12,0.25,'2020-01-18 14:25:54',542,0),(437,18,0.20,'2020-01-18 15:12:26',543,0),(438,12,37.50,'2020-01-18 15:12:50',544,0),(439,22,0.20,'2020-01-18 15:13:14',545,0),(440,18,0.20,'2020-01-18 16:06:23',546,0),(441,22,2.00,'2020-01-18 16:12:23',547,0),(442,6,25.00,'2020-01-18 16:16:46',548,0),(443,16,2.00,'2020-01-18 16:18:28',549,0),(444,15,0.04,'2020-01-18 16:21:28',550,0),(445,15,0.01,'2020-01-18 16:24:19',551,0),(446,12,4.50,'2020-01-19 13:56:51',552,0),(454,15,0.03,'2020-01-19 16:38:15',560,0),(455,15,0.04,'2020-01-19 16:39:29',561,0),(456,26,0.50,'2020-01-19 16:40:35',562,0),(457,8,0.50,'2020-01-19 16:41:14',563,0),(458,15,0.04,'2020-01-19 16:44:28',564,0),(459,15,0.04,'2020-01-19 16:44:50',565,0),(460,15,0.28,'2020-01-19 16:46:36',566,0),(461,28,300.00,'2020-01-19 19:34:50',567,0),(462,18,360.00,'2020-01-19 19:35:18',568,0),(463,15,0.04,'2020-01-19 19:37:48',569,0),(464,15,0.26,'2020-01-19 19:38:47',570,0),(465,18,2.00,'2020-01-19 21:26:05',571,0),(466,28,300.00,'2020-01-19 21:26:30',572,0),(467,26,0.50,'2020-01-19 21:32:56',573,0),(468,15,1.25,'2020-01-22 10:05:04',574,0),(469,15,1.25,'2020-01-22 10:11:23',575,0),(470,15,1.25,'2020-01-22 10:13:02',576,0),(471,15,1.50,'2020-01-22 10:13:37',577,0),(472,15,1.25,'2020-01-22 10:23:51',578,0),(473,15,5.00,'2020-01-22 10:26:52',579,0),(474,15,5.00,'2020-01-22 10:27:56',580,0),(475,15,5.00,'2020-01-22 10:28:08',581,0),(476,15,5.00,'2020-01-22 10:28:43',582,0),(477,15,9.50,'2020-01-22 10:33:17',583,0),(478,15,9.50,'2020-01-22 10:38:38',584,0),(479,15,1.25,'2020-01-22 10:39:15',585,0),(480,15,5.00,'2020-01-22 10:50:34',586,0),(481,15,0.05,'2020-01-22 11:39:06',587,0),(482,15,0.25,'2020-01-22 11:43:11',588,0),(483,15,0.25,'2020-01-22 13:44:51',589,0),(484,15,0.04,'2020-02-10 10:01:01',622,0),(485,27,2.50,'2020-02-10 10:02:18',623,0),(486,16,0.20,'2020-02-10 10:03:40',624,0),(487,8,0.02,'2020-02-19 18:02:56',631,0),(488,26,0.50,'2020-02-26 18:36:52',633,0),(489,18,0.11,'2020-03-04 14:35:35',634,0),(490,12,1.39,'2020-03-04 14:37:14',635,0),(491,8,0.11,'2020-03-04 14:40:08',636,0),(492,16,0.00,'2020-03-04 14:44:14',637,0),(493,15,0.10,'2020-03-04 14:47:53',638,0),(494,27,25.00,'2020-03-04 16:16:51',639,0),(495,8,1.25,'2020-03-04 16:17:42',640,0),(496,18,0.00,'2020-03-04 20:19:32',641,0),(497,12,0.00,'2020-03-04 20:21:39',642,0),(498,8,0.25,'2020-03-04 20:22:20',643,0),(499,16,0.20,'2020-03-04 20:23:00',644,0),(500,20,1.00,'2020-03-04 20:23:59',645,0),(501,17,0.00,'2020-03-04 20:27:24',646,0),(502,8,3750.00,'2020-03-05 09:41:14',648,0),(503,8,1750.00,'2020-03-05 09:45:41',649,0),(504,22,0.02,'2020-03-05 10:57:08',650,0),(505,17,0.00,'2020-03-05 11:22:13',651,0),(506,8,500.00,'2020-03-05 11:36:37',652,0),(507,6,25.00,'2020-03-05 11:39:04',653,0),(508,26,0.50,'2020-03-05 13:46:04',654,0),(509,26,0.05,'2020-03-05 14:07:48',655,0),(510,26,0.05,'2020-03-05 14:08:05',656,0),(511,26,0.05,'2020-03-05 14:27:03',657,0),(512,26,0.05,'2020-03-05 14:37:41',658,0),(513,26,0.05,'2020-03-09 16:56:23',659,0),(514,26,0.05,'2020-03-09 16:56:40',660,0),(515,26,0.05,'2020-03-09 16:56:52',661,0),(517,26,0.05,'2020-03-09 17:03:05',663,0),(518,26,0.05,'2020-03-09 17:07:21',664,0),(519,26,0.05,'2020-03-09 17:15:33',665,0),(520,26,0.05,'2020-03-09 17:20:17',666,0),(521,26,0.05,'2020-03-09 17:23:28',667,0),(523,26,0.05,'2020-03-09 17:29:16',669,0),(525,26,0.05,'2020-03-09 17:44:29',671,0),(527,26,0.05,'2020-03-10 09:55:39',673,0),(530,26,0.05,'2020-03-10 10:07:19',676,0),(531,26,0.05,'2020-03-10 10:09:15',677,0),(532,26,0.05,'2020-03-10 10:16:39',678,0),(533,26,0.05,'2020-03-10 10:52:56',679,0),(534,26,0.05,'2020-03-10 10:53:15',680,0),(535,26,0.05,'2020-03-10 10:56:36',681,0),(537,26,0.05,'2020-03-10 11:15:30',683,0),(538,26,0.05,'2020-03-10 11:15:30',684,0),(539,26,0.05,'2020-03-10 11:15:33',685,0),(540,26,0.05,'2020-03-10 11:16:54',686,0),(541,26,0.05,'2020-03-10 11:46:37',687,0),(542,26,0.05,'2020-03-10 11:48:52',688,0),(543,26,0.05,'2020-03-10 15:02:57',689,0),(546,26,0.05,'2020-03-10 15:31:19',692,0),(551,26,0.05,'2020-03-10 16:40:25',697,0),(552,26,0.05,'2020-03-11 15:27:49',698,0),(553,26,0.05,'2020-03-11 15:27:54',699,0),(554,26,0.05,'2020-03-11 15:27:57',700,0),(555,26,0.05,'2020-03-11 15:44:45',701,0),(557,26,0.05,'2020-03-11 15:53:50',703,0),(558,26,0.05,'2020-03-11 15:54:01',704,0),(559,26,0.05,'2020-03-11 15:54:14',705,0),(560,26,0.05,'2020-03-11 15:54:45',706,0),(561,26,0.05,'2020-03-11 17:15:00',707,0),(562,26,0.05,'2020-03-12 12:49:18',708,0),(563,26,0.16,'2020-03-13 10:48:52',709,0),(564,26,0.05,'2020-03-13 10:51:26',710,0),(565,26,0.05,'2020-03-13 10:59:26',711,0),(566,26,0.05,'2020-03-13 11:01:13',712,0),(567,26,0.16,'2020-03-13 11:01:39',713,0),(568,26,0.16,'2020-03-13 11:02:22',714,0),(569,26,0.16,'2020-03-13 11:02:39',715,0),(570,26,0.16,'2020-03-13 11:03:26',716,0),(571,26,0.16,'2020-03-13 11:04:24',717,0),(572,26,0.16,'2020-03-13 11:04:28',718,0),(573,26,0.24,'2020-03-13 11:05:23',719,0),(574,26,0.24,'2020-03-13 11:08:56',720,0),(576,26,0.24,'2020-03-13 11:18:55',722,0),(578,26,0.24,'2020-03-13 11:36:24',724,0),(579,26,0.16,'2020-03-13 11:49:16',725,0),(580,26,0.16,'2020-03-13 11:55:46',726,0),(581,26,0.16,'2020-03-13 12:48:51',727,0),(584,26,0.16,'2020-03-13 14:11:07',730,0),(585,26,1.49,'2020-03-13 14:31:36',731,0),(586,26,0.11,'2020-03-13 14:45:49',732,0),(587,26,0.24,'2020-03-13 16:08:46',733,0),(588,26,0.16,'2020-03-13 16:09:33',734,0),(589,26,0.16,'2020-03-13 16:10:39',735,0),(597,38,0.02,'2020-04-13 21:34:57',745,0),(598,38,0.02,'2020-04-13 21:40:22',746,0),(599,38,0.02,'2020-04-13 21:48:30',747,0),(604,16,0.20,'2020-04-20 21:22:52',752,0),(605,16,0.20,'2020-04-20 21:58:22',753,0),(606,38,0.02,'2020-04-23 15:19:58',754,0),(609,38,0.02,'2020-04-23 15:36:19',757,0),(610,38,0.02,'2020-04-23 15:38:31',758,0),(612,38,0.02,'2020-04-23 15:50:55',760,0),(613,38,0.02,'2020-04-23 16:00:19',761,0),(614,38,0.02,'2020-04-23 16:03:16',762,0),(615,38,0.02,'2020-04-23 16:10:04',763,0),(616,38,0.02,'2020-04-24 08:29:44',764,0),(617,38,0.02,'2020-04-24 08:30:47',765,0),(618,38,0.02,'2020-04-24 08:31:01',766,0),(619,38,0.02,'2020-04-24 08:32:32',767,0),(620,38,0.02,'2020-04-24 08:36:39',768,0),(624,38,0.02,'2020-04-24 08:50:26',772,0),(625,38,0.02,'2020-04-24 09:02:24',774,0),(626,16,0.20,'2020-05-06 01:50:51',775,0),(627,17,0.00,'2020-05-06 02:07:48',776,0),(628,16,4.00,'2020-05-06 02:36:42',777,0),(629,16,4.00,'2020-05-06 02:37:43',778,0),(630,28,50.00,'2020-05-06 02:38:46',779,0),(632,38,0.02,'2020-05-06 03:10:17',781,0),(633,38,0.02,'2020-05-06 03:26:31',782,0),(634,38,0.50,'2020-05-06 03:28:20',783,0),(635,38,5.00,'2020-05-06 03:29:48',784,0),(636,38,0.50,'2020-05-06 03:31:19',785,0),(637,12,0.05,'2020-05-06 03:31:57',786,0),(638,22,4.00,'2020-05-06 03:32:41',787,0),(639,20,1.00,'2020-05-06 05:11:15',788,0),(640,18,0.19,'2020-05-06 07:46:04',789,0),(641,38,0.50,'2020-05-06 07:46:43',790,0),(642,26,0.50,'2020-05-06 07:47:38',791,0),(643,22,4.00,'2020-05-06 07:48:14',792,0),(644,26,0.40,'2020-05-06 07:50:23',793,0),(645,26,0.40,'2020-05-06 07:52:36',794,0),(646,26,0.40,'2020-05-06 07:52:51',795,0),(647,26,0.40,'2020-05-06 07:53:09',796,0),(648,26,0.40,'2020-05-06 07:53:17',797,0),(649,26,0.40,'2020-05-06 07:53:22',798,0),(650,26,0.05,'2020-05-06 08:38:48',799,0),(651,26,5.10,'2020-05-06 08:41:14',800,0),(652,26,5.10,'2020-05-06 08:43:41',801,0),(653,26,5.10,'2020-05-06 08:46:59',802,0),(654,26,5.10,'2020-05-06 08:54:50',803,0),(655,26,5.10,'2020-05-06 08:55:02',804,0),(656,26,5.10,'2020-05-06 08:55:09',805,0),(657,26,5.10,'2020-05-06 08:55:16',806,0),(658,26,5.10,'2020-05-06 08:58:54',807,0),(659,26,0.15,'2020-05-06 09:05:53',808,0),(660,26,0.15,'2020-05-06 09:06:43',809,0),(661,26,0.15,'2020-05-06 09:10:29',810,0),(662,26,0.15,'2020-05-06 09:10:55',811,0),(663,26,0.15,'2020-05-06 09:14:23',812,0),(664,26,0.15,'2020-05-06 09:19:17',813,0),(665,26,0.15,'2020-05-06 09:26:40',814,0),(666,38,0.02,'2020-05-08 23:25:04',815,0),(667,38,0.02,'2020-05-08 23:25:12',816,0),(668,38,0.02,'2020-05-08 23:25:59',817,0),(669,38,0.02,'2020-05-08 23:27:26',818,0),(670,38,0.25,'2020-05-10 02:31:53',819,0),(671,38,0.02,'2020-05-10 02:37:43',820,0),(672,38,0.02,'2020-05-10 02:38:25',821,0),(673,38,0.02,'2020-05-10 02:48:06',822,0),(674,38,0.02,'2020-05-10 02:48:55',823,0),(675,38,0.02,'2020-05-10 03:13:46',824,0),(676,38,2.50,'2020-05-10 09:45:15',825,0),(677,38,2.50,'2020-05-10 09:45:51',826,0),(678,38,0.31,'2020-05-10 09:46:57',827,0),(679,38,2.50,'2020-05-10 09:51:13',828,0),(680,18,100.00,'2020-05-10 09:57:44',829,0),(681,38,0.50,'2020-05-10 09:58:22',830,0),(682,22,0.20,'2020-05-10 09:59:20',831,0),(683,16,4.00,'2020-05-10 10:00:18',832,0),(684,20,1.00,'2020-05-10 10:01:09',833,0),(685,20,1.00,'2020-05-10 10:01:42',834,0),(686,20,1.00,'2020-05-10 10:02:26',835,0),(687,26,0.60,'2020-05-10 10:03:44',836,0),(688,22,0.20,'2020-05-11 13:52:48',837,0),(689,26,0.40,'2020-05-18 14:32:51',838,0),(690,18,4.00,'2020-05-18 22:25:23',839,0),(691,38,0.50,'2020-05-18 22:26:21',840,0),(692,12,0.50,'2020-05-18 22:27:10',841,0),(693,8,5.00,'2020-05-18 22:28:16',842,0),(694,16,40.00,'2020-05-18 22:29:13',843,0),(695,35,0.04,'2020-05-18 22:30:42',844,0),(696,35,0.05,'2020-05-18 22:31:11',845,0),(697,26,4.88,'2020-05-18 22:33:54',846,0),(698,18,20.00,'2020-05-20 00:49:58',847,0),(699,11,25.00,'2020-05-20 00:50:46',848,0),(700,12,0.00,'2020-05-20 00:57:19',849,0),(701,8,0.00,'2020-05-20 00:58:32',850,0),(702,16,0.00,'2020-05-20 00:59:22',851,0),(703,26,0.00,'2020-05-20 01:01:36',852,0),(704,26,0.00,'2020-05-20 01:01:42',853,0);
/*!40000 ALTER TABLE `commission_item` ENABLE KEYS */;
UNLOCK TABLES;

--
-- Table structure for table `country`
--

DROP TABLE IF EXISTS `country`;
/*!40101 SET @saved_cs_client     = @@character_set_client */;
/*!40101 SET character_set_client = utf8 */;
CREATE TABLE `country` (
  `id` bigint(3) NOT NULL AUTO_INCREMENT,
  `name` varchar(255) NOT NULL,
  `shortName` varchar(5) DEFAULT NULL,
  `code` varchar(5) DEFAULT NULL,
  `alternativeName1` varchar(255) DEFAULT NULL,
  `alternativeName2` varchar(255) DEFAULT NULL,
  `alternativeName3` varchar(255) DEFAULT NULL,
  PRIMARY KEY (`id`)
) ENGINE=InnoDB AUTO_INCREMENT=171 DEFAULT CHARSET=latin1;
/*!40101 SET character_set_client = @saved_cs_client */;

--
-- Dumping data for table `country`
--

LOCK TABLES `country` WRITE;
/*!40000 ALTER TABLE `country` DISABLE KEYS */;
INSERT INTO `country` VALUES (1,'VENEZUELA','VE','58',NULL,NULL,'VENEZUELA'),(2,'AFGANISTN','AF','93',NULL,NULL,'AFGANISTAN'),(3,'ALBANIA','AL','355',NULL,NULL,'ALBANIA'),(4,'ALEMANIA','DE','49',NULL,NULL,'GERMANY'),(5,'ANDORRA','AD','376',NULL,NULL,'ANDORRA'),(6,'ANGOLA','AO','244',NULL,NULL,'ANGOLA'),(7,'ANGUILA','AI','1264',NULL,NULL,'ANGUILA'),(8,'ANTIGUA','AG','1268','','','ANTIGUA'),(9,'ANTILLAS HOLANDESAS','AN','599','BONAIRE','','NETHERLANDS ANTILLES'),(10,'ANTRTICA','','672',NULL,NULL,'ANTRTICA'),(11,'ARABIA SAUDITA','SA','966',NULL,NULL,'SAUDI ARABIA'),(12,'ARGELIA','DZ','21',NULL,NULL,'ARGELIA'),(13,'ARGENTINA','AR','54',NULL,NULL,'ARGENTINA'),(14,'ARMENIA','AM','374',NULL,NULL,'ARMENIA'),(15,'ARUBA','AW','297',NULL,NULL,'ARUBA'),(16,'AUSTRALIA','AU','61',NULL,NULL,'AUSTRALIA'),(17,'AUSTRIA','AT','43',NULL,NULL,'AUSTRIA'),(18,'AZERBAIJAN','','994',NULL,NULL,'AZERBAIJAN'),(19,'BAHAMAS','BS','1242',NULL,NULL,'BAHAMAS'),(20,'BAHRAIN','','973',NULL,NULL,'BAHRAIN'),(21,'BANGLADESH','BD','880','BANGLALINK BANGLA','','BANGLADESH'),(22,'BARBADOS','BB','1246',NULL,NULL,'BARBADOS'),(23,'BELICE','BZ','501',NULL,NULL,'BELIZE'),(24,'BERMUDA','','809',NULL,NULL,'BERMUDA'),(25,'BOLIVIA','BO','591',NULL,NULL,'BOLIVIA'),(26,'BRASIL','BR','55',NULL,NULL,'BRAZIL'),(27,'BULGARIA','BG','359',NULL,NULL,'BULGARIA'),(28,'BURKINA FASO','BF','226',NULL,NULL,'BURKINA FASO'),(29,'B?LGICA','BE','32',NULL,NULL,'BELGIUM'),(30,'CAMBOYA','KH','855',NULL,NULL,'CAMBODIA'),(32,'CHILE','CL','56',NULL,NULL,'CHILE'),(33,'CHINA','CN','86',NULL,NULL,'CHINA'),(34,'CHIPRE','CY','357','CYPRUS','','CYPRUS'),(35,'COLOMBIA','CO','57',NULL,NULL,'COLOMBIA'),(36,'COREA','','82',NULL,NULL,'SOUTH KOREA'),(37,'COSTA RICA','CR','506',NULL,NULL,'COSTA RICA'),(38,'CROACIA','HR','385',NULL,NULL,'CROATIA'),(39,'CUBA','CU','53',NULL,NULL,'CUBA'),(40,'DINAMARCA','DK','45',NULL,NULL,'DENMARK'),(41,'DOMINICA','DM','767',NULL,NULL,'DOMINICA'),(42,'ECUADOR','EC','593',NULL,NULL,'ECUADOR'),(43,'EGIPTO','EG','20',NULL,NULL,'EGYPT'),(44,'EL SALVADOR','SV','503',NULL,NULL,'EL SALVADOR'),(45,'EMIRATOS RABES UNIDOS','AE','971',NULL,NULL,'UNITED ARAB EMIRATES'),(46,'ESPA?A','ES','34',NULL,NULL,'SPAIN'),(47,'ESTADOS UNIDOS','US','1',NULL,NULL,'UNITED STATES'),(48,'ESTONIA','EE','372',NULL,NULL,'ESTONIA'),(49,'FINLANDIA','FI','358',NULL,NULL,'FINLAND'),(50,'FRANCIA','FR','33',NULL,NULL,'FRANCE'),(51,'GAB?N','GA','241',NULL,NULL,'GABON'),(52,'GRECIA','GR','30',NULL,NULL,'GREECE'),(53,'GUADALUPE','GP','590',NULL,NULL,'GUADALUPE'),(54,'GUATEMALA','GT','502',NULL,NULL,'GUATEMALA'),(55,'GUYANA','GY','592',NULL,NULL,'GUYANA'),(56,'GUYANA FRANCESA','','594',NULL,NULL,'FRENCH GUIANA'),(57,'HAIT','HT','509',NULL,NULL,'HAIT'),(58,'HOLANDA','','31',NULL,NULL,'NETHERLANDS'),(59,'HONDURAS','HN','504',NULL,NULL,'HONDURAS'),(60,'HONG KONG','HK','852',NULL,NULL,'HONG KONG'),(61,'HUNGRA','HU','36',NULL,NULL,'HUNGARY'),(62,'INDIA','IN','91',NULL,NULL,'INDIA'),(63,'INDIAS BRITNICAS','','246',NULL,NULL,'BRITISH INDIES'),(64,'INDONESIA','ID','62',NULL,NULL,'INDONESIA'),(65,'INGLATERRA','','44',NULL,NULL,'ENGLAND'),(66,'IRAK','IQ','964',NULL,NULL,'IRAK'),(67,'IRLANDA','IE','353',NULL,NULL,'IRELAND'),(68,'ISLANDIA','IS','354',NULL,NULL,'ICELAND'),(73,'ISRAEL','IL','972',NULL,NULL,'ISRAEL'),(74,'ITALIA','IT','39',NULL,NULL,'ITALY'),(76,'JAP?N','JP','81',NULL,NULL,'JAPAN'),(77,'JORDANIA','JO','962',NULL,NULL,'JORDAN'),(78,'KENYA','','254',NULL,NULL,'KENYA'),(79,'LETONIA','LV','371',NULL,NULL,'LETONIA'),(80,'LUXEMBURGO','LU','352',NULL,NULL,'LUXEMBURGO'),(81,'LBANO','LB','961',NULL,NULL,'LEBANON'),(82,'MALASIA','MY','60',NULL,NULL,'MALASIA'),(83,'MARRUECOS','MA','212',NULL,NULL,'MORROCO'),(84,'MICRONESIA','FM','691',NULL,NULL,'MICRONESIA'),(85,'M?XICO','MX','52',NULL,NULL,'MEXICO'),(86,'M?NACO','MC','377',NULL,NULL,'MONACO'),(87,'NICARAGUA','NI','505',NULL,NULL,'NICARAGUA'),(88,'NIGERIA','NG','234',NULL,NULL,'NIGERIA'),(89,'NORUEGA','NO','47',NULL,NULL,'NORWAY'),(90,'NUEVA ZELANDA','NZ','64',NULL,NULL,'NEW ZELAND'),(91,'OMN','OM','968',NULL,NULL,'OMAN'),(92,'OTRO','OTR','1234',NULL,NULL,'OTRO'),(93,'PAKISTN','PK','92',NULL,NULL,'PAKISTAN'),(94,'PANAM','PA','507',NULL,NULL,'PANAMA'),(95,'PAP?A/NUEVA GUINEA','PG','675','','','NEW GUINEA - PAPUA ISLAND'),(96,'PARAGUAY','PY','595',NULL,NULL,'PARAGUAY'),(97,'PER?','PE','51',NULL,NULL,'PERU'),(98,'POLONIA','PL','48',NULL,NULL,'POLAND'),(99,'PORTUGAL','PT','351',NULL,NULL,'PORTUGAL'),(100,'PUERTO RICO','PR','1787',NULL,NULL,'PUERTO RICO'),(101,'REINO UNIDO','GB','44',NULL,NULL,'UNITED KINGDOM'),(102,'REP?BLICA CHECA','CZ','420',NULL,NULL,'CZECH REPUBLIC'),(104,'RUMANIA','RO','40',NULL,NULL,'ROMANIA'),(105,'RUSIA','RU','7',NULL,NULL,'RUSSIA'),(106,'SAMOA','WS','685',NULL,NULL,'SAMOA'),(107,'SAMOA AMERICANA','AS','684',NULL,NULL,'AMERICAN SAMOA'),(108,'SAN VICENTE Y LAS GRANADINAS','VC','784','ST VINCENT GRENADINES',NULL,'ST VINCENT AND THE GRENADINES'),(109,'SINGAPUR','SG','65',NULL,NULL,'SINGAPORE'),(110,'SUDFRICA','ZA','27',NULL,NULL,'SOUTH AFRICA'),(111,'SUECIA','SE','46',NULL,NULL,'SWEDEN'),(112,'SUIZA','CH','41',NULL,NULL,'SWETZERLAND'),(113,'SURINAM','SR','597',NULL,NULL,'SURINAM'),(114,'TAILANDIA','TH','66',NULL,NULL,'THAILAND'),(115,'TAIWN','TW','886',NULL,NULL,'TAIWAN'),(116,'TRINIDAD Y TOBAGO','TT','868',NULL,NULL,'TRINIDAD AND TOBAGO'),(117,'TURQUA','TR','90',NULL,NULL,'TURKEY'),(118,'UCRANIA','UA','380',NULL,NULL,'UKRAINE'),(119,'UGANDA','UG','256',NULL,NULL,'UGANDA'),(120,'URUGUAY','UY','598',NULL,NULL,'URUGUAY'),(121,'VANUATU','VU','678',NULL,NULL,'VANUATU'),(122,'VATICANO','','396',NULL,NULL,'VATICAN CITY'),(123,'VIETNAM','VN','84',NULL,NULL,'VIETNAM'),(124,'ZIMBABWE','ZW','263',NULL,NULL,'ZIMBABWE'),(125,'CONGO','','242',NULL,NULL,'CONGO'),(126,'FILIPINAS','PH','63',NULL,NULL,'PHILIPPINES'),(127,'GHANA','GH','233',NULL,NULL,'GHANA'),(128,'GUINEA','GN','224','REPUBLICA DE GUINEA','GUINEA REPUBLIC','GUINEA'),(129,'GUINEA BISSAU','','245',NULL,NULL,'GUINEA BISSAU'),(130,'GUINEA ECUATORIAL','GQ','240',NULL,NULL,'EQUATORIAL GUINEA'),(131,'LAOS','LO','856',NULL,NULL,'LAOS'),(132,'LIBERIA','LR','231',NULL,NULL,'LIBERIA'),(133,'MADAGASCAR','MG','261',NULL,NULL,'MADAGASCAR'),(134,'MALI','ML','223',NULL,NULL,'MALI'),(135,'MOZAMBIQUE','MZ','258',NULL,NULL,'MOZAMBIQUE'),(136,'NIGER','NE','227',NULL,NULL,'NIGER'),(137,'PALESTINA','PS','930','','','PALESTINA'),(138,'REPUBLICA CENTROAFRICANA','CF','236',NULL,NULL,'CENTRAL AFRICAN REPUBLIC'),(139,'REPUBLICA DEMOCRATICA DEL CONGO','CD','243',NULL,NULL,'DEMOCRATIC REPUBLIC OF CONGO'),(140,'SENEGAL','SN','221',NULL,NULL,'SENEGAL'),(141,'SIRIA','SY','963',NULL,NULL,'SYRIA'),(142,'SUDAN','SD','249',NULL,NULL,'SUDAN'),(143,'TUNEZ','TN','216','TUNISIA',NULL,'TUNISIA'),(144,'YEMEN','YE','967',NULL,NULL,'YEMEN'),(145,'BURUNDI','BI','257',NULL,NULL,'BURUNDI'),(146,'CAMEROON','CM','237','','','CAMEROON'),(147,'FIJI','FJ','679','Digicel Fiji','','FIJI'),(149,'COSTA DE MARFIL','CI','225','','','IVORY COAST'),(150,'KAZAKHSTAN','','7',NULL,NULL,'KAZAKHSTAN'),(151,'MONTSERRAT','MS','664',NULL,NULL,'MONTSERRAT'),(152,'NEPAL','NP','977',NULL,NULL,'NEPAL'),(153,'RWANDA','','250',NULL,NULL,'RWANDA'),(154,'SOMALIA','SO','252',NULL,NULL,'SOMALIA'),(155,'SRI LANKA','LK','94',NULL,NULL,'SRI LANKA'),(158,'TANZANIA','TZ','255',NULL,NULL,'TANZANIA'),(159,'TURKS AND CAICOS','TC','1649','','','TURKS AND CAICOS'),(160,'ZAMBIA',' ','260','ZAMBIA','REPUBLICA  DE ZAMBIA','ZAMBIA'),(161,'BENIN',' ','229','BENIN','Republica de Benin','BENIN'),(162,'GAMBIA','GM','220','','','GAMBIA'),(163,'TOGO','TG','228','TOGO','TOGOLESA REPUBLIC','TOGO'),(164,'Swaziland','SZ','268','Swaziland','Reino de Swaziland','SWAZILAND'),(165,'CURACAO','CB','599','','','CURACAO'),(166,'KUWAIT','KW','965','KUWAIT','','KUWAIT'),(167,'MOLDOVA','MD','373','','','MOLDOVA'),(168,'NAURU','NR','674','','','NAURU'),(169,'SIERRA LEONE','SL','232','','','SIERRA LEONE'),(170,'TONGA','TO','676','','','TONGA');
/*!40000 ALTER TABLE `country` ENABLE KEYS */;
UNLOCK TABLES;

--
-- Table structure for table `county`
--

DROP TABLE IF EXISTS `county`;
/*!40101 SET @saved_cs_client     = @@character_set_client */;
/*!40101 SET character_set_client = utf8 */;
CREATE TABLE `county` (
  `id` bigint(10) NOT NULL AUTO_INCREMENT,
  `stateId` bigint(10) NOT NULL,
  `name` varchar(255) NOT NULL,
  `shortName` varchar(45) DEFAULT NULL,
  PRIMARY KEY (`id`),
  KEY `fk_county_state1` (`stateId`),
  CONSTRAINT `fk_county_state1` FOREIGN KEY (`stateId`) REFERENCES `state` (`id`) ON DELETE NO ACTION ON UPDATE NO ACTION
) ENGINE=InnoDB AUTO_INCREMENT=3 DEFAULT CHARSET=latin1;
/*!40101 SET character_set_client = @saved_cs_client */;

--
-- Dumping data for table `county`
--

LOCK TABLES `county` WRITE;
/*!40000 ALTER TABLE `county` DISABLE KEYS */;
INSERT INTO `county` VALUES (1,1,'LIBERTADOR',NULL),(2,2,'SAN FERNANDO',NULL);
/*!40000 ALTER TABLE `county` ENABLE KEYS */;
UNLOCK TABLES;

--
-- Table structure for table `creditcard_type`
--

DROP TABLE IF EXISTS `creditcard_type`;
/*!40101 SET @saved_cs_client     = @@character_set_client */;
/*!40101 SET character_set_client = utf8 */;
CREATE TABLE `creditcard_type` (
  `id` bigint(3) NOT NULL AUTO_INCREMENT,
  `name` varchar(45) NOT NULL,
  `enabled` tinyint(1) NOT NULL,
  `lengh` varchar(10) NOT NULL,
  PRIMARY KEY (`id`)
) ENGINE=InnoDB AUTO_INCREMENT=6 DEFAULT CHARSET=latin1;
/*!40101 SET character_set_client = @saved_cs_client */;

--
-- Dumping data for table `creditcard_type`
--

LOCK TABLES `creditcard_type` WRITE;
/*!40000 ALTER TABLE `creditcard_type` DISABLE KEYS */;
INSERT INTO `creditcard_type` VALUES (1,'VISA',1,'3'),(2,'MASTERCARD',1,'3'),(3,'DISCOVER',1,'3'),(4,'AMERICAN EXPRESS',1,'4'),(5,'JCB',1,'3');
/*!40000 ALTER TABLE `creditcard_type` ENABLE KEYS */;
UNLOCK TABLES;

--
-- Table structure for table `cumplimient`
--

DROP TABLE IF EXISTS `cumplimient`;
/*!40101 SET @saved_cs_client     = @@character_set_client */;
/*!40101 SET character_set_client = utf8 */;
CREATE TABLE `cumplimient` (
  `id` bigint(10) NOT NULL AUTO_INCREMENT,
  `userSourceId` bigint(20) NOT NULL,
  `isKYC` tinyint(1) NOT NULL,
  `IsAML` tinyint(1) NOT NULL,
  `beginningDate` datetime NOT NULL,
  `endingDate` datetime DEFAULT NULL,
  `aprovedDate` datetime DEFAULT NULL,
  `AMLPercent` float DEFAULT NULL,
  `imgDocumentDate` mediumblob,
  `imgProfile` mediumblob,
  `complientStatusId` bigint(10) NOT NULL,
  `agentComplientId` bigint(10) DEFAULT NULL,
  `addressId` bigint(10) NOT NULL,
  `additional` varchar(45) DEFAULT NULL,
  PRIMARY KEY (`id`),
  KEY `fk_cumplimient_has_cumplimient_status_idx` (`complientStatusId`),
  KEY `fk_cumplimient_address_idx` (`addressId`),
  CONSTRAINT `fk_cumplimient_address` FOREIGN KEY (`addressId`) REFERENCES `address` (`id`) ON DELETE NO ACTION ON UPDATE NO ACTION,
  CONSTRAINT `fk_cumplimient_cumplimient_status` FOREIGN KEY (`complientStatusId`) REFERENCES `cumplimient_status` (`id`) ON DELETE NO ACTION ON UPDATE NO ACTION
) ENGINE=InnoDB AUTO_INCREMENT=30 DEFAULT CHARSET=latin1;
/*!40101 SET character_set_client = @saved_cs_client */;

--
-- Dumping data for table `cumplimient`
--

LOCK TABLES `cumplimient` WRITE;
/*!40000 ALTER TABLE `cumplimient` DISABLE KEYS */;
INSERT INTO `cumplimient` VALUES (10,379,1,1,'2019-11-29 15:29:52','2019-11-29 15:29:52','2019-11-29 15:29:52',20,NULL,NULL,1,NULL,24,NULL),(11,379,1,1,'2019-11-29 15:33:06','2019-11-29 15:29:52','2019-11-29 15:33:06',20,NULL,NULL,1,NULL,25,NULL),(12,379,1,1,'2019-11-29 15:36:08','2019-11-29 15:29:52','2019-11-29 15:36:08',20,NULL,NULL,1,NULL,26,NULL),(13,379,1,1,'2019-11-29 15:36:40','2019-11-29 15:29:52','2019-11-29 15:36:40',20,NULL,NULL,1,NULL,27,NULL),(14,379,1,1,'2019-11-29 15:40:54','2019-11-29 15:29:52','2019-11-29 15:40:54',0.756591,NULL,NULL,1,NULL,28,NULL),(15,379,1,1,'2019-11-29 15:43:59','2019-11-29 15:29:52','2019-11-29 15:43:59',0.756591,NULL,NULL,1,NULL,29,NULL),(16,379,1,1,'2019-11-29 15:46:12','2019-11-29 15:29:52','2019-11-29 15:46:12',75.6591,NULL,NULL,4,NULL,30,NULL),(17,379,1,1,'2019-11-29 15:51:29','2019-11-29 15:29:52','2019-11-29 15:51:29',75.6591,'\0JFIF\0\0\0\0\0\0\0C\0\0C\0\0\0Z\"\0\0\0\0\0\0\0\0\0\0\0\0	\n\0\0\0\0}\0!1AQa\"q2#BR$3br	\n\Z%&\'()*456789:CDEFGHIJSTUVWXYZcdefghijstuvwxyz\0\0\0\0\0\0\0\0	\n\0\0\0w\0!1AQaq\"2B	#3Rbr\n$4%\Z&\'()*56789:CDEFGHIJSTUVWXYZcdefghijstuvwxyz\0\0\0?\0+UWbK\0a*,N`cT;,s\0J9P9cnb \0zfodwlp@- q$kzodIkh^^k_-w\\m&[`f0bmIxX*+V`*W(b@X)v\'s`<v(|sw*n|[M]Fk$NZ\'/={-mc%2 d^~1]\'|U:F	7R9s1_pd\'Kghi46~m|\'$\r[M:4KIlz|\0V|rIp`9URH8$P\0YAR`p@%PX,\\}A\\\0DViwzZ\Zm;\'+sm\'\0B\nH,Yhg72nrpH x(\rRr\n\'p8 gg;)pB0Ldv\02,T.Kr~bDw=]wM]4kOVvoj{^E#Cpw`2fLeTsRpw?RI9c$,7J!<o;FryPY0^yc=<Jo~%vzb{-:ktyuPNFI\r;Te#39caUt\0mL1y-\n@F@-IBWh<gi]SNsav%.%g&z4+[{/[]nip+u+OH9 $)V.s+3UBD3\08U(`\0bX6pK\nY,iz]=Z;}u+]-u\rVqBNa\"md\0:`mr,.U8`m|\0t6pPT( U~\n@7<rFkEza8.:|6K*5;`1!U-Fl\\`F)bU)Uf*#B2^A3)+i;aH({k%tmip\0$0,[` [h` WRpHTc-9QlWr@`7s`+m(BqHf7ge\0b/{[\nl,)@FB,6xrbr~jh9|F8c2f\0|lR]U*H2812s$;[^NnYuZfzvc2%BJ\0%+dKg\n\0Z;eXr72pr\"?M2-<M1	fR/i\nI #\'&, Ml0obCs2=z\'tVv,55{N[w[Vo>)71lm[qeIR@c	`mTa2?1(g|[kq[IqW2iC%x9\'+p]T64b+?/2As\ZcgFTqgNYkRMnOVI5rki;+kv[)`et%\\2V0Aa,}^l 9An`\r5t&\0^%O_ig	+Hae9o&G,|]_~??<CkF2{\0Z/BMbKj\Zm|?#7~\"Y7>J-5WmfummKWkuw7F9%\0\rm#s!2hHyD:@\0h\nP7.]|]c%Wm\'+Z)\"\'u9ck6C\0ag\r}q<5@,I!r>QrFshYZz~Zwm(]ojokoo}u0eHU%2`/A^+|f^BYF9WI$u8u=zdq@}Zi,YEnN.WW\nI}w}6}$WNN;N\n~|Eo(wy3ey\0x5XNu7<	N6?Os\0\0iv\0mj/?tXi-]}e}6?\0%YZ4M3,4-*\\^^YM,%Meiy5\Zn+K84Fk)-^\0di7ek_Q*k(nJc4-urs\\G\r\0A6Q}Um$@kk}s2y47WQJVfR7::_4i2\n%QWK][mXq4nV?_t=?K6Ks[NeLwNu2Z>~-m\n>\0gt[\rKoR\r>M<4Z,:a{kZhS9nSV\\\0,K~-I]bVk2[@CG4Mh23S/m-xl<B .$M[S9C}$&;0\0gf:m(6\\rIk{)G)4y*&M9?d7RM{X`m/i(UCIquo|aO9N]\Zif%j}<65WQizg:UZx5~\"[-o\Zdh$Dq_Q\rO719eM*X!Su}av<%o\r	Jk\Zei\ZtZ=%kC@]k;{;e|qMi`I$)xy*VtW{Mj}\Z.o\ZteAnm5	f[ad%NKuf\03N;oMq1=8Z?K-vf{MN;kk6pm[VK\'MF3e.u}o*IsgbZ[VRO[;4^M`,uEycgvvPrREKZRqN2slQ|_zO]K_4\r17W_<-i6vBP|:\"0Y^EPAkq-\\\0$V{\\lQki={-roo.H[\Z8\Z]6\ry55{COy-umc$zn0qb^kx\0eb^Evu bAh\\^4-5Z7CZ[VH#S^1i&5njYN(TE}^NqNPa)ovt\\b\0:\0/f\"@_gyE8\"6?ZS22-edbY[ lS\0C|4nIf+Ch gh-NZ	%y\0$irpqwd;H=N3c+fI)z/z*mB;>zu\"Zrgj6ndBP%;Y~-<[<]nlDy;Y}[V7]c {JZ_md-oTJsddmkh&s3A-15qJ\0<b&IyHbs+z-hYH1C(\0	<29\rV_)%Ew\Z	t`Keok]+viQ\0mzuJdK\\-M-9o!Wgo6*ru%4pf|BIs4G;)&[mok.csF&KL*\0CQm]O4#R(ukIm	$77,pBX%Cj3i?(7u\r,[+7vKz;wlO\Z][|)Z\n$EKFKh.f\Z/\r\\xD5h>6tKek=qInj3YEqjV=x->rL~[w&3oL mi\0%K+1r|,K9Kk\'RQYG>gnizfou-5+v_Em4\06^[~j\rZi:m6\r&mt/BYqmp-]\0t9}1Ey#b+8[2YJ,v\\#Im+6x]n[{|bO&rXVq31Z5,H\Zj7qt1uQjlcy=Af7\nHK+.|n8n/VMY(wK6oRD).iho%{&Pv!t1rHe_;nEY y;0Fqwlcbc\\xORY\\0)SLd&)u59et5 dLh!\nnV>uA*)EfeD\05w7xY])Iui58{ld\0B\\r8p\r\\w\'*Msz4kp)l\"u}iI!y0LEH-xlm. m.71{iZZF%#w:(VN/w~[v6]WW_I\n1\"2y;Qm#YQ~+\rcI\\<+$]4%*G1hV$/UeV~@9);<0%#8pN}I=IXV[y.iif4i7hu-fOYp0\nCOwH\"o&%X[MX-mmA_M}C7Fy;@2Kr,1g	nFHPTmm Y]K,4=#G\0nIc\'\"2[9-9ZKM^V_}nmM\'Nqccglt?|MpCm8n} ke\r]e[^~kea&+\\/x{BC3k{\Z>M_~a$d$g.1A\0(@Yb\r\'Hg`*$W#s*\'\0Ouk\0|JE\"Cm\'m.EJu\\\'{+P|%Ew:%w2v,SK#Ik>TI+Yn#]J%Y< \r#fr<rF\09C^%;|Mz7JZNd\",\ny;dh+8P&beciddRvR)\'Qzk~e<c\0s$5]\\(\0o #s	\0x\'$=xq#Guwo-	wk^+[I}-.vr7<N#\n)\0vIw9\ZcNG998qy$dd)\\O*8&23><JVr.~*Vw({K=-;k~/b&u/?aOgphsD!X71=WX-bxdD_4[I\ZUi\r55D-#sGu[Kym?=-mDd	PDK(YsTFR@te]l%W\0+0Ih\Zyuybni7wom76@\0d\0p@7W62d;gbf$ QxH\n7iwF|my$? (ypNqU*--FT(U;17xVGD]Iyyzbkk^=oAqt#G@!\nDR\r\n|zF;ZZ c3zb(&t}	^A\',cQ3RM39^\08+N<c/HNa\n62H<`*Yvso/%Z<D:4Qjc4oG^NPJ:7J~@Eb2O F@7\'O4)\ZEkX\0QNZ^*gq(\0BZw,J`83-QMT&Zlv87NWj{6\0QXNr\0`	Nx\'XpUE?s!>x13\05\'QL@q\rs^4@X`_BF q\nQK~\n5RRh\0M^}lj;RA?%2EOGus$>NFy\0[N8hH|pRwNvcwx\074}\ZC;}g TWm\n4TTF	W\ZZ^rV9\r[m#D\rHZslM`]J{m>\\%73\\l%hYD\ZEVkkh?Q[xNTQxa)/t)wx,O:T`H}\"7Dw=#n,<:v.24+\0h/lekq2rK$,K|ILcZ8v\r4q_K=l,wNogj|}\"\\,YM\'kfurHmmOUJ\\xzHoRE\n\"$s#nn-K .*M<RK&hdB[2\\O._[usXuDp!\Z@F$O<1IX1~S\0r]\0	\'>$Xsp*<hbcrT,N%y\0mdjztF*Qh;WwRV)r\n,<PGB_;O3oj6y8\0pHSA\0,H)\rh,Q2,{DR\Z]w\0^|=]_7\ZuiFw4Y.Q282W4^_[~|zk%jzm/h=uDIh^]*Z[_G\ZcgxVBnUeE8|0iV*Jtb>FViY_\0G}Kh+U\0dm6\\~o.E;R\\/f; 	F,I_wen])S%%u%dn]sE^VG6b`e\'ppI MbK4cfz8dp@\0A;c\0P$%H,\r/c$<dT\0	4Age\Zgg(r^jnH#|W@`$U{kew.=\Z8<7wk$n\0NdW[r9faS;8n75\n22e 4o8t`(2+\0sYj_Rofc+fK~\Zcrh2}f<HDS.kr$\0~Nm{\\Q*m6y+v\'C(rB3Z.fZoJrEE>e)s%rs\\y;$<6I(\nK*1eEOYmc6PKA;mNv#\\Q4.8\'=	X67Zoi&-r7a5NuSmBVkxn({Wk((ZWzI]]{4FF	<_;r~%ngfF#99cs}z\\4{\09\r?K?c7# xqI~<\Z\0l8~~qPry0\r|$9\\#y<\0sU$g;9~$YKOSVwa\'n4l`b|3x%=J^9$.2YYL*\\,$_O x9>q</F$.QZGP!f|mr!Bc\r	\r1;jGQZyei$.}8Y2q8i;-uw>t6$IA}J|7hv=CPO$I\nI\0Cg?$5X/mwnOk9rlau9xe%!V\\G$gpjI}giuvvSgv{yT=\"}Z]53>06[H(i`\\e;K.w$0e\"kw|s;39%,|-m	YB`mq\r\'ybE|[tK$mGeR>b@*8JbkUPTd}9enk7<M	\'yTiNmK8>z d`=qpx=\0VB7#1O^^zu dzc#$Gpy;dqpA1p}H^p1?{=@;0;=d9<`R}x\0;Q8pR^O|02Ij-J|PNv9H+]%mX-\06i\\8$H*]ZjW}}n	 {?L#\'-]4),$) c$.`v`.;,W\0Sz]a,!+3*1\'B\0;\n9?>$?JMRU\'[=9i_Ko-+\").d#rcJ\rs\ZsPtmg$.Vn7	RLM\ZQjJsPK5{]V-hf{DF6;)5[EaZ> OQ+X9Sn\0\0?xnMumdumn,	!&F>xG*U_X|G,,m.NulmdFNF<0g[2:j?X\ZQRq[Qo+i~gtgPstVyg(G3iM>\'G','\0JFIF\0\0\0\0\0\0\0C\0\0C\0\0\0Z\"\0\0\0\0\0\0\0\0\0\0\0\0	\n\0\0\0\0}\0!1AQa\"q2#BR$3br	\n\Z%&\'()*456789:CDEFGHIJSTUVWXYZcdefghijstuvwxyz\0\0\0\0\0\0\0\0	\n\0\0\0w\0!1AQaq\"2B	#3Rbr\n$4%\Z&\'()*56789:CDEFGHIJSTUVWXYZcdefghijstuvwxyz\0\0\0?\0Mo;|I?xOZ~j\ZdWp]D[nVYR<	S`;/\"wPD6SnrH\0\0^%aw~9I{?xg:%jrh7):GdThmA70D 	T20Fqnca1x-|mYb+j\"RGJs)NRjJ\018CJqZ)T\ZH5\'	EMS|]&w/\ZFuKwkNedy	\\	-.,T(,.u N<8\0N\0f(;ARve`[c\\XF`9HR~&N9i\'~N}^,8F&6J^]7eyy+j36?;Lk96I|C2?vw\r>\0##=ILj8D<Tg\nC\0T%,\0Vjym_T}k;g}VWn\0inUF%e~KB+8VwK\Z.yfX\01i\r1#Fy5ba`\\A)<c\rOfb9vSvGA2]Y_K7z_nk66[\'e-\ZNjMY$$;AQ(@\n\'\\WMM<fC#p$Afr7x&rZ@ndv{yCPcEd$)h,QZ4%Wv^c^F0xJ.uU{ku%vij>k$4e\Z9I2#RKVOvm	#*Xv1C	NeXp2\"|Uyeq}*+YcFiPWpUIT4v:}\0O2|*aT8*Qc29!@ W}iwWorWY$nGB3iUIy(\\ZMIYRo??|a]>?\Zs]$.bM\Z3\0\ZusIjzUsX[==W@X1;GG\0nR[i,2B^xg:AcuTslWwwkhWv`kB\\Rq9`9$wRRFvi9k~i;;{nU{96q8Z5j*mQ:4dQJQj\nry79W9\nq	-Hr@8rGQg\0n,x$|`3).MPtc>\'V;#@\'\nvm]K7nVNrM|wGM0~Vl	s-$30Iqp	PTHPdc!vP\\~l~nd\0g<dH$*161-Fsv2\n	 WBVmmk>i}uwUghJ*z^MIZZ:=[$e\';Fr3gK30*X77<=pl|F2:) z7\0K<;q7>dn8\'szUny7y6Vo6BMuJu^2x@?19!r=]N\nY+#!G-\0rvX8%Pqn 27.f#I5]]_Wi+u6/t	!(\07,cn BG4jJBgpB;V=~b4\"R3Aurn.q3Fsh\\BVRnfMFRjVuTR|K[kud+S\'ged1]\0| PU7 p@h#A8(^p\0WI-)\"*!WpfRNpNp7rr%I;Ae*;w.p@E>^G#p$5+]-l}^6W?Xjo[~kaq\0k\Zu\0pAbGL6PF1\0G\'\0eHQq\nweNwPq, VvvW_W_m$kWoTsA8#\0m c,\n<~bNX)pIxlYTHo2NF\"nxdYSe1U!:i$$@j(kMZKtZ&fG=wV\n\rp0\n6`Cw w:`Xr>\'3I}$H8R\rE,cvq\r}_TkitW=uwve|ysd}~mEpHQ*$s\'$37spxc9J#oNBH\r{/Yj_K:_teFTeQ/SqKHJQ{;r\'h\nWIM=+;C#nYc**3*K0EHg\\w(vQLWSa:z,N,BD+y1y0`&XDh<a@7\\)H9SfN1.\0~t&U-\'mZmzF!/}J9_o];\'Pw)Q$\0Q9(rG\08L,r!YXKU\'od.aF:xpT)l xCm%He?ZR\'%g_FmjOtiwZ-[y\\A2\0 !RI\0VEG\'p;pI`\n2;2KWC m,>?.PAl\r0$$Vqs8$	z^]6vWznG=.:H9>\r-q\0Xa,8\\7O\0Ke:0\n:p7\rH$p3` U-ui]]z[KY8ktZtdMQ\0{v#I\0ThQ\026z0OD`\nAPFt2IFp0[<Ut]{;.wQlA>n6ywU{Ri79#q\n>=z;q/mS^9nkM6>mb{MI,V;Y\'vK6a5]2CJy2-H?1bGPum;_uG|?eY6mq=2ms}[[YcyV64*}jx*)N2SR]]757e5;)j*n{^GUhnJj2Si^Gm>Eld.|sD[}OO()4r[\Zc,-&GVr%\0$@pL98$\n\0jX66ij(dRceuSOnaieLt@I*UyU];#bhJNXu9Tq*%VKJ(XQ&<\ZuVJ*3JT&JR>Hi^So5[o^}KK DD&CMqFEol\"VW5Y `ad\\$aya3;.H#\'$*2B+e{+>hNm\" H]GI$F|P\",j~th8n$ 0%5efr[Wus<(ZS\'vT3/;<c?(8R@\0J022r\\$`\\wdcT\'p,A9>-prv`*$6j4{[6U/\0w~0sF\0$4T?6Ien\nTnps\nF=Rec\n[A\'#O~% `7\'eK]b+_WwnRNZP}O9/uYj-]sOnV<yHi EmK1c*C9$u\0\0WfLR2xiCE~;?\ZdP{GHki-{X#Ky\rZNa{vb#Js\\JZy=/fvd(94JgVrTH}rSO@%\\wiRFOmumM$Q{>knFku{^.$6co\\Imk-8|xcm<==i/%si\"V=X,tbJ]SDqsKa,.y:3L%WNTNu\"et2qm\ZWB3SQ4\\\\j.\nZ5/N?|Co1319{4hW)m.~-5W8o{clg3Dz]A\rKoqS|HZH%W)K:baI%MG/<rxsSvOBgj6Uak<QY\\jmsuj>D>bg~!w62h:O-KKC>ZtDX+$<aVMJNFXHUI&(GNXLG\ZI*o*-JZ\'MvnY6+w\0\0u[dY|/>8 i/ch#H+1O#+_w\r9UN3s\'>td] \"4e37E-|#h(-e77Ty`UB>B3b#}:mI=.jGHh]3wGs\087aA,I2 NH1.Xp s802 ms#<N`Jxkx\n|X\r)<`g,2U^JN;OGtummKF__z)&;d;7ugf$nA)\nXxzI\nMFBo;v9P2F9# 9m/GIp*@gF<:JIm7pDA0U-2\05:Z.]Zj:nv~tIIDk;VGxZWly-8W |\0x^#og1D.A\"H*uQu\\<{]v^/WV.{\Z{[;+hGXicR+u=[x\0T_t;F]?A[bLK`e,J2)M=Tui{,w|\Z%.Yn.Jm9kk;[&s[fmoW\\=SG|B,ZFKD|f}9\0\0s}|kS.:M/5c8QlkVDf75fUas[BB$-4r8JyewI\"9]B.Fh$\\<|*c8+PrS\'xFZ(OJw%\'w\'-[J$~.g%eF})5{+B#wak|n/\0kj0y\04N9eD[+Ty%dpY@mki\r1FZ}uo<8)__^/4kF+\'YPCjrY,<xeK\nF+\0.uA\0kBrU2NdndnKs*xL5JkRovn\r:vz;\0:7|uFE47-T\nu%\n|D\Zxo{sgCuX(n9R8\00M}Ff!#mdD\"\'I+oc-<7Z}YdanBGm(\'\\jSk+\'{kl:v.0O $\0Ny\nxe#8\0$1#L66	^1s \\I;E{GdDd9.A\'YUq@`\0f>]js=~K[_[EC+%.G\"vU\r@#\'gz\'/_s~\ZO\0uG%`\Z:}+JM$[B$	}#\0}|Z]og2]:uQxg;h,I&Bc:,,k[\\,6uaHd_O\rh\"Y#-Xg?#Rs A#LaaeMu,t0\ZVvo=]K6c()JOr\\*\ruy|R|8\rv>8}bZ60B.4{\05	SgWO5\ZXX><9g1HA5%|yEa\rjz\00PuspBY(cWy3$v,hLn`.Gy_o^iO7\nLeY@rvq~/d1jsbUa=K}y`0Ft~2Ue$*Trom\rm5{{u;.cB0]$ (I\\[VQ/]6vwaYfP0W?Ns[ot\rxOZY]>wo8a(!pVM-K-xjb?c=3)jXBPPTZJ-h&8OSJ\\RqN7m5klmo<Yx>\']?/T\0RiEk{r2\0WK_<Q_~4~O.heq!`s_7_g7Zll [uH..h!Ev_!]_5?n\r$4m*%K\"83L:vk\r<MA$f\Zu\nEjJME7r3ifYSqG=E>eQi)N6zxD5X?hxLUWifMWZUownsyhe?q\'D\ZMx\0TcYU_[6BXbWW,u\'P!1x&X.&(b-i##7x<#x\\FN[R30Jy$d$Wn;~a\ZhU*;WSR|iuwk>g()j(ENR$nO[>kxAHa% `,G\0r\0,?N%h3?k\0| I`&>:h<9}F)z-Wv\\\0<?)\'{B^#o?	I!I|xcoaGY\Z}4\rH(!8\"885Tb X5yL6nu<J1KOJ?brvl%=26N5)KR)\'x\'Fii[}5y/=_^I5y$sMqrZDH X$v\0&v3%O;eqw\rPslPKGo6\05mOa\'M2$Z=J<=vv\ZH$(_p,Fa:qZ&I\'/zMrwzww{#eRS\np\\ha{/IJVNZ{}fKdMKV$Z QB5R9VK2fZw;8tOjJ\\N-[)$s3yKkvm=F*q#+GDvzjRujU*T&n}^]Y-x~\"\"B.giw5[X$VY.cY_+vc%aO_m4-6O|S+e8{9dw4#(NTA\nrv_>!XR<\\0:lj7\\n?)n[x+qU\'\ZXzvsvmC,S4EU%V7P\\R6NJqWI&j*G|=\0E =UCMoh,6*\nO:D5_1H-[b7Kq<H $x62 T\0F>ld?7>`$Ovv/	_FU:R\\mRKVe&oVS(Tc8v+=.?{]WEU\"D8&Rleh@R09,k~|5f]rX.k0u,ayNMrIkPz#o%}`Jb[i\\f(}c0I;F3l\\mb	MUQV~QJQNJ2\\{;I.T(3pigvM\'[;g&=F>C&@~`prcpH !aF$%K!$^y g@<91bx,\0h n~bF8Whbs#F67*\0W<eI4rGwmn9sKw>0x_|hewaKmvx\\pJ]pug_-6s0CxP&/$u+Y,%hk[$Dq`.@.0\0|a\'4wQ\rBH1:^&H5\r>58$?30Wie\'Z,kkz\r+^WM]yi*0m8nvn.:<pt[F=jq\\J6!?1]?U\0iMSLb6\\$ne)qh<]o9}U\rx_\\|@j#jrj\ZYj:Ru5F/,<M~{GAwTuVo&\0eH }M,Q7*Vrw{YM+?5EjI;hM\\<_k<[6[8v1#]66S$:|g}g]{kxbCC)#v]\"v%I\0h~MG+VdGe:\Z\"-|wV(Lf%E.K0vs\'( 3CR5eR\\N43|\"orj|bn1J4J*/<jPH\nz,yv5H1{\0s],3yqFj-$#9n<c`F(/Wi7>4/Nw.cF+{YctHdFG*YUbtbzb[>J6Gc9;BmPsO\'|ICw)QYv}u\\6iHqmyaunc$2Im{k|G\\6$)<\0FAF,}d#bj7\\H$7/2Z6zz=#Zkw^/Up1b*:]qx%b2ph|p\r> \0:dI;p8sl &FW;\\mE.VZi&FFZI=e}\\L]6DfHbw3dBAPv\rktI0\nh\0.GU><MspLV\'zV`2j\0N\rj	cU|2YNsH,Uo\'e&]-owfZw}uJO+Zfkc @ \0U=6v#mm(8C ck1*v.*%d^Y@6UX\0a2 dl9c^Rj+Ov[],|-7:!)Y4Zj3T\r\";smappA+|UbHR<0A$_8\'q6r-w:3n\nEH\\Au?cUc=B2JdnbmRMy.UgmE~V_vkw+%ft+sa[aYrsU!N2q/A\\c8/ghd%\nersQ)k}}jo6wcW#L }$u fVsPN\\&oGI7A$qrMl)[L',4,NULL,31,NULL),(18,379,1,1,'2019-11-29 15:55:11','2019-11-29 15:29:52','2019-11-29 15:55:11',75.6591,'\0JFIF\0\0\0\0\0\0\0C\0\0C\0\0\0Z\"\0\0\0\0\0\0\0\0\0\0\0\0	\n\0\0\0\0}\0!1AQa\"q2#BR$3br	\n\Z%&\'()*456789:CDEFGHIJSTUVWXYZcdefghijstuvwxyz\0\0\0\0\0\0\0\0	\n\0\0\0w\0!1AQaq\"2B	#3Rbr\n$4%\Z&\'()*56789:CDEFGHIJSTUVWXYZcdefghijstuvwxyz\0\0\0?\0<OKH9 -A\0>SEnNc\0.K3^7AKk-9\"1slPG\nVxGzge+c=q2G-\\I2X;M|+%+rGi[4j]6-5(&e}VvZm7xfpC~RJ\0d>F_9BVx\'dG*OT	9><ihx(\'rD%\'H!Ff0g8KfO,m4FGh-.%xG%X&p458*^h][~&f{OjM=5f:WXx:N& @9%=\0|kH}arkaSuMt,#[?R;f#-Id23,Q\0o7t/\'\r~{E\rc6ei[cUOZ).&S^M)82*)]n#ya\'RIQJJ.ml?oQK;\n	ff\'\nI\0XWXK5kKaxV\";NfyU4	+/2S|u\Z)hw\r\nB!<1BiVy$\"i^Wy+{rG/\02*^N\\n!SJ\nn6lM(6,Vw~>/)SN8j|Wv6N3ss?oR|M1\0y\Zimh^D\nIb~do$x4^NiMGb\r*,[S+SpUOBgs\0+%d(`\\ \02r\',G\\sYw\neX_z8XUM(_`gN	-WwjUUt\rB{-vI]a,/#\rvlahrrfY:fl8I5b?xcT]CUU+k{wEIF*!Z@7g8=9gS^(Q)Y5iUvQz-[fX<WRoiUEss7\'&{Yov6HV9\\E0UIUx^pI_#j\n<%s\ZM&mE=DBXne3Z=xDEg%#9S#q$ L^q6rx\04\0xju00RUaQ7)BT{m~KF*ee}mNl|h\Zyh7h.\ZC,\'</oug(C,/IR?\Z??gwGZz~0\0g^$ooaoy>IvG<b_/$Or9`F\0W+\0{.v`r_-Y\nU\\H	<\\#?ch,~Z6(7Xow^Y]>}^N5iNqf_mo4;)#[.I?y8qn|\'E^ `\'~PN|QwT}\'N2+-D]IAbK1PO(2r\'=![W:pV%mVWI\00v-yk&OV[^FK]IrB pbB[U(6TDt\n6\0r999zBp2(	Rx=\nd(da;ImcK hp\'$w*9\'!G=XX%+I]Vw\'v+-xd7kzb[%|$;vF7|Cx`=gWK<,3k^!Chg..X|X=6w`:IUvPou-GX\Z>nEo./\\m>WPD[q>sZfk)UqLpu2,<9RK\'9;A\'%ww4<V+3+f/B5%Rc^gHE,-Z$J/h|a++-KfsF:=RClUZ[Az->u1i]KG<*xBUVRpL!hL+,0$%vx\'\n^zN-wF}.}m|AzZJO#S?_d~$\\xCws]h.j-\ZFd)tA!o-\ZGQ&wV3\r.Y15:EYNz|\'.;S8LD0b0rAL\\LXq3N49?O\0]\ZZ-f_x/ht_V#E,$45+	d-bycXY6e`i{qs 8\ZLfw?&~[;{\rxc[xOZ\nZZkZ4?+ZIa.K?}3[o:fBK{AqgkZ}IjcJohcPY~{I1|(c38WVjPugJ\'ZgTwPJ.8uZug9STi/]hw4R$~eO~MRC59\"Ux%5\0_Q+^O6_H5wPOZ\'u>T\\\\IcrIBs7)~{?:Uxv\Zma++mOW4KT76B[Yf\\]Ky\0xw?p17htMXAiw|\\r\'\'k\rpE,ta`RGcAB4BiMf|K,J4\'Z+Ra\nKJZM\Z\\IJL#A-O	i&\rZ\r3QFj#V-GkZZY I:/?t\0J*i%>wx^IA{J.,3]iU4\\G\rrK_KyQ>WzZk=HTI#=2m	/WkXm#ilb|/h^%`=/lngRf]#PtB]:]>w\\C3Nba[F9:N-I{Ih%+9#hgj8,T!y*jMN7[Pw\0p<?	4k?>;ETh32KS3J+el\nF@):.6>xc\0u|aqO#[A&^K4* VaG%A|p<*o@bl!T2ET\"HS	BNnG${$ovpM~pvp]K$!9]xFJH\'UyO:*]IN_IlpbV#\n*{f#f\n#qRN.*Qqim4m4zZvzFS\\\\dM;+^;SlK#iK]Mj wV)%7MK4\Z&Zzf6-DUUMB(P\0P\r@&K=aPW%ggnFp`n\\pI	;H3P\nn+\\#8#{9C,632:!KPaPPSPN0$U)I7+/Ltj>\\@M/-`Mm*kq{ogm+_<a|YcH3\0\rkFywq\0zbjRikum}W??Gy?7_-XPOI<KhLuiZfm$Z\Zg\0K\'Q/z<7[[QWX>O-k><s667\Zb,]W\rn!+<Ub1FQ\n8UVW	eV.Ju\\4!l8#X~\Z1*Rsyu(`N->mEY%42hjLZ?g$2O\Z	^Y[O&Om?4V\\]jm?{ue.%=wS|S}\0o-[R\0Fi6\"yI,mm/fU-\":k?~/g|^Q[?QxB|U?_3bm&\0Wl[-CF\0GM\"{D&if1GAC\rR1^QEN(SKY\\.YVsQ,\\D^Jq(TSZp< N}\'g/Z|QYwKB{\\MR)+nZlQtdJ\0l-0?nZLYZ+Kn*_AeVxm5+n,zd3%~_|eot>LN4nTv^Iqc~L7W?a\\1$W?^~$[\rg!_AO\roRNu(F5Ip-{\0IO2\ZtjW]aNU1fV!rQQq]~gTZQga)a(~hNiF>a_o~jV\'{y-x\";fHE3wWVwXFKO\rAi{_e&?20	\\nwg?_^4|?_!GIa:\\.#5foS e$<!,$/X$\0au&?eS\rJ+S8F)JTN1v4R?x\ZOgZrjIW*GRR_i8oh$m9{wepr72Nrb<@b\\pQvp20C13aB4w#,Ce\0\0 \r^yOD0o2CgbdiI&MY[_;N[I={\rU78 1<26Z>Vx.9\'vnOJ!MyVWE\'hCn$3`dbbA>0	|;\0jtR\\.}Y-Vj7V\\Z1kNOn6P>4\0\r+2;axAN|C/,E.4Y<gH<QK=%N_G?9\0^|\Z0k7j:E Vz?|SM\r\"?|GYOn\"Kf\0=>#\0f<Y^ETm,X|+o8)PxofEp?zg0kFIn,!xNe_]}vnPj\"I.]VO&Vtcc:8\'ZUMUe/~JqvsyK#j+bpZ#Jj8Vq^jJ^1#gvjGcC6Xy5Rk+OM6zDvWwn\\cy/k\0:3K\0I|5K[{#\rxCwleXaG>a\rZ|k6W6Y&IlG-_|\r_)JIg!#o1<K/kx2\"^&Oi].+iuGRR~3*4i!N<j1J1I~\'wRL^25u*RUVU%99TzdW?wG}^\04FM[IwDW\Zn6~6oI!{\'\r_?\0_MAox+\Z^\Z[_hdY;kKYVz>stRO\0UOXHIuKt[={5K1rjz%x^-&+gX2],[3@lg4QV|9t)&/Kx[{k%\0FxKfX\nU#GThJmN-o{V}#%Uj-NY{.=(yN)i\'?K9/9}vJ\'dU\"r#,I\0?~\Z]`sko$pu$j_6\Z}7O\nNOl?eH>hzmC>x6M&9LuxAVIvU?&77\0?Gh>e;Z.|/\n6TJK}GQH^}+_nUR\"U{F)4IOX_)jUN7R({JmFqz^sqQ~KmP!D@%X+\0oWb5&@C`\rPprX?\04VCdoxejz?_c$sPG\nE]FKK\nxod$6\nn`W$	\"|YSOjOHFVrVe}w>\ZN8jU:4_<Xov=KC/^Ikh\n[H\r,:\0m}d\\ahY0E?jq\"W\0!iZ+m:dI4;AuC4Xs,A&e?&QN@8Qp8\Zl)Nx\\~#	sqII7*s(F)<4irbPF	KTKQms%5we3eW?~:yDg}7M;iO&m@.e?xz#q\\[>j675L3F^	d(cI7kS,Lo6i%%+?f\0h/x|vyR0\0y6P[nX:U\'(i4g{M?kJqsZ%eMuro4wQ#6*]&!\0/>2Q7t:)%]UY[[X#.D`H~1\0\nTmn\\n qJ(bCx|+xQCNxt\ns9\nzNKeVge7#*hQ5WV^]&+N0pm.[]IG^+-~\0Tn>SR j\0uO\0^Q+cGM?W>$W7W5+{;_R{H4/Z=l~.m\"RRzo0>YN%Sv+c6iotcG\"-\"KF:nv+.w>^E$#fMzq\"Tyuc2la\Z\ZrzJwni4-Z2;cRiT5K;_Y(F-%wn]o#_?e;uR3[;X[d-oaBaQ=|EK r9&2Ub(g>sk5n9]&jV	bT$66IE	,/YuKPy4v#(3u[rV+]3h<oza+u=U\r7\'(V#A.f5XBA\n]HctF%X>*\Z<=i5	\"jILosi8$GFQx~3|U]x3,Rn-izkY@<U (U*nNsW\\]R}uN[YJI[tzmfv(t^XVVnM!#<A,~T,	853lXpH&?>Qrd!*:dp%Te/8F#0G=	\Zs4l\0}uZDLkWwwb`[ .`6\' bY$v:DCA\n(,K*(OMmRP#IrFW;7nkvRwp+I\\Cb<.Qi-&lcJK-OFzEeQ\r\"NUaqw(bO\0O>2~<m_?:x?Cbyei]Emo6Q%\\?e	d  s -8*\0It\r..4gKDBI}BQsgxjFE:z1.}V*mq|WQo)8yiIjIN)Ng\\GC>?|bxXiiToi!t;%1_2L`u\0.~b#[!B ~$M;xHsm&xT[#0;>yAdp\0T>wF[#<pB++F{8S7#qO}owkK;mQ%9FN>-;Si8P	$v[bA;HU$\'2;A3~MrI4&2JvF6PT,%\n~I b@8JdjFI$_MKwJWot\'3WjKWf]}iXIsk n\\.gZjIgok:]:4po3zutoPd\ZlMbEJ~)~f!\'7*O%D]9Ln8@;CU*%e~ZsYt;&OG]9^l,S\\Ig!p2FAnVvI-UBU2cI\0<\03UFGt;XTpR[%N8\'6	S\ZU!U)GW}dqvN=5\'O\nQytm^h6\0O^9M+P3K;+UfXyQn xS\\/4=7T[7bEn~:{QZ]34n=c{\0j!xfJ_\nF]JMwS-n/EJK{\0-dkQ_x??>|2/&O|w\rMGzxDKt;9tycb#k1d\0jn5,]j:/\ZT#)5SI7#,5Z[J|EUtNFg%m4\nI_4yT`H[o$`OI\0{k\Z+>\n:u\0M7E5:	r#^X??\0?_u;#=.x[_mY}6mg]ZZ]ixf[K{P/.mi\ZvXYi]g\rP[BEjytRWtdu}]W)ESjB2jm;+6~dpYYFdNhm\0|:2gR-R>T Y0.5=\0yB[>R;s %,U#k\ZMK_<i5]zxB@\"G7K@VL}u\0{MVmw^~|4K\"DGs^/<7^j<IpuGy\ZVLE\n)Q-n2mn^;+4mWj	Z1k^_i>K^em !K<D	Yw1^q<Mh43-*fj3H`&3GQgwSC=\Z<w:E^|>[gcKj=E)+_[!>\ZW..nmB;Y9sogj7seE$p]YC^<4-:-rW^t0iY(Iy5wGxZw8X^e2_]ZG\Z,&IG$av:o^tm\n9|CgTWOt;Hb]BX`Hi#`++=8DFnrB\n(b9v0LF otJSKNlQR\'[9)\Z{yI;\n.wr\"xQrrU{\'q|o6{=<lk~/:ek_{Kg-#\\IqjPxmW}^;mgN/5R$[\0:-2	-.\\X4L,5Zai_O&ga?5~~^<+\nZ=./-F{+D6:iW0W-ww#*3^\"\rLBs4* B;v`&^6[:mj&TS:rSQ\\iPt`SJV}*50-y]9RI)\0g_]i0IVksmuj,\Z-Z=7K{Q]E\rAC\"1k;?pS-oIi+w?m=M%[DW?=~?;gGHk;\rW_gB_u\Z#,os;n/l/u-+U6Yj:uF_+	c<Y,jt]**kxZ+|IQOmSrV8;e%v\0Lk5;JQi\ZIs3vC+y{-2Fh;\0d}H.O@|mxu_iUQmxED1:ssyou:=g3?hnRKu_.I<sUj8Xj1irQ<~*nnn$zL.S>YjM9;F)?+77|gMYw|4\r,>,u-Q|c\\Y\0g:?<g6>N%=wd_]\0)|R.FDY~$>{X]|={4~{+FOAd\\6?Bx#4<K>w.[vKsyfRZh]Zyi7?0<2T%I\05hF<-D=M.Zrm2NN9w]r~IKINN3=nEJRC~\nfvjZ%JjFX7g+V	JIL>^M,<Bx\Zvjj6!gTo\Ze0^S?r\0/\Z\0dO-4[O5cz,nYD;?W;\0PNI7!BN7[X]1NN#a*B4N\n46#/Y^KW\ZQu\'BqRs6[N/vRgp+mta.,MxXK\r\ncQ7M6o$,a3	$[k5hQ7/G_O_]On|!ejeffyIkOC\0>)e}xd2}ck5!K\0`hu.\'6X4BD68,qOEQ\\sJ&lg%++7trS*|PMZM7	^N)&o67>\"mR{Mhlt$):#]j6F|sikoi.-Sw{!]GHSjPHET| |	#\rs}i\Z-TKSXO\0jW.;w`3;YL8l=)8~GTJn6mZepm<\"Zj.?yJ[&m]W<=C~jv<Ix.RV|[Ocr~SH:A/[j?ltWGcLpr0s1\0og\0_\Z>8t\Zm\r<A\na5\r.=wn][KZuef`N@8-|9iEQnr)Fo6iX\'%gWRJ7nwZXe\rc$ADt4)(N[ueb\'qO[g cUsNN\n\nA\'p*,mq.m!NYqI?3,w3r$[~\\R^WoNwvO4-7lN:\0GI\'p9>j%m?1@0%>R\08+2\00b2Xd\05sbwsd1px8\0G9nOovrWi-o}ZMJVQmSmyZVd|O	4om*adF\\:RpA]Cgvlg0T>\\+MBs[:-\ZAV#%<dq67p)zzjwmj])ori+&T&|1?[>a\'r3s\0\09SZ/\0x`,\03+H+T\00~,AeQIj\09<=/w\\6|{K\rrpruUS\\Wwv+i#9Qv7y;EMYnr(@1AvRX\0>#\0Hmr\"E!H\r3ed1p|xV4g9gXKitnQ|iwIY*WW]9ZI{^h','\0JFIF\0\0\0\0\0\0\0C\0\0C\0\0\0Z\"\0\0\0\0\0\0\0\0\0\0\0\0	\n\0\0\0\0}\0!1AQa\"q2#BR$3br	\n\Z%&\'()*456789:CDEFGHIJSTUVWXYZcdefghijstuvwxyz\0\0\0\0\0\0\0\0	\n\0\0\0w\0!1AQaq\"2B	#3Rbr\n$4%\Z&\'()*56789:CDEFGHIJSTUVWXYZcdefghijstuvwxyz\0\0\0?\0+;\0\n|E[yk+/Z	m|ixRTg&Ekx#}BKI{C3!D#Rs&58\n\'^u)g?YXH\0>l*$(tx[I!=&Y+<	*c\'<l\\d\n!)!}*MJFv}[I.m|*I[4bfs!aFJ>1vws/\\H3+:;d!))|^-i1dw(|pegr	TM4_	+2y|G~)*M6IW~]vvU-wJNn6Lk\\md]mwl!qisX@f\r4{HC#+;520D9!Tob[J@XX!]$0FG$f(tM_ 4o/k][M.[8i}]tZ+>^I\'Km|	2\069I\0b;Hd9f`eWVkd:v<$7\"K)Q\"sA\n6to{J@X=1d1qlqoh:RII=CO[hWMkg;c6OSl:Hu@#iyM(rcC&(_$`*U\0W \0Qt,NeL v/cHuUI0s6C\n}YTQ\\7!^M#.U37]Eo4\0wmmgivuvI`qY,a+3]9]<T6obqLeZ2zK@$!:[1EPEIp[(#l(5QfdY% i\n9P$ry$9nWW]ziI?u6o7Z;mI_u2{@1x	BwZ\nX~;^MvXn$yF3Tt@|;6 kw=[O}Km2T<c{^\rXu[}yu[W	x08ho$o#pF51girakuo/<\r-no}oV~h\r>$DR(f$21Vugpk ,\\$E#XyfC#\\4lceCe`kp\nFw 48eG]1U;|5~c=%NRF}oUW^Zkuj|Dv\"\n9BhsoeV-HhwB{bpUrCl%foA4jX\"\'!\nJ+UeUL`U@\nrYI$?7m+h/]-mkErB6h\"<#gr$G#aFwY%8T*Lxp	S1]oy@&[P8Kyy<t\"$HLZ1Q>fRC&Ug.2ec~iA{[%i+7VcZg{W+]];d2!]dm(RHR6+!FQJMYT6IBID7\rmGu\ZP*HefDhy$%V+g\'KT(d+W*wzYmmiLZ\"1\"Gq\\PM(mG}\r\nI``ZZo1,crA:r+[#*\0Hs6b(e*\r`\rlFKkv,}IbN	,I$:m)%{7~]%gghmlr\'67FQ->|Oio{+k?Q~\ZxkMB#A!sO|)[6o-/|xO,|AeDu[MG4\"&J,h=WMoF{j}\r{qiq4dVHyV(O(Bj<-	%gZKIim^kK	.S{ZnkF\r6~vc\nYKE)o|V]Uf2lA,nr8*\'\'$Qi7~C	8%q\nK#.pCn 0I/.Wnkjn:WQ6#lmR#-%l\"?.DRgJ7FH|%6U}ztI!sqf]2RJ$9q6l 3+/\n\0]@:1T8Z2]^jni]SNq}4n\03]W]%.o(H24_tG\Z_)d$_1vf^B2n<i!)\Z`SZ$XUfH_Af8G\\C	b FPG++\"4ELd|#\"	v\\Uk][k{\'m?Fi;{w^W}M+PFZ(+H>e6\0XWxBF;s\nT}HG\'$/X.yVE\04^VXTQ\0M\nDI8U	%9%W}S)6KW7G~\0WoR($jef\'\npbdf6-2XvwI&$Wawvi@YJ$P])sn`;m-V ,	A!gM/]%gBZZ[We}5H~VgR`?\n|Gii7A>8kgN5kye{\'!3Jh5?|=w{]oXoIaMF3}\Z|Z.yn=\nEl~rQ~N2\\uk{=4}/thQ:m\'oysr4,q	\0~sSv<$ .Fd~p(C\'uF\0-2/p	,rqqnoV$-kmFyJ7WJWno=oJ,>g 2<{(!J*T\0Oy\nXC\0Q [H\02Hb*bfUrw(X8fX$g7\"&VDUr*>	n\r$|3{iU%)fmWJ{o]lv6Y3y5i1JU^-_2?v\"U8\r\ZWGosB	_*xRSly2W6B\\@\n:#`\nibwZ4`^v[Ukm>qg+T[u\'(UUqU!P\"1&pD#gR%g\"e`D!ReK#/L[k!*XF\ZH%v\\(*$ic#^8c**L4em5\'e5kZPM5EtOk4*\Zy@D\r.gch\0eBrmh03;X)d&2XA!32gwbfO,\0ah&C}rr-\\QZ;7]&vio^M\0_Nly\05xAw3E$@GBsX`QgLOnC$<AJXchR1&VG98\"y<\0A8\'PKRRN2N-&ycQ<cigzkws{\0t?C=W]o>?\0#@wQ;7\"\\csMFM\'o\rhQ\0o\Zm6>;}Mx+BO|\'5Z;Q{$+-_5\0NuOG[m!uo+TW:|>%]wY>1ofVy,ZdSq}shVk\nj}A%YS|QUIn-qkoc5Z:\nQU,=GSt)f9FgOtQTVSOu)\0\0%g>!u\rB^h)h\\QE|5;sum 1OO]/FoZi_s?x{VG3OqueHK$W}Xqzoxh:74/XM{}o/j\ZR[\\D{Kr%^\"u\r>20go\'TK;m3KM!.a`GUZI<j%uE\";kBHR]>	&JVkyFi?zI}j/5-\Zi4*UmVDn*qPEu^sy<1KXJK[bK}6P{ix;Q<Z[^LbJ\0Ho\0~xz7^)kSZ\0mncEDwo\0vh4j71ika5Qq,?\0t-Ea\0	\0\0?5\0Zh>w\0^x(%b+(5;Fx4v_nN&m-e_{{;.4a{5ndVm%^0xr&&\\Zkz:#\0,d.p	!T|~AoK,\0E]|6\"gHN<}?\rGiXi:\Zgt\0>	eCE(Y#\"c1HQxE!Hu*XOP_m.,Z+Y>4Z_}[\'\'9A`3;xH\0c>j$j3`~TsRo.)QH/u<!!i[\\Ysq;B/@#J](<iVf\'=*2\ZvL4KW[ahSMSkxOock5)i)FoOgG7$t\re[[[Dop\0	14PQeSE9F>Rn\r9I]FoQBr+6SVmk]i_{\0|/Nu-.U<:GwJR4Zy&ql#nz^mu;$%&[)\ZO7nl?8G-\0i^Ma,M\Z1\0c<s/>fjB:WxO>Im4}@O};F[XeIdi>M7i,2G^0Y[v%]kmEhZu#*\\W`-LD\'8k/g\\R(%~;g{MBp#VJt\n(WM4~-kS!yEOf-#V~ytM>y/Xt_Zz5f[%b\'Ku{cm=3q\noUv{e3\0H|=i^Oh\Z,Kn?G5$4}X1h1REouo^@HY2^Pk7m_AB1z;$oV4)]6Tyzh/5TUB$ko\"J\'NUe{h\ZCu[WOM>Vm\0V:&p..2iPElk8.$I..D;--/yYc[GkK9#hywqHv9d[;FY\0bAHIsc4JVi&\"(60slns4d[D63KVImiF\'+\n[[$6O}[McV4`3xfH<MV9p\ZHvVVhB7n4Ukog!f -\\\0bncGpH2+0%]I;bJX%k][wg g<`OO^G2FvG<6Trx9s?H.!%	sgEv{\Z\Zj?dhb5ZG_.MJ)qp\'GM-l$\0W.\Z\'xtjj5r#zBJ3oyaQ^R5?MkZ\0yh49[+.l-?dh9?\'U#5}_&yuZhR++h_Zx!BB5XQ7)i<)Buj:04kWk\\iV>KkcT^fyf.-W\Zm:rj>JUuy&m\rrr4/gWi\'-4R_\nxWwPC!??-uuFu/<.}>I\Z%LD4GKtyA,V}BOxQAM>M=Ibilo!Ki\'Zu _>x}3\\bM](eUO\rq6fTAS	EB7nQEvw[5YJVjVz$G^5\rB{+Ndn`[|S/fOi{Y&Zg$EPLp\\	,fPi]Eez[)6s_9gF/4pY6,[>mu_yjY${w.4ji56wR[Y	c$C)\0VkO{oj_w\'xnI\0L3o\"Eq`6,@I	fhv2]JHhzU2%kIX6VfKiw9^1{\n4qy6no]l~!EYleY(cEffWy+}>;BGkwc:\'C+jL7^Z@f1^In\\$n(x*<H\"`/,!<6,y^7buG3ZJ[Ecp]+m(=Hboxq=H\0d\0r-<o5y_@<\"t7Ee}Q-PEl\"@UJ^B)/mY3,.#D&G@~jZ]-co\\Y&#dDos	>-xPZkZFxU84k{&4(kuxqU+N\\biQXz:\ni:2KJ^wQrU)B\Zr\n(CII>Y]OY\\Zh/}XKT]</RRk}<JqKOf$XYPnPim-$-M$i\\~?VgY\0I?x\"]J2NH3jdT!@y6:`c}H\'G`K(%]BGmlmBC\'eN,+:Q4##5V)2P)81Wm\'oqOESX?i.g\n),K:eE*4O7\0x\0O,[${CJ:mxwsX\rvU/to\rA,oOz^\\kZ>r>X\'efC.L>)uknvuO;&jd6rinq4Y$Sb9sM)E5u+x>1T*Inrbr7&]	UkM:|Yl!QM=\Z8N.mq}q-sQ4/j\\S\0wQh5)#OaE-5@h\0!#<G5-bGRKUGyQ.Dsv7E<K\0{go3?F:/@>(+xuZ5j-{K,?\nkz:2VgE1\Zv|VKM\ZiJU:rmho~mSkQK@ dTE`<i^=_\"I9]6hZ}I@?\0.?M?h)!l.<_UX5\rrW3Yx\ZmC7~-9^q-\0iSac~=qVn56{kYoO=F.dF<7\\[KFK;NqD};svw\\~dr,s\"MtvhC)c`%$HzvrxX(PBE$H$h^6EY4U7\"@m2bf y6K/=olAl[P2\0\0\0p>Zp{M?z=]*Pkx[mvvz/-;_[\n<kEm!m4xfi\\@<kof8WoliS4,B0Ka2w1SVooekP\"AoHH(^TMR*K*\0P\0ucr^&:gJ.)jpu]ZNRRI7I%X*+II(<<DJIV>\']Mm\"]\Z{OVy[3]|;ezy_Ymyo,gKo_>\".6+fO_kf^xO\0MX-$vSTh8[Vd	@\\!$rK\0:O	xRYZo5\":+-_=6-}#C|QG9X7ZS*5*5\ZrTJT\nZrJ\ZTM5\"&s8%xB?W?__-~_~-^-.[Ht1Z]iW!-i=HX^n\\[wtmgdu}KLYdELDqn/\0m.>1~\r|+fy|7|WE\\BR1ko!O4bAZot\0iK[;mUu]WOxv\rRY=\"=9m70{}f,=oe9B%$NSoGt1U>eHGZ*7FQjPKF	YfyZYiI%Gf,3#\"2YON%0p]o\'tMgCRGt/Sf_5R{+ N 2\" Il\n2\nynU#$kJ6lnVZ5toV|sZS[-~m[Nom\nd1b\'9<3?j~kzwVvj7\ZX-g%	q,R\rzhd8?tw89:02+Nr=\0C8^{od~_\\=zOOuFkG4]sYY\\xYQ4Qg[_#;g2n./k-d\\y{kwgky)4.1\"5Ib`Cic+OH<C{)O<=O^NpRP3Vm{+m\\eR)wkY_vf\0{h-(KVrvt\'$v;R#SNb\02/~OOA=\'NRXK..H$nnhhim/i\0\r?0kR	kn|aCsun\'-iN1-WWs\\Iai2b(Bs(rQK9`?JKR\'Q5JnO;{\Z;]Q) T\no`\n62K\0FLk\0OiG^{ X\';&WdPHt(~ (#w\\ l6%ESndmi$%mu\'gu~+}-}Vqvom^-8e4;|DXIhPfaX8\\I\\\0g\r/3IMSPF;*f!kx?2!w9u\\/`YW!l\nCb>#\0XWu<^*)+\Z/IRj-ogMMBIh}]!RQMJ6jr%5xz-|O|FVXZH#h1>t5PE;<gi\0o51Y@$_x\nn{}76bml,}&$|&$Qo-*@#v[\n>R @$+`n3r;R?*=>2,eOe\\<T}Arv*,6%5RoM5(mg_?Y4>	|#pf-tMI:>j\Z>aOQUdA{r68I7@R$\0pZiw. tbRak[TYbbp0Z\0{mOFrLSIA:YH_S)-CV.Y[E-1WT<<-*Qr(7)*Vq9hXJt*Z5mYJv\r\0/pi*GNhX &RPFAiTI[Q\"\r8qONMcYUkWw\rQto4-tOO4?K}uk<m+CE0	\r1,C8,J	b2H\'rLgkj4GOH\nRcrj1n[s%vrZZXJiNN)WS2J',4,NULL,32,NULL),(19,379,1,1,'2019-11-29 16:04:58','2019-11-29 15:29:52','2019-11-29 16:04:58',75.6591,'\0JFIF\0\0\0\0\0\0\0C\0\0C\0\0\0Z\"\0\0\0\0\0\0\0\0\0\0\0\0	\n\0\0\0\0}\0!1AQa\"q2#BR$3br	\n\Z%&\'()*456789:CDEFGHIJSTUVWXYZcdefghijstuvwxyz\0\0\0\0\0\0\0\0	\n\0\0\0w\0!1AQaq\"2B	#3Rbr\n$4%\Z&\'()*56789:CDEFGHIJSTUVWXYZcdefghijstuvwxyz\0\0\0?\0l\0ap+8(	6	1r?(>a4\0VSgm((	;0$[,da;wqg;	*@>>kkTtnVWoTHUIFXer2!@RFY2pF	NWq_q# ^d`F78IQ q!fNH^pAQI>`rHNV;Ggm^TK(7tl?, d\0Y3nTa&RyA l1cws>`<`|(o9~\Z@o$~NsZ+^7v\0yx[oXEQ[o(C*7ln8\\2RI\n/\0fLXs\'8-J\0!m`X%])\0X\n>G\'m1$kmZn[_u[}^jYa6>@\';F.UmRpG%`XTI9\\gjrT\096h#9OQ0&+\0	j}VgVzYoE[Y=9n	H/@#;A\nYyo~.{y,AH\0|FIyN1 _-e(\0VxT	8*7\0J/WoKwIo$6kMeWppSCv\0ISb2\n\\y\rCc-bL;Xoa$2 1a8,\0<) 1@WTI&kIm=dvz;Y+[[;k-\'f(*W71\\^J}f;H\n\0#`lRAW\0z	lPvXj@$&3vz:J\0/z+MtOZw-uznW1#h\0fU~sKm\0`dF<tuCcG\nN:4<>Q@<m`X|\rS-=y#6(BO8o	$\\\\vRWkkZ[.[mK%~9S8\r`	RILN@+T$\ZF`\n	a++d%v8\rR*9Cd|N(GOJ.Ba\0	<`$	+kz+nzY}zYhU6v_rpw(l	8.\00FBY\' )#8-tu2\'&U\0|y;K`@1V*U\r!@	dC\rT?-\Z_ok)/KEcn%)*I$9I)~{\0<_\'y$yP_X\rwpc#$ey@$FL+~IUMn]:7vp9Y\ZM$q&3Cc+4	5u0Ik[Mq$iV6&\nCc,.Yf\02J6v>(.\r]#KT<:,1g$g-iwzq Xm\0%~z|)CN,V]WTu[RJ|/aZ[=>evN/ld+5}{hgo;]Y\0%rxC_\\n$H-]2%gb&HK+\n=YpK&lx_k].>nWJCVutm3Wk\03m\\\0%mMsymK}ZU~{$:,fHd}PHI\05i\"E|X	e{,mYc[5+q.M5N[w[if{_K:.iuj5W3nB.E\0W|O0 |}ekzZ\'-|0|\'o\nj?\rQh\rGP6v->-KZFewYBuir,95Im`sY-P\rB?&7a?@xg\\}*No7/S$J\'ji^>i$lVwwot\0]pk\nWumIcH85cz2l0t\0OGJKMuscuQ-Mu7xl\rqg|c>_B13)$AZ>!J,\nVBYLf]rzuo[wU,)^.3{Qq8F	%G:2cnhB #d[\0PY~csE$@2mcu2\\>H-MG7Ghw\"xv\'j3ZH6$\ZDZGe:Tqm$uKHEwQ\0-V*kz2j^DK]vzB}\0!T1{u?~\0& \nXZxRG\n(\'!UF\091h\'54v-/#?vdDkH?BWN[;Y=4W+S^^;GEe<<\\\"cz5{mj;u\0|W\'$x;YaZoHu-\"Kz-iH(J7}I,Q@b\"\"HBT,43\0I)i#K[& ]BXgKhlaTssy\\E-w:|7\\2KII=IZ+h&+6mn5T:jZcPkXcu\rs%{j2-c+^~1<-KGZXx]:.]2Xi7mOQRj!-SO`Nm\'| s>,@toWI\ZN=05x_NHI\\ue(4ZDK1gwm79Ruwr3Srj)+IZ7:W>B!OZi\"%:Me7<)d!o;^q[V;{Zq{%&g]Ior>?KoaJLgQ=CGK	#Zgu]]	5)\"a|cg]AT]bOaKyc4-uh4I}>KWysT \ZY_IgdWX-`u+dZ\\\\ZNF7n\\sU%~i]Jm9-ON*NO#nX[n_ci~,+]UU<9U}/._4o3sch#l\r\0g6t\ZRVvvl;\r2E4ZY>J]VO7Y,`O[XQ\\Mh%Oimnf	\n&uk7SgI\"Oq/.dWk$<=i--}<B1S-S}k_rJm}zi8]o_C3A%.6m>LKXmSqky#nl7a;/_Nci?aG$iWqY\\%Xj[jQFvh:\"UUUU]WB.[$Wvb1^:3(JM8\ZQ4;vnE\'	|TyyR\\rRdc~E\0\'HaUri=QiSy4~&IVW5	h961~Tm?5bhL\"T\nkPMY=ut`\'ogt:\0	?wh%{]l-tg7*u)iWrnm;M2	n5m&kR/-,\"X^_Gh++%2mI!yZ rfswAsBL;]IKv\")ondH	f d[C*7F\0jK{	g{.^Y_[]\rA;G\nb3Gtj.OTy]V-};{4gz$rvx6MR&)!]>-teXQHek		S(-\"<kek-ZV>#.~YyK3VNk7^maW%Xvva-ejzmT3XPsXWf$2$w,Kq6W^0MB[GF>VY\"@HV+%5hk@5	:vM[]z^o~\0|[pcOqN6-R\r4\0_}WNTIu/\rm.$SugKXk+f.uP\reV/1lpmc,xf@u{zq[[Y$S7t~\'2Buk+aj$1=of[$so)xfiOH~+~?3\">uk&MxtuXujr`mjkT|?G9.j>\ZyVK`$qIn@C$s(*j|6WCyKg]{h[PAh>JZgwp-pK0WzXPOI[\\Op|JvX7l#+EW}Vi_wi$W\r~i\"2@\\D_rv%hCc@JI\'/}e=%G&FzfkUABv_+/+\"o#G\\	?}+ 9\\c<LG$\rq$<3\n]2Zdj%SZe^Keo+Wg}$k\\X<r/MjcDtk!OEz|8;]prckRFUskz=qM5u(~6(.vwnPDA\'vh@\'q<M3j\\P4	2UR#ErP}UbC*#)Kl%-\"[E-$\'l-`X<F ^%[Q<1(2AfNI}53~inK4W>\\Mjs]&;Xj7pK\0\\^![F)z?>E>*Ey&I.K3/f_IiW%rzjw!2rcg<0\0vOl\'uz\0^T^o=/idh^~efW]o-9ZXXvFe/\nr$cwo@F\0pCW|\0O>8 )~B\'L	9=FA\rs $@?xd,H5* \'\0#y~2>bpg\'$%^rq\0p\0i\\K+ 	9,Aa\'L+?0L1Hs\\$($cX\0/@\"A29Smr999#6-U-S~]s^OXvvO}tzlGMdLNO:(Ez+JeH\0.1q@Fx+f8A?Is\\uoVTc~kw>7k!FE\r\"\\Nw+;FY\0%Y[mQRQ#;PyP6$9\ZXy?jDQt85K0F7+g}[i~%ZMiKZ&g@HL6Av4PKuTasmf,3/g\Zs*Nz(-YT)3H|I\"`iZ(K;\Z@tM<q4\\;+SwEl\".m\"dk*g<@JU!}bLgnbI&4[ni B\'woyT<:ZZ7f;HT$-}oK\\Ij2IcoGhk{r`4}gT=^oc3 ]aKP;1FkCHf]caf\'k\":{\0]`[4{VD#G\n/\0;/ipG!:{`nl&h7F,x6k^3c=]O?{4	10&I\Z5(dsU]Vjw\'x89\00\r=v}y%mcc$4[>\"L?p.H[4ci~\ZuqnnFU$+N?}6.H!\'aFI\'Ww.$\\3tSq\'%nHI^tyX8#|ocq_!O;WSl^t]^-*jk]\0i}/jR}o]i[DonIn\\l`Os`K|uOL82lg,\0gfKx1zn\00Grr2@&_\0Um\0}t&\rk\'\0NEeGVI~-o|wi`K\0hy.V5a{k{JrtK;\\Mf,xt?U?\rQM`7lo[PDF#r&wC,\nfU%b8lv(0>R38jTs]f7Qyex;nVwRR{kk9.{-|nf_k\0?tsmco}*	;@HLI(!4_R_f?iO(#4#-QR&C=w<1[\"u7?Y|rIcG\02O8HCfI-.;i7m7k_e?\0?hDv&Fm+b\n@V\"\0~%Sx\0e`iw,*FI1\'7I\rL={o~A\'m53q=OSzMrM_}Wmg}.\0Ko*Yf~CPB\'&$Fm!iLm$:+H\n$+;>8#Jxo%JeK.5	CT8ldc2?>3< \npOc 	1NjZM5wfZ~}n]-V\0Nm\0W	B8!H|p6;+\08#~#\\a?~\"otn)b[Y%Ugia\rNo.tpE<\nJZO$mGuffUM\\f~r<*##&*y\n#26[M)-}MU*R[4&[l\0\\EKh>/k:BDjj1KsI\09<Q\"A,\0m#hIdH[ydRX1Gp#`\'%[|,p6\\[-I\\1fH|V?!5bdwo=A265J=Z\'Qw*QnQI?y\'+l=R~1}GVPtF)@;ym$eP>`	p	 #}WAB\"P3\'0k\Z?$\n7<s6Qu~)i5}wRww)oiz]E,z?b:g4:=zo~\\Q#<dG|I~Cs{1\0?\r\0}4#\0p	=m\0oz\0)E7hG+)!A}OekH\"h=am.`Z+\"bK`uz&n9!IrfbUbmy&\"+VQm.u$mBr+$igmqzOFVR%d=y\\_i lP}<Gm\\aw<st{QC\rwl60YR%YJDbf<|kRd@;`Xxx0?_&jOG(c$Wk;6[mzQyg%$+{Wv9\nEgcss[I+>v u(qCFKd,c #O\0hx_Z?\\XLlfXd3q2\0:G |(|\0 1%9>6#HN1KZM^X2({BQ-/t}MO#;O <gy) d\0\'`p`9FH]\0wfP\\ p~aIL\\u\0llav#N	&-w~/!d\'99= KY_9\0#{)	gwN<Sqm@\'PpI;woo\0`1/7z*CAoVm44W^z^iTc~v8F=0BO,288B^&Fa7 Ep\ZC^eU?onB>g]e\n>RG^2w~\0tok\n{:\\CZjvKyzZC[$Oot}Uf6\Zu%S^(Ek$v;mY_C[N0RNu$cSM_?uyFyS-\nrY+%HCEKqndt	uG$g[$v$zW(;$u-Q!@~EO]O=M%%V\"YbQ)\0\0FE|Igj[\ZSQn\\XGRGh*z5M\'et','\0JFIF\0\0\0\0\0\0\0C\0\0C\0\0\0Z\"\0\0\0\0\0\0\0\0\0\0\0\0	\n\0\0\0\0}\0!1AQa\"q2#BR$3br	\n\Z%&\'()*456789:CDEFGHIJSTUVWXYZcdefghijstuvwxyz\0\0\0\0\0\0\0\0	\n\0\0\0w\0!1AQaq\"2B	#3Rbr\n$4%\Z&\'()*56789:CDEFGHIJSTUVWXYZcdefghijstuvwxyz\0\0\0?\0Kf<\Z35i0\"yX\\=rwE77\"Ihumv<VJn/R)0Bk%V].Ooa`o\\5O\0bEi6l3MnFu6W;y-mfXwB<oy-i52J7w_vz?u{]l4\'yK+{(TJqqI&hI5R${RC50Ia9[isq\\Z[Oou0\'-%.\n4W&md6<<oe].#TkdMJ9Z	VR1\0>\"kaa6^(3M [k\"aPM5bcR<**SnwjwIEdT6RbbZ\\}JfwmUOX\\ZmK\Zq+;rE-y+2@ekJ>FtX>o=&?f5yrxctk{W]Y0[fAe({Ibfb)=0h//qh0Xk8Ze#AquwK62s/7kY])il+WuQ4jdZ8}b[,vHMouQm\'J,dPq3D$Zw)[[?K>roVcVaKyhicUE=Z@0qZKao}Jubu=KKI.dH#Qk\rFtk? v+5{{9B{NoU6{VnM.I5dwV]e~OAi&nZo.OyPoXq7i>4fb+kIs\Z]	t{Ss2E8\'C)VX*N1[-jQ+M4x, c4uFW^/GwX-X4\04J2?+\r%0MM	\'$%mdL\Zv3Z%(F))]s(K[](E,*-5S2%vV_,cy0J3b2Nc*FPX}M}t1\"QZ;,h0O)-Cl<sMw*!o\r lH.q !`Nr8f>U\'Z7qj.Qz4np|M:c[t/b-M3I%0}Gpp&W062\r-+j_MP}{aFh`O!fIcG%qtl/F [-jOn}\ZmjcX6onC5IG5<i#Kh&H%F)\\-Y^;Z5~Bw}K;ZZFZ.wb}:P[&$n;Qmpi	A$^p \Zf-\0%j0ju4\0n|W>\Z5elX-:8Oibm1-[v%g21go<7jjv.#[{\nY\\Lkk\r@o}l-Z[/]tQTSl)r|D|Gw[5)7vmfOHncV[Z\\	ny2=#kezZllu\'I{6gI7Jrne{IMK[R]%wvrYsB&_%3Hcqol^-mnykK%{3*(E-ei4n$iR[{yWmi791t]M^fZWs<;K;D!$VI<(0i\"i>%xuOyGmtd65K;Yc(l|Wc}dH.,n\n\"-o\r8qn<JKcpf\n7t%7pH7}mu4bn5(^4^nn]nM7wkKimm~J(NIoyi>xM>8\'qoa*OIh-K5R7up,59m8!6o--\r)J&8f5-K=O:HmKIkmfg*hW\Z*CoeoFh$:--6|PM-\nGrUa|)I[/Z7Vr6vw%k:	Nr#+j6M?zVNxZ\'iI[s2@WikbmG&%DRLUO/!oi2v-,\\V.dV)sI4V#Fz.w\\Do%n5KEj2)-,Jl _\'&GYF`Ep\0\n*AI)SNR$kh\'2g84bsQvz&nkck.[Smn`I-aC\nqrt5R5_SOFG6FW-7/b2Umb5BXr\\=\06g]v-mxAu b,&7Ye\Z|3ZKin-\r3}=m$0,v[q\noT+rPMdv2acgkZm{%d\\,4KuO6,,lVT5	=4Mfo^K[k7kJtk[;twI@i\r^}(y]]E1Q*P1SHvujQvrgV#\r41ETtlm..D{OVR+^iJME6(:)7yE+N[J:5w%\Z91ytukoj<zWj>Ld[=2HVELVw+SEsY2[m}?<WCP\0I\0[wx\\?2(wVf6Fk{62ok~> iz(KKOB[QXylN>TcWqoghl]]+?x~+J<.:4fRRQT05+Z1PnI_\r\\]_eS,H_F;:]rjZ+k)4|GwXiG_nKYbQ\"N#xKV~i_:-U<v&]OhKonm<2y>|\Zqox[vm`SO	i5E	T|*\r\\#/u*^RojQ\0F%:3O_[QUOZ*>UOo\\_6}Am,me]BEEcNlbMSRZAi:\\\rVj\'^<JjZO<K\rx/`.^kH^wy&\"\0\0FS|y?}	2FblPujj{?a[S8+9:SX:jZ%NR\\8ox,|~E[-Ju99oz7({T8B9Qg{5gIQYi4C5TGi`d/!21jU#+E $7ZYdK9\'&\n~>I\nM/\\+]2{3QgxI\'x7	!;2\rs|)*&wu8zWjbjG!+7jI>h\Zw\\6t}jfpR\\PZkFmW<=cu&/4J2-*]k|Q,&=L#K>*n3\\:^v&cy67\ZIPme5~tExsXT>m4AsZ\\f;\\X\0I5Z=uM/xj;cm{=wdYck|H!yndt|oJTRMM%$UW2/1Rd1xl\'.Hj9J15/^[k7	>(QV\Z{W:hO3x)O!~7=KE-\rq}ZB(GyxB=5ioitO,=7HJl{\"n4yYk&MXdyo4JX+ZO2l!jJ~h,$!R.^j(Ac9;F)ohU\0?Fq\Z[0\\}lw3)Rx)TeZp+t:8Iyt,GK5[fFl%[[D:jy<+\\in.oRt\"bsJGel*SLO	5zV\nl1$\ZXv{/0XIvShc(G--*K	U_20[=]LH|Fttk!RBU%$>efal/pa\Z5p^\nC^iJuww^+l4^5YuE-UzRM3=r\\.xG|A4m/Q}u3p$z,65fcze]q\Z!7=SugtpHK-?PXA!5kR2/Yzx_\Z%Ec\\O,PY,5AoI#O5B;B)Ntaa\'F}RRRq?u5y.G;7s|v&\Zf8W0x<>*eZT)U!\Zr#}j>i	Wm8}(-/\ra&8%S_|/6isj4i\"/u[o#sGUuCN0i]/.tvf5h?m$Hmnzf^lZbX71wqy5wmXl\Ziu)O6o+7%|3f5,l(X\\R\ZX\nS)VApn[pS.%WT1l%g^UENS\Zt0IJZ+x};5W?fmgme\Z_7> Y]Z}VVz4s$1^~|tr2xrX|\'7n_i 4=cGU{mBMaK?^kuD<s_{CEgkZGook6:O#emNO<+V5_^W)-2q73\Z*<K(9J*R48IuqGyracbuuJaui\'MFpM*nN)5#*>~cQVi4\"x}euh,#\Z).eK{d5*H _n1uj~E-\"=:Kmef!Vf@-d]ZEK{g\Z~s,FM7WT\rawO|[uQ-IY)\r}4Csc+[;Gm+\0h8Y<5>_hV1EBJhsgRq7pyOT^e<z8K	MRTRJ}aMBte\n8I9Bc}`EjWk[iU].]BDjpmMp:oO,6A\n~v-ixn`\Z+*|TAtr$U_GZ>_!,.#O|w6\"KS%m]L`I~	u\Z58Q^H57X)D<66-x(e#VOnKr:^\"6~c(R84p)P&U,:**	TTdT ^mtK%Cl4CM\r2D%Za!{k|, <SgA8:Uvvoo$HHBjok{35 W|5sy#i&7Zw\\;[m`,K&u/I\r&\'bjrFb8N--f4@Gio\'=;KYmf9#sR*TZRn|{8|.[SaO1+4J\'BajQY}e	0NTee=)P>h=x($KK}*e]Lcp[C}q;5+P{xi,/5EZs!-cXmd)$A$|k<S%]=A<sslK4LC76Z/\'5+\'QMREp^-<iCRK(cpI<G&FYBZaGN88{,d=rzTW4\'8~*<^2&iP1E,UWUN,?&PsrF]wz4+	mRCok{kwk\05l^7nx\',2\nh4}fLoe YOmLmZI.swQ-#IqvW.^XDx>2g,\n%n<?k\ZlHl<C}-?k0{o}NL5Ha9V+V,+{5MJn_U0s:x|nO_[#S\ZW\"7FUit.)?O:T#h#t+J6W^B#m\\N#7\\z4*WMw4#$6ynLm,Y \"-d,,Z]KnWRg4Ufsi4p^$0W\09#,f(j6+B~N(`k\\:uX^*CE9SK;u*z1<F<Ya*yR*^\nxTjUXa\"8SF8%kh-5Y])]/o/[vi(F\01	ru7l+{m/WRR	\"5MgX\r:)p4&G[t-V[t\"+@33BbO2	f6p8|7vWmmfA\'+lD4k,:y6n.nnu\n)9<2]>JXteVPB25_,J))*s?Wl1<RX|\\\ZkS	I)Bu#O	sMO\04E{Y$Y;KyQbK{TO\ZD/EWx[]<P6f\"V8-48^O$]K	Ik;\"K{\n\\^1i}*i/3v,0>[j;Gu9c}S6z,b.dvVvdHEUp9g-Rz5zjsnQUgEB\\\nJ6j\Z}>Ws-9Ni*aIRX?&9N4v\\\'Sm)}>zmn_NQ/-#o}vC]44/c\rG{[oi!!#4)Va6-miI=Bhd&K\n7\\\rkgq\n,[z\"W?O1	Z[4KfH$\"Im*w\ZE#0I\Z:vu\"MUUgjMSRpjl9:RVy(%\Z8\Z<EHae(OsN5u\nGk:z]\" x|f9@\'lt^R4k\'t7w\\H\n3\"0$v;Hxs6pk&Kq<vw9afgQJ\\I\rxf!aDm/o,Zy.6fcS\'0X#2\n9l78G\'_U\'I{7[INc\ns^qb\'>gT4+G?xZW|g&*Ue[\nV.|y0U\0,t:d46;KcV\nsG9db6=O]CA6vkk+Zsu[^A@,-Si-LdjXElm]##\'Hc7fD	oi^MT$/7wYI\Zj\ZVo#_*9yIicN7		Vba,3A\0V3ZNiIoQ^-SiKIb#<X\Z)GJ\'*rU\"ukF.\n\\+l4l5]r8	 K\Z+Xa}.	d:|3,0iVPy)\Z\n\0;Zo}3{;[\\[;x-b\'c.VmAsqO5,z[9Iqgk;eF[+GiIRp{p7\Zr<JAFr=c/{Xycs9]|Mn	BW:4qtoVRo\n)RIS?~#$!nA5kt,o$H;)w,ry|Xm(<I%4#Z!IVWFI\"\\&;vZH$8-66\nI^@eErx/5GRn4:Rc241$}<$p\nxU>d+-}\nu/*bVN\\pj5Nx)Jn_W,5>6)T0xz48,&5)6aSQJ\nK[5r5;{Ykrvlm&fU4oL?_fK-\"-5;s\\ek}.$%tvl[\\FI^jM5]cBl\\8ndHKPkIOkonF;vK=DZ-}O@&+3qP\"P$Y*i6	^J4&|$:ppmW$<VZWU\Zj4:uc))5*I_>-\r\\I,uf]1P(^>Xt[m>Klm\"/25Iq%Igz.|A?SP.{}VH[^kr#*Vj|-m\ZXwt;ii.Zhn`Wd\"h:S\Zx6\ZROKI9\'QUPyw\r\'y\ZY]Z.^GVd*]J8J(8d*Sx[NW::37}=yf[{S;0f/~^>3-}$,${\ZA#.{x\0e2\0gIs{qn,,ci1jHyWsE\nxz\0k^G:Kr.4]Z-!~qI7v!s:CIb)({Jcq|wd\\m23Rharw-\ZX)Rj.;pEKuT7	!V<`*A;$\0^<|%yuzn.#:yddDhDjyrpJ\nnO^Be0]6WJxorL69p1Ms.u!L#~f;0$w,Z3=2ClaN_\n8\nQm:\njP&8,	W\\<p0O?euWVzE,=G\'DYc@KP$z[4GMkV4EBFe]b1\",h|\05hWhF|xULOkWx6Z/IP\\;yC!ydK$xI:rQf0NjTR$d7.YA]/e9I{I~5_9X+#VSGjNYNiIqYV\"8\nQSO7+\nm=7ITPe\nTZ[Ku|51A4?\Zm28Y\0hI_^ah	}h tmRuo\\Cew-:@JG+@$s$cOe4HA3I-k#\0nZJJ3PT%8/vJri9{7O)&%T_gRRG*c8SRe)iFxIK@\rfl	$y+G53H]_B_q%4;R,\r(E=_]isXYeKquSno1Io&7m(`]J|_j}jco^q,ALSypBE\'s\nOB[)PK!J*qTZSnrS*>_o<n7zxo\"1!gF\'zTRrsS*u^n ^wwjHb\r5;mWOxhUMQ|k	|IfvVZTm|V(~DPMfI!^jV\'3Xj4ve;|:}fmYmt<~hG-6Y`\ZkK=bC$}x9*XH*OiN*1\\Qe6N<e%ZRhB1wMNq>S^S#%<L}:c*o|D*njn_EJ4[M$%qewv\r<-x\"K/4cpcnKAll/S\Z~s<&bR\Zd6	YO!;uVmB7W5\nAmnf!I<|\'\'[7;~dl^{zdf61&14?1iPJt)FpI.!)GG+J#*Qz>0aD\Z84)F1t*SuTc%Urng_YI7\Z\"IcM+W5/?b|GGz6r]-]^O~ekLv;uumRw!66CKyQ<cKcTVgfkR?Mw:\'<I,|S4Hl\rUy+EVw/\Z6i-7a]Ei,V\"PsMu&N2uuO3q>_S\0fR|1a:*t\')\\+rC<i<^Oax.~2X\rWa5g>\"0`uKSO<\0\n%#Dm8[N\r*y:*YoRyM-$$w3x^_ouwwu\\Cka$Z<?2cag	Y4|?|X/\"YGvs\0Fm}w}K>[bX8_-\Z0fpjQE7AUmRVOwGT)RS&jF[:T:dzE\'g<qCB{SD%GgId?+QIBu\rtEnH$-m}IE`U-,ZjSG,|_ZxCnC4OpI]_w.)IK;[x7Z)-\"i5KYUJY\Z5TJZ:Uez7:|5qxExZcBk%5\Zs6c)*sSrr0$c[d2#;mn9dYLIe)_k62C-6K]7R6\Ziwo4yqLAUP\"fi3B4zH--/RVE]MmB3B@|]G\nhi4ma\\6Iw-4kE4CFN2()Sa-i].nq_	Vaq9VcC7,MhSkb+:GFQ]XeJ<UV(&9+4P\'[]6in-Be[	d;EX^:{89b?H|AuokOB\rKLkMk4@B:_t=K~~DLzXL`Pk:CL<iv{\"!k?<W|eW\0_4tMkR.^\"xxMdS~u+`[Z8/I&\Z(Q*QT43+I:**IR\']sBr_SR*{8Izo6iz-.m>yuR=OqOueGoq\\y{Z\Z64M26I o#4k{K\r2NOk=.K?kW3\0SW]4H!0xgVn\"$`Ncx^C\"X\Z[+I#HZ=Oi_~^WiqX*0MX$)4N3f,g8WoUPG:M8Q[*\"ZPNH1m?=;zze{K/5\r~niMX7o\0\ZV\rfK?n5F{alSoaq73_\Zx 8oo(.Qn>	e\Z?sb4tovWIwr~3L\\W7\\_ t?Zjq7 h^Ido2Aqqs{-!h-~p3OU+X~OX7%C7\njN2r5	?NTjYUP;$3(b1BssZnQq4)jrqx9\Z-rj%#i\\^Ytu\rF[e]k:85*,ywm!\r&MG[G\r\Z~/h\\[iVzU\"fy|+DtD@MYc|ko>~~6CY}XaboVROB8j8~*Xzxx9%	V^V)6PF_+x:8|4VVFzSe\ZSO\'(RJ-@fk?#SQL\Zg&?,jH1V=Gj>euy=zd#@sl5Vi\\dpKu{+[u\')\0e9H\'Np8Yq=^5ldZS?0#V$TwXo\'2_.XW9^&O*V\ZJ\0>cA{\\sw:M#*J<C)\n\\3i,qw{qL&K2.=aom.cj?\Zi7W[:v:o5;%:KWW|o{}}\'LFk8m&	-%AN{si6)][Yjq(t^td2,Nf~Z=8*c$*TjRE\'pabrFaRuzud_2TJhhlo<e\"_iMwussh&/UM%VWB({74uK_\0ijZI76]]zD+]&\'Lj%3}g}wq4{kWOsvg-HV{cGn}NMoH5\ryuSQZ\'aNj:M.^-N8/),N+1%*1ENTbg);:&U7\n\\M51tKR0UiR*T:\0^5Tb3>?-|/m&?Dpl:8XZ.t\0ijw}mwWJdY>e|]k$\0QIa}?OSICg#`-\"{i3Kc+4M=<[BQ{\r45up\\[I}q+2Bh~^|FMV$VRf^XX`ha<dw1x88;8JIN*-,v&1W\'~y5:3J	e_\Zk/-g&Axk/6Iwdh l-Tgk8g/7G6^n	6w!bqZA-yvi\rC*%f\0^\r%Ojf}	~67Z={x7Nj6O}OK>gn!iumdm3HRgg+~VRmn_5TUgf>8g\'57-=dTwgg4*7O_w,<:rqjQJU?~~\ZaaH)+2vmCL\'<M,E]3j;K[{Kxlm-m!C:E1J1m9$FW~KcCNB`\0$.?0\'8:k9,N>M:PhRRm)5wF9%\"#TbSUu\ZkOw+*qJIF((B',4,NULL,33,NULL),(20,379,1,1,'2019-11-29 16:09:56','2019-11-29 15:29:52','2019-11-29 16:09:56',75.6591,'\0JFIF\0\0\0\0\0\0\0C\0\0C\0\0\0Z\"\0\0\0\0\0\0\0\0\0\0\0\0	\n\0\0\0\0}\0!1AQa\"q2#BR$3br	\n\Z%&\'()*456789:CDEFGHIJSTUVWXYZcdefghijstuvwxyz\0\0\0\0\0\0\0\0	\n\0\0\0w\0!1AQaq\"2B	#3Rbr\n$4%\Z&\'()*56789:CDEFGHIJSTUVWXYZcdefghijstuvwxyz\0\0\0?\0TO_[s62-@uU8pHT7|@a\0I\0!YFHA;X+\0Ne\0r\"e\0p!8fA1oam_KyyMy^[;IY~g`BA~reo4b[ (rPPIb:dS$dp2v2>\\#:p	m*3LpW~\n#nvKZ/um-^ok}[P7rY%%$eTsl`$TC0\n0(rb9@z;KsN?*ba0Tn]^WJo|V6 6rH#y\0#v\\Ae@g$3r7\nYPwn%W(,A@B0+1@\r;~6 ry\'pT%dV],vMi}ljkcC&\03@T\r	`38!Je9 \\RP8~:\nN	 mI\rb\n+bHOPnyJPBY-bM~@ij)PEF&V T3]!<;ZUe3arhB_gc9$ 8G#3&q\rdmGdWw=Zm\0]uUnm\0Mn*w)cA,m	;2w2<WQ\'q\0\0KEVcqv$|.}?{vhPv]ov0c;/AA;xH?/FRvWnr\0,h;(FZN1h\'x*JBU\0\rS-\0\0*3TCps 2HSU~uUxO_UGkmnNO<2A#nN;R2MkN3TmI*Ab\'.DJBJenS <`w~~<i~0|yo.C_]K?)7{FIoUhz-lu--kxMEZ8Ddi+&Wi+MMb!2\0n,C@c L;b\rq( gi4,c]2$\0bH 1<O$c 9RVVry}?>-X;1\0prpQ@R|e)70;XTdVxr@d eR+n\n<`*Eqa@y\'8iA9`XbebplSo6Zvv~OUmW8@3u$K\0AbAc\\kX&UpG*m^ mF2q	:V[/QKI\r\\}FHqx;nc+lNw\0.g:\0J{\0fqLgEw)j9^%2`_?:;\'689<YVxK=Svc6fKh_qcoq\0m2]QXj^N4#58\'.~,6SrS\\,:]VW,o6&1,1{]J]pu{Hr|RJ/VJZvwmFR8JR)5{F<ouwzz6K>\'83<\"Asm$?h+\r3o\n< ~z4Msj!>E~ne4Q4Hc|9cluM/.3\"]Qlo,K_>IV5XnV7kjSY4?Funmt\0xRX-/|EluY[\'Lm]tBIi7RmyR\\V4R~JaiI+\08_[fh/L9$7\"kGkydHR[C?IGcZxZ}b-?V.q}F\'?[?|0\\\rsg\"+#1H<A{/WRPyM3>2YZk;J\"k{c_ipX+iVwZ?u>k[k&jx.J.*U,e7f\0G:}qZoy\Z;O5AH^oY#OH&Ed\0_^-<U,K$mx]M\"y6\\M)I$=QkV&7bk\r3b[qLPbu;/-/D0bH?txVkkN_f	uK-$(eh\\FqvqjINIiu}m#*u!V<FQ(F(9BPi5(k[cyW\0g-x4X\ZEk?:$~k y4Q*V7FY@REq\0-Q4 WD1]!GKXeI#M,MR<Z>l-,.17 o4sVoeia\rih$|0>}8\rVnXn!{[5kjdoi\\\"\\IovNTrsCr6^\'k^=4d\'#.~x$=#PCmsgDQO$l.Xzizsk	o3pjhCO.{gw5)GxOh\'PF3U9in\\EkYnVc9]3jXk$+l\0|\Z oB|;arm],0|\\>!ICQI\Zm\'{uu(X-\\\\c\ZY#&)zuku>~YTv-\rKq^<Kog/>\\yg%YKiMI%{*K#1$]LN&%tK+z_&lk#}k,Q[4B\ZR/HtTuHPEkE\0{Dmd[Fm%iD#WO ^Tvwfd.;\'mNAu>Vwr!vK-6O7j;K45N{)6q$c$Qqp\',g)Hc.r-%7r@|Vuc^^g7/4MKY}.;v-su>ne	\"Aq5vM&KE_%rRI]+ZO-GIGK\ZsLW\\ZCKK?,#mB[EK<-i~llGakjGWTAV;;I% Uti\Z&+}B{{\'QVs]-snm\rAoeSI\"E,\rn4kJIhY87\niqwud}UzI>Hj)YwQowIzX90}x\Zq&:GsHY~%:GN\'[VB@\nIe\"\"xcu2Z+EMy~4w%]b{kREx Exyb8/FH-6Dqu%PZoyKUmtJ#	0mi~jt}Dri;[=pbKC \'3lL*q^%W2,(02]$q\"eLM4OwODwNfqkookRbxal\n/!<\"\nhb`564|9%\'cww}ZX[n[L6,+Uy?tfB\n`ECMt&;	I$C$&#ZYn|nfrg&lH\ZDUB8P\0\0(\'q%E%k{_~M|/G)Xn,|S]O0~0#e|C_er--p\rmi]c}c,R1{+hR9gnXM{ik- 8M\rGI^26ekiKqK[&zjpFFKE)m;?M>qA6bXT<#\n$;Wi6\0N0]:!v(@\\bGHr70F\00*-w@YamoaW(2`\09c{47:hI{9\"?o.HuIu	4*T(m>k=Wi7~J$R[_Muvnfqmj}_j?\"G#Xgf5<TzMIkyG]\r7cX\'bXdf)P^t6yF+4,rbw:j#u6UjUESgmy@)N%XF9]4 Kb;=\0\0heX_ocG^Zt6rZ-M6)c/zZ_N6ZvV\\no?wsiiw/|A<Ieu\rss%G2Z_d|9 nGHAf,F\'|Nc\0P-48XOBK+r\Z8e:~N	_S{\n}#*u@t70RBQIurV6mU[$gt?\Z/,aS\'o%x\ri3y	\"/VKjy$?03LL|?&pD%e\'`\\0/ZH#(ELuyN&Q@yr&\0!#Aa\nF	6\Z1Kx{{;cmwj^K%=Rgk3R}Px#a_eXohY\r[yq$oX(HH@aDa#_1Q{F209:Ki#!#X>YyY0\nD`Am7\0\\>E+8--kkZK-f6;V\\!m*<;N.H`]R\"7oN7YF6>iss&eo^w|[\0<A6z=[{ByHK\n#$U/(d\'EWml&[gLw$r\\B7\"9kpvQP|]iNx{rJN\'Zog-4g6y4aavh.!;D]Hou>+-><VWA}pE_&J\Zw?	kVu]?WK|u{P(%D^9}VG?W`adKX\0Q^[(Dj]\'kh]Z6iWk-\\]Kj1v6M3MVQjS\"`v8@R4i y+MA-<V8t/CSujaYYPO-<]DnJ-]]]YdcAM@~tT/w?v{zo[kE14#XVZ{m:XRJ.ZP#\\K$:Ui\nD%t{k=*$vQ@-a\04W},D@bNuxm-i!N\r<o@((8uX#UdUUTQTZ1Dk7+X 2@~N	Xuu&?].QzE?~\nM+Qmlwl\rZQi0QiK7<=4]SNM{QZ}8Qm,pT!a2f_hEOL9A at8#vyh,	sNB\0< pO<u;[G7ofCJOF7KXHK2?uoRn_Q.Ls*(rZEQfo<aY7UUIpdO01~de!A]EjYe!R2 ^TZ\\]mZ^lQMNz;6zP,\0aI#+Y|(R8h/)c-ZlGw,I#in#2T,^L*13G\0\0e>1k\"+3H|f;wy0\0~<S~\"y\0o0J\0mr6]$239PF.wk%y\\qlr{N+??^{I%tyl.U,g.rH	(xN$YA\"p;y<O<CDlk\0\0G\n|oBGo`2-\'1HI$G\n ?>\08#8# \Z\\/)oegy]uJkKww,Hs$K(2cPTd#,x#wHATI	Bke{]On9\0?%\0\0A8\rT2A9\'(vNqJ\0AT1\0N\'>erY6.n7m}URWOw{I&o\0_\Zmnr}2( %]n-ahz$yD:V\0N~#\0~+\0\0rF\0|8]v9y #\0#?\\#C[JWKZ;3\0jWGr6p-4`8	 6wx`IMI`9=~oA\r+In\"O.(<	]bD\"VgdhVT*KYl\0k0c&rx;|kKnS]Y/%}4V]	TZN_X-?(6dY$`~*)<#> =QX5ax[VM43-mn%)LNn)_T?H94Ko;5	(<6H-_&GI\0FQB\'UUUQO!Uw(n{f9soeV1\\eJ^}bi$1Zw7JMo5xd\0:gTK\'~gdd9	XU\0\Zm<O5c_01i$yI\0\06Uh%fm*\0Qv`2\"s2#H2fpIOW<	aq*je\'{=$+Iun^mn/\ZOy[$dl7$.+}{XUdS<@HYR,Gg<\'\0\Zi8Wvrmw5=;cXr$I.r7n{vn$\0?EY%t!YHdpp+srh1Rwg*LpLez<qYPx;\ZO.ISo I_=}j6Z\\Eqr(Wd#o`ARAu5\Zu\0}J[;Xw.z}b+BNtm(\\|k2jR2ViJ7&|=YSm+8+w~x^Xg&?/, VI O1=_B~A#rr~!	 hhV}VH_pD1Epd$]kSF.WWqSyWr{9I5uouw=z5(rnkW>;oGy861{nXU$\0)6%]uu7#ze`+	(3Hb{y0#I#kc\0(PWB4LAcryg{w9$UYo:[LJ<bovuFcN9>xt+E;6nVoQkh/*8J5)])\'i;_$rOa1$#=xdS3s952|E6\"n|3ui\'mYVN|R_@pkQ\0<m&~+|Us\'6F~;F\\4i$g5g{;I+iW:V\nN.TRM\'{i~)y}FO:H~9$Kz{:8?L#_X$|\\\"uTH\0B9\r^>`pC~$*>Ykr1]<6FzI5YWn{T=n{6{[^o@1Oos9\0?AmFIPnui\'AHm# W\\GvNN1rA VWYU\"N=lKcW{[kViekWT)\0\0\'x9\'\nOJym)-onmI* 0 93|fuk	KMqHK\Z;G*;e\\V|8G4kGP}KZOmmRb!m*Cg87.*5RqR$J7nSV]K/a]\Z1K4Qm4\08Ki62j:<+UBUqC^F>>)a@\0\0(-DX/E\\6FNIP|(Uf>,|$u\rCJ%wzmenK;y1<d&7d<lv_kO\rOYO\nTI+;w~Xz]UZci$gxN?vIC==ZYj3\Z#hw~,k3L#kyQL/vg\Z5]\nMB/?1hl`4\n%@>+x8$,Rd*4TZP\'pF8Y@rT|]#gpX|.\ZSPN-JZj7e-\\\\lgi6ZVU?gC.mTQoT~}MKW[Kc&.^/x~)NV:$\"yFP[c$SnD{!X\n0\"\nFbLB$t\n \"AjP	\n\\*dP!T+8fs<TVI96Z$n7{FaJ6{nKrmd<\"BPP1&@Cu*J3\0e X>8\09\neJmc\0)I#%*D08`HC!C*\0q5{JWoVOWik2o6Eiv{m42OffT;M\0$g+3tQ\Z\0@.Ho0`vA6&TGpq8^S8Vl!,1,:=!o27rn\\^w\\}%{6K4dI9$OvmcC9@SppX`8Y	lv,XmX^H\0K8u!I\'s0KlmAd,y+o0$Z\01@M+bX$v*vOKfnuj]{s6#^7e\ZB+Y@%# *|Yx`_~o/.(99{OVS\ruwgS\\3jRwH?ZCPj_]m.nVBW1?swEtZVoi^O9Ig~XM5][zg','\0JFIF\0\0\0\0\0\0\0C\0\0C\0\0\0Z\"\0\0\0\0\0\0\0\0\0\0\0\0	\n\0\0\0\0}\0!1AQa\"q2#BR$3br	\n\Z%&\'()*456789:CDEFGHIJSTUVWXYZcdefghijstuvwxyz\0\0\0\0\0\0\0\0	\n\0\0\0w\0!1AQaq\"2B	#3Rbr\n$4%\Z&\'()*56789:CDEFGHIJSTUVWXYZcdefghijstuvwxyz\0\0\0?\0uo-?ItBXCmh.rGxbv\'N\r^1\0K\n[ko|BD*)Gz,)LD,.<M1YXPgB>&w!5{x7M-R=V~U\ZCwg	DLL\\2X.l)>`N1XaNP8VpU;%u=ZkwsI98m?g]^JMZMhWi6F\0gb\"w(|72[*#<,\'vI\0:pD6>\'+\0\rivS1M:F|B0?\\R\"Fyr~m2` 29$*u\n&$2FFN0h=~I5fjv[2rn2JwirWiJEm{_\0<7O~&tGrXt=wa,!s3Wu\r*U$l?w|B.H.@$\r G\0?@_B.5Y[1Ko?OI6hjw2#l\0v|OK]~>m-AtS}E%lc_J?;I1iPRpg*j]D7V\\ZiR*oV9*-7F7_RI&l\Z3\0+~,f6PF|NFiUO\05/j:\n&88W|,e\\]DEo\0g6<8VfQeX\0O\0x\\|NZ\Z\ZW]V{I.Dg07-\0g#Z}Cr[[Ckh3g3KxJF~nK4LT,Hs\\.6/,qr.ZR;{Q[kT2YZ*mRQ]Yh,,_\0v=z<N^+I	y+rY.\0r\0Z~m>mHsxOi[C/>F+e-vLf7m\\?i{#gMhVCiAtTS;k_jMa$]jovI/UH2:vlrKr\ZwJ*z&Gtnx\\=J^)jNY6)G[)?oW_>x7E|{c#\'q=y9\0qaf4\">Zf\Ze]eyfFFsWb{	\nH\\Z]A7![xJ{[ymk&	MB\0Z9-&~MBxJrgEaZK<]FQ=p&[<|pGV){\\7F*^ULBH)A2[fe?|W1SVi\0kZkZ`~0-7m4LY%]O#JifBpd	5fr<0\0C\0A`\0j12	p@<R[#%#nWn}\Z3=Iio[6Ikm4}ww/68*7)T	/p&^6^N\n[%W1cwS`v9g\0]q-D]{|o]\0eiqoIZMN;gXEO*=.!c]Al!UH\r!eoe*8)wqQzl8x\\m #\0n c?)8~PqIjYt[G[Yi6vb~zRmW*_o_\Z~qk<:,{1Cd0>y<w:2,?xoHW57^[xtOO)0bA$vwKMiyW1K	<Y\"si:m,i$Ko$,}xZRzgjk|<|<lQm:.6\\<Vy]#\\Kk%.>+0^S%VN\'ROg:5,VIVjn\n.e2JXSYR|EM,xW]?\"de#x~[\\Dm;Q 0`2|tG>uYmVcixk^6\'YR/\r\ZR/w#DPw2C2 j37T8tEZ[6Zd$~:\\RR}TZoiX4Y\\L0Aw+sW+\r.yPs\\}Fk?^#X.#>bU</Trrz`#\"& 9#g=so^kSi4{/Wvn:)8uwJOwYI4\0}rI^W{#*\0U t( 6AdI|2BouRle1ygf92XniCp\05uKn*q#2LKg%$RmkFT\0e&|\'WDiVoIH#!y`jhAbF ;8aN\0&u%#\ZuBCFA$Cp#bjyyRV;}NzIQr)Envj-zmYN1z]+i~-6VdPqq2O%H#i/*IE-`mbI<7_ih<)O\0Xm<BIu{\0gg_?Uq#\0u#mYBDTy_=|<QWhE[[jpK5)8w\\oKSM9\ZwKxy9>H$t$oD~?o\0*]y8}G@r1i~`>*~\0<IwoZX0%i\0JZ}nHIq5UQ_$~	iiEpt7WxV4Y\'St>Vs_0:8|e:u*B?$ROg?}\\^*L#TaI4a$/+i\0Gth\\|[y?/N1L\"UKyCa?CxCIXM$3:Rl\'J__\0%7~2xt2]+@uY@PX+Q\'zC[<Kw^sxi\'7?^Cu\'{%<M+Vmk|O}51UO%Q{?FuZiv6n3G9ZPI5&::~8S:QKN2,RM$o?zA-c]\\nfY^x^!Qs6soR3Xi~1ZkEm92cLBpc$>q:<&kQM\'Q5	hjPIoO5Zs*\\~->\rm\'SRGaNiAa|PC\ri+a,!ealZZ,H\"I#i+sz63+JV9SmQ`1B*#8N/9Z|V|#\0Xyi\'|U@0dZK6G\0@\0>->wPwI}*%	18B8K[U(Hs.d<zd\']M?9!\0D\nf$\n\\28vDfmnvc+9}uzIMg	x|v/P]DW u2N[4WAXU#)|s#\0s\'%@,Tc0<oDT.ZB8%Npaa\0\0!Rs)%s<n9E1M>WutvZB%HV[VWm~{3E$_\Zu/\rJg[O\n\01,\n_vzuA\ZX$H\0E\n\0$\0Xr:C,OE_yu`OU\'t$VX1c$3*d\0y^m=lk_|IY0I%f=_38xU;-$H#,c&E<~|JH9aI\0I?!j;]!$;\rR\\;3;TdO83VS[!BE=Rwkg\0FKEW+w]nvGG}i_?omooX!K].\0\rtTI#CP=boIf\0\n\Z\04VoUkuMfiK\Z]\"[B/Q\0kozYOo?+Mm.^B@!_\\Z\r$h~xQ1m(pt\Z\"m$)\'e~iC\'w\\dRT)Ve[_;\n\0bO\0bhm\rzc!J$\\d2\'FH$g8$k/4r29|gn	XV:8\0Y>p9,kmul}6ve+e~4&LF\0 pe]6Yp+K#\rSF~Pe\0s0c=`ZM9e:oB.>V6\0\'t@no#s#1Krp*I\0	$ym]Fm=^;jhl.af\n,T2g*r\'uJ00rB\0\0H\n%-ss]-?ydSrNvwo[.4}Skvzo{kUd]m\0+u`\0eB9v{F(\0NTm(AI\nng<\0p@6y8c[W?h.7rWlV7fUw-tWgsO7u[5U0!Hu8$`nFI($He)q2` Q\\}d2N@V$VNJr+y1*nT6wv+WN]:Y?u:sMW=[W?\'F|I\0K!UkzxP>$uk)g4)]>x\ZJAiV]ac7<$V4w~$O;BfCH>\0~|U_M}\rL\0XxIy[2Hs=\'4@:\0Ixkw6?;zP_)%7zJ\"si\ZN\0Q_\rWSSl3:ejkE7RB.|RXToP:Me1*j;HVpNi>le\0A#1y 0<|8pNG\0py>kO+aT);9b|P\0vpG|%HqC<zCk*96cV.Pb~5y+oJV]|i?vx\"q{_\\W_;F{\0W\0yv\'y	iNn,JCIT)`ur\072tB7(pHjV%oX!noK.\0I>2FUq4tRC0;Q|9jCisE7GN:7gMs2~K\Z\\|Me	MOQr7/d}}~ :i\Z|xJWK);4Wvm;\0|jV]wz%	ht+noP\ZpG$H)8Zohc[<upALv(9n~xgx$gng]jv`4Y\0ma+jWz|M{&@1\Z\0H|?iWi.uuoE[&{;Yg2k8cvz]W/~D6-fWI\ZP8FJeMI6u)7q~!/\nxrj?Y.@EdVw!\0~MW)^s\rV\'(a\n}3VK)-8|C`pj\r.Awp%3\rn/=f\nu=}MmigiEg,w) 9^|/K(N3k&5T\\6m$o.\\G yqU){+Bnenh\0E\03Yw,zWWZ2v*\ZVie\n,!\'I\0lC6MaY5-nBX/Dn*J<}x7\ZxJ\r7ZmY>iaM\rDi+O@|GaPxrqm3Nn4}>[R{]F[y.Om%%%4<%\nkY-RovkN\Z.oUS=\\Fu9Z[nRn/t\Z5.P-<-qQx4a@AfUi\0A)6^m/\"&V|*#ub\Z5?V/XP%l5/X[I-3ZZ]_o)Ok|m7$1K0\\\\^(mt]P}\"hlf#S-;Qm%qji}w\Zx<]~F^]IBKqW|>ee898W<-}J?}\Zl#.YJz2!ca,Wy~:|K|%C\\$2#\'?eOXuyoG~<t?MI/>if}rI~&IGm_W~j6SkF\r#MO/gKuceg+XFE;Fr|V=EoVnJ7>y]T9gCEis+\\R\\>DSk7xjxd#i\ZM{o\r_i6me<wmsw#]$]Mx<.Mi^-6VBKHM7	gcg5}CN}SFYhi4E.EKY/Px;<Wxxz<:W-#[{JoM-NuCuwqwp!9iE\\0t9{~OtQ5j,pK	t5e9-rx~xC{xt^RunYo\Z[iu5KkLQ)o6Obok5?wV7SMezi\"<]I4|K1rxG\n~4]&y\\E,[5{k;+{-BtQ8`uH~y8|{-KF~ui~&iBm%gc-SB*IEP$,\ZP^wrmU^j0G<g=8^R+JrQijQ~C-I\"fhCo#yMi6P_h&\n?:R|75Qx84:}?%}.&+M3sE=[0{ia1M~\Z>m\']!l(/d<l`TLhD2$m!!a\0<I	8#o_K\ZilW0p3;4Cr%e%;r5Kha\ZY\n(C5[\\edm#	|v^iT]\'..+2hyc&|F)~.soe7>i\0jOxF\'#In%[k\'I$v\0{B~$<O|C\0+W,6wc\0{moJH[k>V,>#VO\'MR]4Ok~kpe~}R!61:`#\'u3WQE^nz.qZIM4jN2{5.xsW_Q#Tzx`|Z]OOmk}o!7\'I43H4,]PuR]\'yk,X_F,|@Pjqj2k\r[<g$ur[6_v	lCA[xxv.MwSO5U6({Ev_\0fe\\|5nxo?BP/FM;VItW@$^&0\"vO)FKR]$<5:]+bc/a\rcy+(]k9j_YuatSw\Z|+m\'Ts-eK%]Ox2Aisum\Zoeuwn55_V4VXmlnm~eEgux73Go1r	+]x7?=O_+Ou7Gt-Wu/3K<_5YZo\r\0?I_][!VZ\0oPkc7wFtWTm*10V\nmE$~-M5\'omuaNiVJu#JtVv\\SN[NZ/)[#CiMijLlNJF957\"T{nnOIk\'<x.?{ozZ,tm<EPukG=i`Y|kjV.\0fXMi#/Lbh!*]yO+\0\0o\nh_-Jhuk0\Zr	G/mUlHlb2xIX~U4IF*)SoYE?iA(Ru)F\'V2ms\Z^wgK|CZ;_\0]>cU[6~>\r_[^>:?^jZ\0z,:Hz[]ZjV3kw\ZeoC_0t-V61|WI$4W\07KOn)~]|[?O^?Jj1\\hjMi\'N5fHhZ~J)JZB<imM;]4j~JXq6I/d`c;I%z[\0GO7/ftmWC^O];$m2}KO,Vd2RK<}_cq6Nf-nbtev4h-*CE{Cfa	8z_\'Jymf4+xUFat/-??-zo_g\0 <Gcizm%i[\\Z1s*vf&nP^rtsFTTbti%k9rb(GC,EYB1TNz\\rH$ps5\'S\0\0|e-^?_>x;3Bmvv}ISOai.Y2xr]_N0~~5-s\'Oxo^0]~]&KLvEZl?O~\0<SMG4GF5x\Z\nur.ex] Kp}{\0nrqm$nti!kA$cDR$$kQw+6$)\\{VR5^G_MyTW,\ZShgmnY<GhxG}O|z\"(]c~22,671%2$Q[c->:x	\03G|Z|Wv	[_j]:5fl %?A[_}i\Z<^B~R!5WS>046TiR6n_y@KFw\Zx}XF5MV@|oQ0,~t74K0.IW}dKjZ9N9W=:MWrvwKEx\0jwc+q#)rj:-gV4vKIA\nFr%y(T6%J-D%+W)qx4^<s\rT^H\"BZI3	C51\nY?,>fWN03c5=\\cm\\mnw{\',U)-#\ZIJDz?;\0k^([j6\\6%ceXj6vuzK[{}.;Ku7W\Z%rGj\0>x&-[	!\0n]k\ZXk6~t!I9|\0W<os_h?Mh:\"MjV2k:u5\ZRxX\"\Zsi:w{memb<EId1O^5kfG$,xtkM.gJ\\\'7FNMM]i:TU){WOO]IB)T+E/	7ZO7qY`H5mK.^Zyl\"Gm*H\'n+_k-^_V\0r6WWOR#$T{}_R^x7VjS=_hIR	%tZ	0^7\ZxvU<xDaZNLV!e[c%\r\'i!=NtXBj0m\\NI>i[y4997,mU\ZugR1eTN{o|\Z#k}6I}F=E4]Au%MY2IFK\0\Z?j~$Z\nxCO\nR\rxgMT5s\\[XDy|[HZ\0i??iM;>#MK4jbTE}.mCM2[2^Gu}2^g<Sq5Puqjk\Zei!	t$SW^nY5e7J6i8%{sBOoZpTJ8KFr^TWI4GW~xs	C|><7}Dxbh4bhOg\\[\rG,qPsyO\'GN=jzf!_-2\'`\\#[T{-tg?xkf}Hl8,a/cHwoQo\'x^1[m&Ok-\"2h]io<.\0e1wuwt vTL08g\nU#<KNwj]<N8WpT)J<rnQMu(7Gj@|o=	r1b1pDO%~vf[]S|8so/UaYipO\"D67O&\0hiMc\0,L/|;.\nm#|Z4h  \0Vi?,{-W\n?-+2L4\0[IiwphjNzm\ZDIeiVuu,/z,\\O9\'w5:\n\npM>k^S+$r?a$h>B5h-x{ZvZZ^60G\'laczq\\|ed\0Y>8OOmA|W#_Cu-\"FHzMe\nHBuxZ<s\rkS_.dSjSG&$^P%m<[4yjR159nF6z-9c)PNN3iFwv&qi]y[<N	-^d@U(!H<7K	f,<wk/L\\\0N.aGVIrw>wJ2^HkJne\nw,8ae,{~U^\nrdPNz1\\{$s!Lv61aB7$5SQih%enkN\0]S\\M8*pJoa{hm/s in;dz)i>\Z:ESZ|k7VuBKijc#kxoOG)g:DxSUh@\rYj]_$m5_.Hq\0\0\Z%]Yu<_]?[`-Xy70m.LN/^\0o!gq/=,8@UnQ4su/QRqm.VI?\"uI_\nr,=mFJi7v/?c|/$i,xZZm\0/q/MOCD</o/u/jO0\']7^\"^ai\'lOxkIV*zkA=kgp_Km0}?ggOh>&Huwb\'9cMSP}]F$-@?g?;eW4k. ^<[@,BVIl-Y|jg\'TaA5h;JroTk[JTZ.u\\WM*1(\'Zmqi]{<gua?k>UHC}29lc<-dN HSw>ZiMZ:hjY_xb.W\\AG7RGlc}*TUlVVGogm/v( !\Z@n,aJ+1\0\\uoHej>w-i6mA mHy1\rK@8bj()Fjs\rcy>Us%m4ce408EyqMZKk)6~?wn$gm>I.rk~pq!XX\"VL!__to	3x/a>4PdRS%C4\"DkP#	\\qfQ&)PSctouuk^5|3]{&kIO+|mmxgeX\'e{Tai)J&kOZp*r9y*Tp+.I?/KwxSOxJE4cGchWV\'6V\Z}5)xoNra\0We~\ZtK!n,i=M\'}%I[$Eh1%\':3cW!>d8-7%FQ[xC63v\0d>5%N	`I e]{Fi4{IV<kMR',3,NULL,34,NULL),(21,379,1,1,'2019-11-29 16:18:37','2019-11-29 15:29:52','2019-11-29 16:09:56',75.6591,'\0JFIF\0\0\0\0\0\0\0C\0\0C\0\0\0Z\"\0\0\0\0\0\0\0\0\0\0\0\0	\n\0\0\0\0}\0!1AQa\"q2#BR$3br	\n\Z%&\'()*456789:CDEFGHIJSTUVWXYZcdefghijstuvwxyz\0\0\0\0\0\0\0\0	\n\0\0\0w\0!1AQaq\"2B	#3Rbr\n$4%\Z&\'()*56789:CDEFGHIJSTUVWXYZcdefghijstuvwxyz\0\0\0?\0[-Ne\07V\"y\"Rd_6IdokugKub$6{;)m*\\2)KK\"akS|uoVI%ci#J)\'_In\\?kMk5f\\\Z3Geh+KL7\'hmfgHQdv{m%weV+\ZCnpkK|\"8yd08hiH:6R\"\\-\ZKx)o4L\"G[>F	V]M)rh.\\]YK#p\0cpF G8w:.U[\r2!}T-$+[Y|k;/Wrj)>qzY+J/J.OeRIY7 J>G?]M,GsA3\0/ld96G2<jn$\\q&H$!Fd=Q~xZN6aWTFX)w=gau*-a1\\n[eUEn-e@\'WmVvkMzf:s5Mj^[zm;&Od87m\"Lsk+yyx(HnnP]w-]H$kcu5+H$Mo7yw,T6%uF7HgIWk[:6eI[5&u{-_Et\0Aygq-Y\\h)^V=R2:X/m2#-<u(j\"N_5ISre\'\'uBMF;yum[y+?W<\n}Iv<J	vc\"R[a+CoIJ\"F~Soq%T64+(/&pBqD:Zc$^_y6NT\r7p8U;E~+NhIJWiY6[;]SRWoKG&nviKO	J\\q Q\'J\'bFDXfQ1xxVP0mOFH/g;p:?~/Syzfut=g\rJ277Z!r^hN%K\0$m?@dSsy#=UydV6JWi7NSSWgdi~I\"S5\ZS[];-ZMJ*NO\";/=11<sOJhD[\0w2F\nn[dQCvEqi%YiI1+Yeg6rsV):K2HC8VIq_!<%8 p[&\'FSvH$M2q55Y<V&G1tU%\'{DmfyW*~NYJOgUM6+kXk\r#wF&Ym1xw	YE\'~	\"+/(QmD)16v,<%EA\Z0pK4z6x\'X\ZTY$h.R92#3h<i_z|+sIk;woW&vVtp~1ys0d<hnCYLd\\J,W+l4E2\rR.&(Rg6J\"\nv% ywE	[C0KW7kgG2e.-`EO-Ao\"FLq9vot}g12Yi]l{^WtR1JwMEKwi(a\Z[] 	<H;dHXJ$,.KI,SE\r>Kw-:8K}IkuqX\ZEn%XGVTA)p)&p.f\'a$i\\$N\"wRCs5u&OmhY\r5~B-k:V6\\m?\\2:KntMNb.+gEtN\0|a6@|Tn^z3fk	b$h\'t/I8{Mh;\n\0f	\"mJo.Y^~L.C6P)b7*+Bsm?u\0-Vw_e0A*#e+s9Ju]2\\%4u-u!ty]W5\\OaX@ip(c\0@\'\0N,;+`v\Zpk1+	\0cw .rO$y\'^\"L>PVl889*yz*I:pv4KahSJu&MgSJTjI\'GyopGsi\"y(M;#56x`Ich\\D;M,(Z_$/$_ E1OVm (Cy7r&MAwrWTp&\0H+=9GQV;4@?wijyZ|`,mpkq+\\Oxer9kreoXK{WIIIIE&jF)$vzYovo	VYJ^;T2,Qy!\"#Kw\rj4UDw[\"esdC	0zNI\\a4?jGkhLs%]#>ZC-.Gy;mS\n3}@\rF7r[MF[]YZiEJ;n -2Cw0L0nbuWG$qC|.FY-!29Q$$j\\\\Ij.`U)&DEB3D\\)0yiM)%QXQ%YkdkgxYu[,wjR[k]zLk%fm+;+k9E(E #%e$-mx_F.i^?I-I4O*4G%{o\Z3sx]C*k4&H6E$v8.R8L\"NbC?H/.\'[>MZm/76f5sF=\0Z,WV\\yrse[+p5pJ*rJQR_iKog9%{8</|M:n*\\EO$w^{Z=:9\rV[c\\a[:-iH1mi\0$$ynmt\ngn<G+1qvsx08].W4Ic3yLpNOGAF.Jy\'8%	kq~:ZTBIwm-T~mm~W%Z]dtgoFRo/<SFQ}&u*63x%I9l|qzdS]=\Z5e{9n??xrP\0/o#5ztZ^+Z~}vqwlO]A+jJ&aiuf|5]bUEH$rX3^^\"Znf@[jK\ZK+O2#J_=Eqvr2\r-%vLL9dCto8go-}Xb[/saxfeXCyS=NB22Fq\0y_Gij+]$-i7wNRq|I57[-Ey%HZc$X$%^Zpq*IpSKqq{.{1[{69ARAg[W8c\r;1GXVLK+:Je\":I$2<\re]2ZBE*\'hanH!k)v=RV^^IUmZ_uRlReXr2!$on.^GA3[[[r$2H&B) [yA\n]&8T?mxd[ugrx6B%5Am,\\fK,V6$hIO:##Bv	\rK;[[jltrQM{/W-\'$wr-;O-G`lD3E$1@&0P|6Z$~\0[ovWP#,1A0,RcEHR@uyt]BK}p#YisE5vJYFqz\"i.eWSK+\\|Uqw*ib	xJ@O$xhA1T8[bjJU\'NJvRm$tp3Z:0tiVJUniE]^M\'V_zE7\0\0262+<Wf(-VvdehHPI$O	kSh7kW\\[M7A?0~ O]VrM-k=>U{m3ZF|C>!_jwh\ZWI}\0xAF=o%I-VxjkF[irLl.p**6\Z\'RMINXsPy{E(=8N<iC_cR\"(J,{r<OHTT! \0-O=,2ce\0$2Obo*eA7S[\Zj	idz%70&66gii52B\0J!46\n@k 0WDX%CU.^INqwiE+Z5GokJFuFJM45tg]wD4Xf--?qD\\&X,-{`UyVIG\"H=~S\nk\"-d0..U16+]5h,r(l_fm.T	UU0I#1`J[]n>T{Y6\0UNr{|M;1h\\\n\\FE,2a*0\\D\";uDv`e(-lxC0MR4)2mo+xIM$qbC\',VDi\"(vp+.%x4X3TEt`yn\"7g3q5Q4IN7	;n}9UziMekkD}tIniv1N\"[3{;<mV&		$v7~|vT=zeKq!;>2\0-oy~	$6#+?\0Y}oQ@Jo\rgid\0	Om~aCWYu N$QkI*9|=Zfe.nyWIxL^*j$M.i\'vZ&;IoZ!eE{K&YaMl6os*4	\rE|d{>nn@Fx4_IKoj\Z]Qo~$?4am)Dkur4hU5m+1Dt%\n?T~t<];OiZ]^p2}?S5hd	&s3~?c0,U*R?z_3kK[\rRrqiGk6)Ij_\n\0\0r;v	~	zc\Z&U3j6&$V3\\Ywz>~:YWNb};KY~u_J<xQ!jWu[\rFy~W\0~^\rX\0|Ddfd|+ia\'R4vd9@d\rP&2X3;5ZGhu;-~%{.$F7~,z\r#R-\n7Erm[>RP`:p.t*RxQk7wNm__u\0|#6..5]kO-HZ~[kk4OZ{Uu?i$\0hEk\rc)\0?\05kuqln,\'%	=L,F1_|oW\"SOe>-d+KMWE\\ZeZu;Fyv?,iF!s)!EAX|2QiRrRZn)9Is18iWZ7In$ccmg&}\\\\\\GNMA<r,[Eq4C$N<n\"2#GEkxg\"^	8[i\n)Okq5VH`bp,qDEO$).I%{%+Fu$R]Hhm&e<B,d##.W+u}^wm5O{\'{6W|A%Y!^IYV$I\"+Y H462Dte8n(+ePefVK?F9Zna\ZqtfcV%o70:yV8#IaXd+;XR7hi-R+Z6uazNM%}}R?\0\Z|	aoF0?<c{AR-bo?yHk68sy|>N@\0z#S(ox_W\Z_iiYk&J_MkmBa4sW\"\rs9I,]VxeM8IN2\\FPkF3J_e4STqpjZ5+5oy|kAzc$\rW;	#F[htll1YB+9w`_i($(8)f(Mq1exy00Gto2(gYrcFsZ#<.ac$njn$+#{Y\r)%n\'mQiV[kuOo*}J9\\6,X$>bdDdubgcRu4L\n\0@|ED]pBP\nWD-<rFybpE<FveRd.Yt!Ifr(\'nWC3X;N.\'\'	I+ZimmUvkJ]{kk;k{$g\rB\rg#/%Yl./ND&Ym% A\0thYIj\'\Z<IUP\0tnk\r\n]IU&	f8e*.22Vl[:sFkiwJnVI$m]].\'O}Kv}-tVhLa +bIeu;X\'EdX\\J#{[mi\'8Yc(ev	3[4R-&Iy.\r{%Y\Z54/2_*&D\\L.b,g|AsO\0M\Z\Z6[x7jq]C%5\0xzO(N}{]\0Pb1|>zy#xJrRo(SNZVPN.ODjgiRRi*src]_x`>\numZ;&n\"G/<G\rz[mB%Gh~mn/-G^KQ+RCkIFA6j?P\nk\ZCxTgs\r\'-5-~JT~#xY]x]sohxsW:>5+Y~:aK	@P>mnKhcbM,NfXlJ.uy4\n(o\'\'VB>	SE^ki|COW[{ikiGt_j/.\'5_SLYYM!go&V\r$7%yH$dme_$W~I_:	od2++	Q)gG\'Y,FPI~LaoHc\"iEF*8/,vWOYuF<+7B=)Knk45k;E}~N@\0=!tM!/PVItu&qmwkk=VRKi4VU|\ncqYA%T(-e	*f0+!qG ]gy14vigq5SZ[mRi6/Y]5w=lt6.7\'twIMG=:=7Q/m.\r2\rCSN;i1Z=7HQIGHtIVfBj26st-m&O[H;Xb[]<tS+#hYNV`\';\0] $-|9|_gZ>[y&hn)%gZ-i({>mcE}@FJ1uF/#\0`sQOVc	$ \0NH\0+KguRzvcN$(@uq{2;wI/IYu=#-dUkiE\\bsqO[5gig~\\$Fwq4b(SV3Z1-v2\0U}G`:Koz.JH.\Zxc+D1FR6M(-kH8 &`3yFK:HvEh$n@b@ePIb9DS,gBM#$d/0*a9}kU1rT)Qrr\nM8TV~799}\\*SVQN)1<o{emVwxQUKAO vc;O:m\0%a/bw#\'m$t=TtnmVn%r>L%tV]B80\0^HDufg#Mi_MHumg7;5>$@-uA\'u`{(V7N(Qb+F:>hZmZ\\`iAv8Ri+JQrW|[w\'sAxhz\Zh\ZE.`euYiMjz]Goe0qt=ehiq|v\ny<DX\n@Re*}a9ex#.v08?y1mh\\!Fl{F`2C4;rW7X\0?+WQT(J39NwRmN\\S\\poMNaYil&P;aj!B)QUa*27;zSr+*Ue@1`ttkskqu\ra-]QI\"GRmpfm2@>R~`4wbbU,[k(+>IIEZ--~HztkrwwI]mk#\r%4{^XG\r{\0Ei,3d[w;`LLl^\"*rW(w dxePs\n(OR|nwI]IivM%k]hnfY=TwWi.3/\0m@f0n>::!\n,Xw,w+$aKbzuy\\k79FZqk%wwhnI]iF]N\0gFXI&Dk,d17A!i\"USY (tx,G\n\\94c3XGMs=ryC[mc+\"#A&Vt*9y!ZBXu/HS5g.S:8uxF[E=5mY%,;JJ_V6oWtwwx>6+Y&T;yK$\\?iO1;n.Wg\0^Nh\0n_5Aj{\'!xMhmcJ1mVCaf>FHP6j	Ci$5Z=sKDI&KBN_LC\'j:k|]x}WLQX:SK\Z|-J?hx|N;	Fs:qWMb%)BJ>g*sq\\5vrgJ\"$78QS_H#8Mh\'\r\0?\ZI4$$dd\"MKSwU\\&I VQThhz7&M\ZJ9ruPW\0+/5wo\\h\nB@ *S\'!DkGEo1%lED~b%rrijj6j[SWN-)J\0:p-^+u{?v>:~%{?9eue]>jLS)eQ\\|~R\"Hwz#gd9Ys!R_G*H$\0GSn%G#2Ta4)7\\_#YVMX?_nZ>^{66}[++}-ri\'62U@,vLn,I.l+X+bKNAaFPI\'\"AUf|71KQup[*r*pIm<b+12?|vU$p)GC=4msn4xWI5kmSiF*-J{JNK<r{cIT!vmRW0 `!Z\r*Svdf]1\0ndO?\0o@~8SM-}Smm5f8B\nwX$m{mG3^ZCqiWt	ZnR2!6\0d?rY?~\rB=u}WL^\r+I(?>63Aj\r\'$7,dgv0=I<:$oo\"DgnD*GG=|~\'88Ul4*K*Qn\n~	SRNEs[pXU#\nA8I?+|zSFz(BH4{{wf[-Vxs7u6Opm$HFCq6yz,|WxW660Y_sG_mFF.<+?0sY.qivQ#thMq1qRs)yoAxS.Iu<\'HH`sPyBsc$VW\0!	8WCN|c7~jWSxW[fq)M:w+hULc$\"/dTC-$Fp\\1Hs\Z7Wd/y&k7T^Q\nQp^Vk56.6f\n;1]!Df],\'ng\"BG+yE&^-\\|)$>p||\Z	~$+\"4lly)\rY|G\'m*\n\r&I9!\0[T5Zs=fj#EE4kMVI~z~\\fM|g9+r	u\"^Ox*K?BA r		q^rQ];YUlBw21(y-QI*1|ScQPmzVj\\3\rr4o.h:5d{]Yq  t.cKZ@K\0\0;36\'K(	 \0nrN}B>aCFuUUP$bPFVp6(qd]{)\rvhtow{FTG{;)\'&\\&o','\0JFIF\0\0\0\0\0\0\0C\0\0C\0\0\0Z\"\0\0\0\0\0\0\0\0\0\0\0\0	\n\0\0\0\0}\0!1AQa\"q2#BR$3br	\n\Z%&\'()*456789:CDEFGHIJSTUVWXYZcdefghijstuvwxyz\0\0\0\0\0\0\0\0	\n\0\0\0w\0!1AQaq\"2B	#3Rbr\n$4%\Z&\'()*56789:CDEFGHIJSTUVWXYZcdefghijstuvwxyz\0\0\0?\0K2\0FPT%|p(, K8?xUA`\ncnnpJ%$*X\\H5	3>cF_q\\z5i}UBV)~mZg\'kd;!w.[*C+(*X+16}W|\\+zdnS@\\p37A\0l(j0e\\$9\'\'rMJONKZmkx	[K=vz5OGXTp\'.;p2\Z\0%\',\02mq~o}mu16Np>8cQ:]rpYjMS\ZnUST+dF+`.A g0XHJmc\ndJCtx@#pX	rNx\'1N8\"i ZqprA	3|\nX>Qmv}oDG47+E9OwQnsB+D31$\\2I\\6)\':?_ci>,	>6|o[V[_]Z,|5xyu|Gj~.W5kx<y Fr;zuIKOwUz$Pn\')EvZ+gNM\nvipaf\0%EeDs	dy#O{opD\'$dr\0cS1\0.7__b~R;nUgnf3Zzi9WxSRZYjwV(RQyqq\"Kc\rARyCJ/w$xvKi3<!f1}GWcwO[\\[j$g\0	^q\Z\rTgWDX{o5i-n_\rMR:v\"c\0a_$wZo[	HO\"ru&.feM^T%O-9ki9I\'_<)t}?<v^ww{L6FC7^Laa*|#Mx4|*EiX^G9DVjY5x<LZ,\Z5P\\2,SDQ4m\"Kue$Vj*d	ik-=G]KnGUu{>F.!yn?\nu{^..dsoJ:5dzYY=-8Yy>@u!W<Al%V>\riiq$o:+dyb&\'+n\0C\0\r|ms^xxkNPtkB;)<C0BlMcOox9;TO>::ne}\\K=RPu %::W}SjM~kU}s\rCV@mGhUMg=fr4Vu,W7iZYZ(moWRI\Ze^kdX\\_[#/|)pZ2bYWU6[+Om\"MY-n%[hco.j\Z}gZ5[5>|d/|k>UN#Ju]KVs%>W&hSrmF.|MGiIA(+,D5H95eMF)t8F%?fQ[\\58(Kh|akL$x[y>qaIgic-|Hw$g=>Qb/,$VZZVRe7vIs/Y7~%Zt;S_CMY#}I$-kdnnf0#{wmqp%vi	SQ\'Sn- H2}-ly%Y]wnsT(h6TG&yx+Stbow\\xGRvbyra##?-Fm!;#x\0aDU_l~\r2ssi\0zdkxY,RuOyb_\"Kh.n5l>|imc>=.J\02lAA1r%j<r>jfZI9;8[\r4sGuoWM4ReaA{sJ;`cwVZ~<i;h>MKk\Z_|gVBL:c8MQ,%(I<(Iwx&-}N	slRi.h_?_~K=K~oe=GXt}Wq=Lola_jjPQq|&fU5(JRnkTwiB?g\"rs3JRPjo#Zf,Y]& \0R}3X1_.&{$Eh}UxZi\Zgz}4O\r?<Ml\'2Ai^E6Yd{/OZjEHCZx\r=\"&	rJlSKFT\0FL\nvJ$8t=qHWu$}&(k+6	Pa8ZQT%J-49m;0v$f\nh}5I&[2fYR,X!q|OixNC|%SH(]_\rK_Ig},~1CjmZly{+Oln6I@xyM!k{\0*[DVtmqn-R[.\"V$N2?+|V[=9?u9me)kM[Wo\Z/4[x7RmVOwqo$4oWy5A	\0hiXxCVMe#uwiv/\\&:L4jzncO\Z_>>=yLqZNuG/Imt},jltk\r?pkZ^@KK{Q4ZktdO\r\0V6ZwS=fl,&4sRoM]9)F;$|iM*tAZ\ZpThB1I+kedqg?.sO|,y#Jw{uD\"6gjm&{qk0MGQ\"v_Tk`3xJp4h46]+2b>F]rwA|2iwq]A4uoVDu}\05em{[mCXI\Z	[\"+9FjK{SQY}UB7.u/g&[s]RJQG*yct7yIn,|+9Q8y$%_2haEm1YdP7>8>\r)<\rD\"Ld	/8WOxoir\'o5bAq/Ze6rl#_-gs,>3-fH /O${[xcF4TL:dN)ys[ti4rNwIY(kGki.|[?e[DEbo.$7hai7j,?t>=J??J]Wnn.$\ruQmu\"Y`x\'s	\"KG4WY<w+uywixAo-n#In\'<{kTOZ]_g4O7/z6owg9t[kiG\reu5.Vn-){}uINeo\'NRH\ZU{gw$PI6\r,u)$I)ST53yk,!\r!{wH}ibd-q4VZ=Xx^;=o^K)VWk]Ykj\'	aK9#EZ\ZCVFTK<w1XDs\0:}#>{bNJ<]6?^m+[J\0z{0jW0Owq<Kcm=sCq2YoAc}0[iuigRvU-[Y~lu+oYn<.-^6i[h-fW,1+iX\"TdR*D$rdS}0qaR)5%\ZY9]Wn2Sgyrrs97xB0TmRI|&K\r^&:^c&u[|R+Y_xU G4l_OIaq@NfGi2[5y4OGO-ae%N]wxVk]=\"]N5\0nnQo5vw^p6Kmc[M)6Hubv9m;M^^sIoCMu%+X*Qz)5b[Fkg{gjZ5m+u2ZMMgtZwthZ\'!mSNny1HuAs]%}gMgfhRIh^KPIh%xF,}R\'N/KD\'E~!Kh_K	x\'Hb%}G3kGf_|O4Y#9&-&YZJ\ZY[r%I9)5vIk_]6vfiurHu;Ym$1\nr\"6\\0Ue*YvO\056<3,$)bD9b{xGVWtl\rk\ZMUKmr%1Q(yCCGwM<>a`y;2|F|HqLe[{,2`XO*[i_Y=W,w~VM:wb\'uEnV78-q}bQ-bDQ\ZIh	Y%9 71f&Cd.4%MsB\\Kols8{;>9,1Sk-Qlo,B{=-io0%3IAw|=u;_#_t~5t\Z%HZQjd$$]_o+;d)m.][z5\'n4X\"Uc^*;[HM-<r}/mZDY\"-Js#A:1_,.w^x-tr7b\rp$7Ni?<NfCU)`&moc~Ig\\f90d$MW{}W	]*b%F0{t{\'g\'8 z+z\0AZiL1z$aOOQA~!}`5	R,o+t\rwBK#5(-e4MAYK5Zuj{|E=oQ8bo	Z|Tj6{Q5(.mF4NN)!v?+\r\\$dPC,<(T	[pI#?5;TaXJ;*[-DkRCX,,mm<{HpN|O+IA\\RqufCmR\"PO^_EGN65IE;KNTN)(9cnIu&n/v{ti7e{mc;)\rzU0\rKInbhER0a[i-|C\\D9ZJ<0\\xn9V5fVPG+e+KD[:/\Z	\\xi/K/|(.>mgi|8$\Z<]7f.SXY|q4RH<LXK{+RIw%o#X5YEnl\\ZkQVf	]4KTT&v\Z%\0	k}%.I>hEF\'\'J}ANK:\rOkT9?kKi0YrdI_0$aA %ojemx]I!!YR)xlI*O&diIeCkm:(lxP;G\0gptxiI7i&e8mn[}oz^lx{G[c_-L\'NvBeG\Z;z-_i{$W,V%)ql]C56c	^Z\\m\\]iinrQ!7!9\"`?n #wB[\ZvR9L-q&xH<BJEiku]om^z+sm]ic+ c#x #HNG|7(Fv\nVGY;-J_j:w7-wiEom40i:VI-}\\(diifuqIa}oZNQU-M\\RiiN{M\'2KFmm{;6}+Z:4K$Q<pd/]H;q\r-.X;%M2G\\SEi,iu\nI$LOq\0k-h5[+wB$%,-j~/5+ B.\0GZlO#8\0m:\rJ:]lk>dC\0zZN}.0t/m4Y KpV8R&Qi5uBMUvZGt%\ZkRVv7[E2[b;,iPP\ZNTp7ou_\\\Z\ZhI\rB>Af>\Z9Ug#;qgEJwUotVo[X6|_\nk*n[k^E0:ohioZnus3-)~5;;A=z\0z	eFgTU:n[%R	_MP<HbBFpO$\\Vgn>ztfV\0fJtkkg3g{Ut%~\"=VZ97t1^$wrk]hlCe_I+se3n!,6z+{\'H\0bu4i &#<6\\;\"|4\r#vT[A$@P\Zv9?Rs=z8J]mNKw#_+w?loM[{$G/$ol?o?\nfsI$.~%=JcqZKqG1\0d\0\\[\\\0s>CuOQ^\"SXXQIx4`7O;eo]uV]s&]>1%{M>t[\\r!/}kniVniozk3Midu[c_uMJhv.ghke\0fLD_;v\Z\rB7v	pBV=X($@\r/SHVqS*}sFoG\0.D86~Q\nU&\0vgwmwWz# e]xVR9H!Kkh,eO#w8L2=Zw;#=KB~<Q6jaRT\\AIbrK^6ig(#]mCbMmT@dz!Z6Wz4\ZMot&[|^ycH<)K,M,D\r\rvc0Y[Gs{\'kY><\"-/$=unAp:tV?yc:O3`lY(\0u-)29O\0Tn\r`] \004N?m>m+}=.Gqg1GjmK-^V8VI|{\\r<{kF;_\\Q07\'\nz:#1/Arw#pG$V]#+?*n\\x$\'yJA[.ji7S{+vZ//=][\0o6CJPpbpFxb8pHBA$+\0e~|PK\01ITb9N{8\04VwrN\0Q2.Af O:o~[|[)-dtPbM@8\"\'$\0@pc|.0O[0Kgl^c\n8E8x\"3ld(\\dyT( g\n6!P@#\0\0{)\Z&\\un[[Y^NkMwoY\'%b;x\Z`8d|\'y)	tmIi2f|&Ydb\"#;$iGq`\r$2mbUi#PrqS~bC)\n;s-$IOU-UKKJ]-lU5kB2\"d)pd*|ea cLzs7OSy<I$*T#Imw_]NfonAd<?ZQ#\0xSeB&Y^7pM<\\O\n;@1FkQ@Ha\'?\0F{$Ocn^\0ry~-\'r.uo3mnEP!@;bDUwfBfO,&\0qA!K-E,bwE^xWK#Qp:tj. /ca-wfx;G5$&DDqLe-@ ,&\ZU)\0FO$*69%c\'{xsW\\I\"9h8@\\&`4:?,AcmQKH]`SQmE`0?Oq,I_#m[G[9mm:5X4\0DMg_^N.qQQj*1uF{-]\'isGVo(\0?Y$	<\'!\0}=I<5AEL cwG_\n-vFG$upM\0AEN-=8N^vHdzs\nUo\'?~69dO_94I~M=}9|36Ko6+r]JdDA2]+MIh~DK	rcv>BpFId`xd{)\"U&`m!eSGuiE`xuEIAx$E	bZMykdrTWukrIc*fNtVTj9Sdh]b(QV*M	IVs&\'(<sGk\Z-kI#jK(;y7L}?~)>&>!O4Y-Zi[Q\ZrH.B(Vm+.IJ2He]Z0Y7 4c\"K-z9ujo-w42]3YU}i9tF7i5Zt%{Isjo)%*z+5[9Um\n7*VjGIYYJGX|U_wFx}uP-\0q,B\r*+\\\Ze0\\U{{?[\\x6 UwfL	}lUh*0B(0#?yY\nX~Fi`\0RR9g,UZ04\r7FfZaQTjETcT_n\\Y&&hUY2loFI |\0$)e)O{hNAV\r{0f\0`\02		`N@\0_\r@F\0\rdFJ#t9WFMI[JjW^fMX#;5wwnwx+;u,G8xCi>v`(*C\r?gD3jk,5Xr0Gpv~&f%@\\ r2\'n	1V5b4T\0fWn8-1]1RIjV+GE{N$[;m(i8VMh??TK]\\Io-`w\0 W~=Hjd;x s\r\n.PdbVrx?9X/=~PbeVMO,j5LjOE$}v',4,NULL,35,NULL),(22,379,1,1,'2020-01-15 15:01:12',NULL,'2020-01-15 15:01:12',75.6591,'\0JFIF\0\0\0\0\0\0\0C\0\0C\0\0x\0x\"\0\0\0\0\0\0\0\0\0\0\0\0\0\0	\n\0=\0\0\0\0!\01\"AQ2aq	#BR$%3bc\0\0\0\0\0\0\0\0\0\0\0\0\0\0\07\0\0\0\0\0!\01AQaq\"2BR#3\0\0\0?\0Zr?xVH$F39c\'a:HZ #F9:qH8rp9Sh:\0	Nx@lD[\'9v<\0GaJNHN{0\\QtEQ+]Y\0rIr{$d>5\nQ,r;v<qv]Rdm#>=\' dW)8>O#:P@.Z3-M-[nB)c\"Lf`22QpiAN[!KRJJ&\'-$<\'kj\Zh)@PJAUL^	\0V\nA 3F;Gr<0.R[ZGfkXuE-.ou:\"]QM>% T3YKYh\Z-InYfPIVzt]P\nQl[j$,0[S.5	NY#O-|fD\'tnz<W1@1I[\"R1~xzYQzIjij[OWV-.1b	*|\ZCE<\0c.^S5Ki.<Z1s2J]%4?qoR10(Cn))M+\"E7g+DMLZ.Ov)+9#N3M\\S(zpc|y=	]K%V5R&V>&\ZFTWgD~2J	sm@x1\rlc?rCZGV\nJlb`Lh#\r)Q`\\\rA8 \0>~NA! dv?G6,Q\nB\r1qDv<<v?e?J^\r%yq\'%>ZR(2r	\0*o03\r\'_K`~<w]RO\ryo=KFTf9|\ZaGHQ}Kpp|\Z#@{V2>sNy=yn-ZF17($ ~]o$`A\0`aIc#\'{zL~:H	[#	A|$0O\'I<YrJV=/:GpN{r\Z6pg/<l<{\0A\nZWjrs@}5bnR4V#$&)vUs*a}LZmJqCVj3m6llRJ	u}r~2>+vR=^6U%Tjq^M.39	1Ev5*$7N85Png\",taG %c$_<fLxI]QN*WL\"od}4\nQgR_>UR+>XkY\048~urj\\bZzP1:Z91ZZ2<R\Zb$\'Tf*l;9&Bnno/OW,H3Pd\0Ir/KmcX_ngxJ!TT:YL/iTSeIM&#;&9V0.~!\ZszD~kM-kM%\\Wk1\\Y]].-Z#Ri2\0^W)YQMBD2q:_Y\0vMY9R^b_Es\\QwRrUj2Ot:~\r\ZPZ\0\'8iFvU^mrR|l%&M:1k{/\\E{5.)@EJ%V\\ZM*eT\\Ldunim1-EEE]IWQb@Z6nT^JWYeA+\\2aQQ)9)\'OTd8m\0siNO?yG@Gequ6Pd	)1X/d(pKhnNO)p#9!%Y;c#0\nV?)98l*qo*9\03Ga -C*9I**~CNA*o*u4Jl\'CH$  \n!\0Zr:]<K(9DUu@r<`1.%RQ9@\\{Al,xl\0J0<vRB+\'9)\0z\0g~x?KcoPc\0+A=r1x[JC)6\' 	\' zHv\Z>*#iH\0#$s<pmaJT\0w=gW$ \08$n#\\*Am=&<G/5-}~F|rIgj5Z)GW:n[*/#{nKL,`:O <{PTpA9Rd`rF{OUdj4%`	znZCZo57I\n45C6=Jp\"]Z6\rKCR>]\"/pGbE/=D=IRWIV/$\"Mm5(wrZmXz}\ZhyY^jEJUfjj3Qh45&}qBL5ZSQU\00Sce7Et&3WH\Z)ll-DmooZefL#<#)*=\n\ZJgidP3lqM5UCGJcOvm|a\".v:<YcuneU~\rE**[05HB56q\0w!rbjkCT9fi=j3-\rvq)u{/]T@pd)|(S$4WqK#Ms6\n\"\n	OChU5\ZDh4=m@EM]Eqa=1u\nRf]MVhW}}jV|v\"csi[Z~l\r\n<6cS*rn*Mk]T6v\\d*MMZ	R\0V\0po\ZZP7%X*TrhKNX,BWR!h*SB#Qn;AT@l~<[YVjs|#*ns\0f\"M13l#-+yHVbC:JdvnCM ,\rWnNc-W*cbRXoy*QHJxVsu5jH=Ip%Yv;j\0Ppw5NiAN#dJQ4iHe\0~\0L<Rw8njeT%`\"*T\Z9		\\OjGNxTT@P\06	#8KCd%)\0D-\ZX\ZkJ DH2y?G%KpRpD?x=bCP>~~\01.\\$#)dp;c(h+<chpp9J@8\'fO3s~zSjPT)	##l<@ARxO<e=.!mI(Bym\0\nT=8QJmc;{d	\'=F{}wzb)	ddy=jF	A$cG_]KRq	RF}D?FCp[nqLqXV}S6f1SmKS:s\Z*kt*PUq\"cm\n:Rp\'(FS,.9r\Z,mCo^HLZVK.]Uu	rm:~mjk<pBs?S	<s0=}Q+0P\\)eyIKI1 D]jmn%D)L	$Xule_QZ5M\\)]|)W^+Y!0/ibAiT}Z/{S$ *[ucPhnDE2Y:2:MBRtm$7\\dgMIs$\rN(F1$N{Xjf!(qPJKh)WFL&(s_n\0N>mxkqx3%6&AP_mfQ	R6aIYZONLU:re8EUylf2LY3Qy)	!==A ``$suUU5uTO;@9RBO\0 Q]~\"22*~\0^SJQ2I$$I$|v*FMN:\niV(i6J@Ld6jZP.-j6	Zq\0tj%93k3SHmb `db3ee9KbV}sGy$;.#HeN6pK~	yJZb+fm\"ILAqzlDiqnT=:TT, $$	u\\i2u(dCmZ-+y-lC^KYuk)@a@%\rEk>S7Q\\Qf_UQBjC+!Pio\0IGE\\r7RiI]8/7)e!J9l	)~bnu\nVXDM:i8y<8$\r	ORp}x{9Jq)R9*)8g$Pg\'R8\';\0t${CP	Q ?q<)\'\0fdg{R9;Sv#{JCkRV\0iQdz-,8	Rvvg\0J998	~1Ec+\rbO\Z@Ta	\0k6r[hO9skAe)d~c(=cV~6IuT[YZ	s1St34jz&7@N6/r\'%Gi160\n	0,\02&\0FLyq$$heDh_[N/[ 4HtljcN$edd@|J\";W)d%?R*Q\\X$HPyR\\q5&r]zcZAK,xa	KleH*gT5ZP6d\\RR(BH\0|d&;JBL6ODZG<0|Ed#,d$*FmO	HJL\00FN9:`5BqcWljTJoAZT215A|d)N*KRPCh&	[@	7V(mQNVHj)u+K:\r\'TRHlj|z-q.8CA!A	/6*yt(6FVP)/TzmKI1K\rn	@|,\r{Y\nIFf%~0bmH~e.;|8~(5!HC-RT]=S)ia+{\\)[Ppy $(	\\2I:D I	`c3}G>j2^yI$HrR,kzmCQVjH\' jy\06}kJB-+@tBc)f#i3$dn*`SCQ*\\6[S?CaTKdCU^R*z\Zlz20U!WYQ1td\'I{ntl$i0	b3yP}[)MItF!s[)$6!#bv!uq|EqS\ZIzdT\\Cr1Qjp8VGt29v<6Q%0PH2|AA_n[am40@#6 Y qziHOG!Y9Ri\0KwH$( >\n>p;:)	\01c8%k\0G`=y{<;\\J[Rve!I\0NcN&H@\0=3Tx@Z@O-$oQ8qS5k*Y1/<G1,7!/i-a(\\Y\0I-*$DiLx\n\0$;NO\'$\09<Ep7LtYDAS-T[o\0H.\rXH[!j`U.\r%!*Rai[kNa6n?RjR\"He5-\r\"i!x,YHkM*9rd(:O0*>)Ux1\"$75+_Z*bd?\0j<FK]%V@ae}K2qC|$BPlHb/{v:P\"J\r)OA\n\0e;J3G\rRT)RjnM\\MOiKi:u(~AO|VZk%e45WBHzwWJH5Yye#;6c0=@O;{PxkHmg7oLGnf\0aWQQJRnP#rvo--T\\}:A+rPR\nIJW_O?fmr$ivqiT.%v\"\\2%<H<\n\'>_;zxR\Z)(eM$qqvq:SJA!l3&c;=T9)\n##\')QH\0noal|\\MuThK#TU\r)_2U>\ZgZW98\nkWJ-O	RiJP\\NDfa.+3Q\0IR.K\0Kvxbb:?5\nD!J; 5*(NU}d2HYLs@	4\\U\"BjuXs ha@U7SL@meJRnIRF$15{ms\"l86EAU& T:*U[rl\Z2AtKD8-*]&.SHn\\RdPP Ch8*>bW@u<\0w\"5iukQqvjTL|&rDMJQ.\"SoOyO2QJxG4o _l!PTe;7*RHLebj`\Zq)RSHY)#0	>c$KqDbHMVo]\Z1KHL~)A<NH{*4j=QK?PK&JbIV=(gmfQ\0D$(n6\"$+Bm^&w\0I@#Y	B=]Ry<9 I-a.+ zg.sG9+X*lhVr9A99PKRk88$Cp|\0A5T	3}_eg1KJT\nHR\\B\n?(Q$w\'K>n2\nH$QR;7c)S	Jd	Oq@\nq}Qu)KvdpWUPMBO@B4ki\rLz{U9ST.nsr\Zpbcic?\0-?$?>c?xGH.[ENDQ?)0`i9\0#X!A\r)$ODR\nF23\0r]Iz-\'nPp;|R\0[Tdfp7%jL:}2mU6b\n\n\nINpO#UCC0*RHVl\\lIaUZQNTqin\'xd|4aud{&s|:bD7^7ff`lFPrpx#\0>y:IL8J?vHlbu}}?_/O\Z^\"lZ B\0AD-p\0+3y	H#Alwo~d^SV-baJl-r/Q!+P\"nl=&8]VE\n1OS@It?RJ<\np-	i>TehFnGu/\nr\"9)K\ru; [(m=]}OH&2.]qJLta)e*KKH r D_C);me$AT\'d7\0I:}F\nma.46J\ZmWd!/@N)F9i tA:)tVSgRPD86H=.H&lL`XD0mPH6#P#r9	na);rN=jc1	\0(zI+ZS#T<.UD~x=DPBCv|@!DJHK]<+*Oz\r8F7C)TD{n :].d%\\E$G	L-\"?!&\nFOR\0nW|Uxw=\0im	Tw<H nHQ]y_.?O%M1\rBN0\r(P|wo.	0023K@T(`J\'\0~KRd*DHD8d@\0%\0kmTy\'o?T-;9:\\\Zj+ ZBq\n_>K`Q7@Qc}@{TM6YyZUk$BYmj}f\0_B\n	I: mAG(Q^Qe9y1\"@	WBtC6EdQ%\0qJ\0-m.I8CJ|\"0TNa\n{m*\0.KAs\0iIZAHI','\0JFIF\0\0\0\0\0\0\0C\0\0C\0\0x\0x\"\0\0\0\0\0\0\0\0\0\0\0\0\0\0	\n\0=\0\0\0\0!\01\"AQ2aq	#BR$%3bc\0\0\0\0\0\0\0\0\0\0\0\0\0\0\07\0\0\0\0\0!\01AQaq\"2BR#3\0\0\0?\0Zr?xVH$F39c\'a:HZ #F9:qH8rp9Sh:\0	Nx@lD[\'9v<\0GaJNHN{0\\QtEQ+]Y\0rIr{$d>5\nQ,r;v<qv]Rdm#>=\' dW)8>O#:P@.Z3-M-[nB)c\"Lf`22QpiAN[!KRJJ&\'-$<\'kj\Zh)@PJAUL^	\0V\nA 3F;Gr<0.R[ZGfkXuE-.ou:\"]QM>% T3YKYh\Z-InYfPIVzt]P\nQl[j$,0[S.5	NY#O-|fD\'tnz<W1@1I[\"R1~xzYQzIjij[OWV-.1b	*|\ZCE<\0c.^S5Ki.<Z1s2J]%4?qoR10(Cn))M+\"E7g+DMLZ.Ov)+9#N3M\\S(zpc|y=	]K%V5R&V>&\ZFTWgD~2J	sm@x1\rlc?rCZGV\nJlb`Lh#\r)Q`\\\rA8 \0>~NA! dv?G6,Q\nB\r1qDv<<v?e?J^\r%yq\'%>ZR(2r	\0*o03\r\'_K`~<w]RO\ryo=KFTf9|\ZaGHQ}Kpp|\Z#@{V2>sNy=yn-ZF17($ ~]o$`A\0`aIc#\'{zL~:H	[#	A|$0O\'I<YrJV=/:GpN{r\Z6pg/<l<{\0A\nZWjrs@}5bnR4V#$&)vUs*a}LZmJqCVj3m6llRJ	u}r~2>+vR=^6U%Tjq^M.39	1Ev5*$7N85Png\",taG %c$_<fLxI]QN*WL\"od}4\nQgR_>UR+>XkY\048~urj\\bZzP1:Z91ZZ2<R\Zb$\'Tf*l;9&Bnno/OW,H3Pd\0Ir/KmcX_ngxJ!TT:YL/iTSeIM&#;&9V0.~!\ZszD~kM-kM%\\Wk1\\Y]].-Z#Ri2\0^W)YQMBD2q:_Y\0vMY9R^b_Es\\QwRrUj2Ot:~\r\ZPZ\0\'8iFvU^mrR|l%&M:1k{/\\E{5.)@EJ%V\\ZM*eT\\Ldunim1-EEE]IWQb@Z6nT^JWYeA+\\2aQQ)9)\'OTd8m\0siNO?yG@Gequ6Pd	)1X/d(pKhnNO)p#9!%Y;c#0\nV?)98l*qo*9\03Ga -C*9I**~CNA*o*u4Jl\'CH$  \n!\0Zr:]<K(9DUu@r<`1.%RQ9@\\{Al,xl\0J0<vRB+\'9)\0z\0g~x?KcoPc\0+A=r1x[JC)6\' 	\' zHv\Z>*#iH\0#$s<pmaJT\0w=gW$ \08$n#\\*Am=&<G/5-}~F|rIgj5Z)GW:n[*/#{nKL,`:O <{PTpA9Rd`rF{OUdj4%`	znZCZo57I\n45C6=Jp\"]Z6\rKCR>]\"/pGbE/=D=IRWIV/$\"Mm5(wrZmXz}\ZhyY^jEJUfjj3Qh45&}qBL5ZSQU\00Sce7Et&3WH\Z)ll-DmooZefL#<#)*=\n\ZJgidP3lqM5UCGJcOvm|a\".v:<YcuneU~\rE**[05HB56q\0w!rbjkCT9fi=j3-\rvq)u{/]T@pd)|(S$4WqK#Ms6\n\"\n	OChU5\ZDh4=m@EM]Eqa=1u\nRf]MVhW}}jV|v\"csi[Z~l\r\n<6cS*rn*Mk]T6v\\d*MMZ	R\0V\0po\ZZP7%X*TrhKNX,BWR!h*SB#Qn;AT@l~<[YVjs|#*ns\0f\"M13l#-+yHVbC:JdvnCM ,\rWnNc-W*cbRXoy*QHJxVsu5jH=Ip%Yv;j\0Ppw5NiAN#dJQ4iHe\0~\0L<Rw8njeT%`\"*T\Z9		\\OjGNxTT@P\06	#8KCd%)\0D-\ZX\ZkJ DH2y?G%KpRpD?x=bCP>~~\01.\\$#)dp;c(h+<chpp9J@8\'fO3s~zSjPT)	##l<@ARxO<e=.!mI(Bym\0\nT=8QJmc;{d	\'=F{}wzb)	ddy=jF	A$cG_]KRq	RF}D?FCp[nqLqXV}S6f1SmKS:s\Z*kt*PUq\"cm\n:Rp\'(FS,.9r\Z,mCo^HLZVK.]Uu	rm:~mjk<pBs?S	<s0=}Q+0P\\)eyIKI1 D]jmn%D)L	$Xule_QZ5M\\)]|)W^+Y!0/ibAiT}Z/{S$ *[ucPhnDE2Y:2:MBRtm$7\\dgMIs$\rN(F1$N{Xjf!(qPJKh)WFL&(s_n\0N>mxkqx3%6&AP_mfQ	R6aIYZONLU:re8EUylf2LY3Qy)	!==A ``$suUU5uTO;@9RBO\0 Q]~\"22*~\0^SJQ2I$$I$|v*FMN:\niV(i6J@Ld6jZP.-j6	Zq\0tj%93k3SHmb `db3ee9KbV}sGy$;.#HeN6pK~	yJZb+fm\"ILAqzlDiqnT=:TT, $$	u\\i2u(dCmZ-+y-lC^KYuk)@a@%\rEk>S7Q\\Qf_UQBjC+!Pio\0IGE\\r7RiI]8/7)e!J9l	)~bnu\nVXDM:i8y<8$\r	ORp}x{9Jq)R9*)8g$Pg\'R8\';\0t${CP	Q ?q<)\'\0fdg{R9;Sv#{JCkRV\0iQdz-,8	Rvvg\0J998	~1Ec+\rbO\Z@Ta	\0k6r[hO9skAe)d~c(=cV~6IuT[YZ	s1St34jz&7@N6/r\'%Gi160\n	0,\02&\0FLyq$$heDh_[N/[ 4HtljcN$edd@|J\";W)d%?R*Q\\X$HPyR\\q5&r]zcZAK,xa	KleH*gT5ZP6d\\RR(BH\0|d&;JBL6ODZG<0|Ed#,d$*FmO	HJL\00FN9:`5BqcWljTJoAZT215A|d)N*KRPCh&	[@	7V(mQNVHj)u+K:\r\'TRHlj|z-q.8CA!A	/6*yt(6FVP)/TzmKI1K\rn	@|,\r{Y\nIFf%~0bmH~e.;|8~(5!HC-RT]=S)ia+{\\)[Ppy $(	\\2I:D I	`c3}G>j2^yI$HrR,kzmCQVjH\' jy\06}kJB-+@tBc)f#i3$dn*`SCQ*\\6[S?CaTKdCU^R*z\Zlz20U!WYQ1td\'I{ntl$i0	b3yP}[)MItF!s[)$6!#bv!uq|EqS\ZIzdT\\Cr1Qjp8VGt29v<6Q%0PH2|AA_n[am40@#6 Y qziHOG!Y9Ri\0KwH$( >\n>p;:)	\01c8%k\0G`=y{<;\\J[Rve!I\0NcN&H@\0=3Tx@Z@O-$oQ8qS5k*Y1/<G1,7!/i-a(\\Y\0I-*$DiLx\n\0$;NO\'$\09<Ep7LtYDAS-T[o\0H.\rXH[!j`U.\r%!*Rai[kNa6n?RjR\"He5-\r\"i!x,YHkM*9rd(:O0*>)Ux1\"$75+_Z*bd?\0j<FK]%V@ae}K2qC|$BPlHb/{v:P\"J\r)OA\n\0e;J3G\rRT)RjnM\\MOiKi:u(~AO|VZk%e45WBHzwWJH5Yye#;6c0=@O;{PxkHmg7oLGnf\0aWQQJRnP#rvo--T\\}:A+rPR\nIJW_O?fmr$ivqiT.%v\"\\2%<H<\n\'>_;zxR\Z)(eM$qqvq:SJA!l3&c;=T9)\n##\')QH\0noal|\\MuThK#TU\r)_2U>\ZgZW98\nkWJ-O	RiJP\\NDfa.+3Q\0IR.K\0Kvxbb:?5\nD!J; 5*(NU}d2HYLs@	4\\U\"BjuXs ha@U7SL@meJRnIRF$15{ms\"l86EAU& T:*U[rl\Z2AtKD8-*]&.SHn\\RdPP Ch8*>bW@u<\0w\"5iukQqvjTL|&rDMJQ.\"SoOyO2QJxG4o _l!PTe;7*RHLebj`\Zq)RSHY)#0	>c$KqDbHMVo]\Z1KHL~)A<NH{*4j=QK?PK&JbIV=(gmfQ\0D$(n6\"$+Bm^&w\0I@#Y	B=]Ry<9 I-a.+ zg.sG9+X*lhVr9A99PKRk88$Cp|\0A5T	3}_eg1KJT\nHR\\B\n?(Q$w\'K>n2\nH$QR;7c)S	Jd	Oq@\nq}Qu)KvdpWUPMBO@B4ki\rLz{U9ST.nsr\Zpbcic?\0-?$?>c?xGH.[ENDQ?)0`i9\0#X!A\r)$ODR\nF23\0r]Iz-\'nPp;|R\0[Tdfp7%jL:}2mU6b\n\n\nINpO#UCC0*RHVl\\lIaUZQNTqin\'xd|4aud{&s|:bD7^7ff`lFPrpx#\0>y:IL8J?vHlbu}}?_/O\Z^\"lZ B\0AD-p\0+3y	H#Alwo~d^SV-baJl-r/Q!+P\"nl=&8]VE\n1OS@It?RJ<\np-	i>TehFnGu/\nr\"9)K\ru; [(m=]}OH&2.]qJLta)e*KKH r D_C);me$AT\'d7\0I:}F\nma.46J\ZmWd!/@N)F9i tA:)tVSgRPD86H=.H&lL`XD0mPH6#P#r9	na);rN=jc1	\0(zI+ZS#T<.UD~x=DPBCv|@!DJHK]<+*Oz\r8F7C)TD{n :].d%\\E$G	L-\"?!&\nFOR\0nW|Uxw=\0im	Tw<H nHQ]y_.?O%M1\rBN0\r(P|wo.	0023K@T(`J\'\0~KRd*DHD8d@\0%\0kmTy\'o?T-;9:\\\Zj+ ZBq\n_>K`Q7@Qc}@{TM6YyZUk$BYmj}f\0_B\n	I: mAG(Q^Qe9y1\"@	WBtC6EdQ%\0qJ\0-m.I8CJ|\"0TNa\n{m*\0.KAs\0iIZAHI',2,NULL,36,NULL),(23,455,1,1,'2020-01-19 18:14:19',NULL,'2020-01-15 15:01:12',79.9874,'\0JFIF\0\0\0\0\0\0\0C\0\0C\0\0\0\"\0\0\0\0\0\0\0\0\0\0\0\0\0	\n\06\0\0\0!\"12#A	Q$3BaqRb\0\0\0\0\0\0\0\0\0\0\0\0	\09\0\0\0\0!\01AQ\"aq2BR#$Cb\0\0\0?\0y4$a0	,Lce\r v*qx%CG #u8:0f\Z^*0(\0VTaQ	\nKd8e,IO2\0)L66\"G#t,A,H#`C\0$hx%t\nfR\Z1&62.FWP8Cimg\rmvB\nTR2Cn	\0rK\\1CfdXP}a@KVA\"#6\r !R.2\0oiD;03:M$A\"v)mC#q\rR@K>\rR	\Z:>.06\0fe#67(i>.K+	r#U,K\\3(2HtWj0GmH\0ov3dD8`y00QTU$RP&I39JN\"J7o3+,dljB*,boEYXnt\Z|R|jU+uy$21.>L#TOd>^BR\06 At[c4;\r~kvR	ohi@D3\0pITF`X+1P6UkrPr\\oP\\;O#jbj$k,*XPuD:**\0Q$$&$\"{}5\r@ZA,\ZJ!%l>0VrU	X+l8i!22ZB|\n$`\\H\\+B\"@D\noSc0JU3V#]0.B1HBJ=G32{K\"$@m48\Z2Z$PFR$D+\rEzS?h8<\\S\"Tjf*6d\\(#u1bTnXfI;eL\n&K.	R,D,H!;-<\"GiLl:C\rsfnYdecGzmL1#$9!6)D\\]\Z4C3+!d:4qiX%*\\\0W)#TQ_DT&7 D\0S?Cipj\ZJ\"L3PbX$.YpNTji)+\0\0JBF	8\\C,hK\02\\(09\'Jj\"P49\'\0lF@3 \0^E~Oi@m\'b\01}F)t\\21:L`Ozc%!pv`[\nZDD;Os:qjI\'\05=bq>XM}$$[\0\'a~C*n\03!,2W-``$:?:\'?Guhx\0@Ozs`\0pz.M	$IEFwcqo!6(bN	\0>g<&\n5$q89 .=B~E=\0d~CCmiSJ[7Xm7Beia~/O#f@(#	\0Q\\PZ#!5\\!# vFr*!e2BL\",pC(IV]} S5?t-uX%~#RI&5-$*U=,G\0w\rQ\ZA=p\'q\\mBQg2\" 2\"+\rY@M@0G>TOc&*csajv|xf,jSV$V\r~GC4K.z\r<y]mMf@!P3}gb6P>\nT+aD\\IY$oJU8,&XVs;;2|x,%t )~\"`FPObJTY:afc#c+HHckp~~Bp!|R;C \n\\#bBMuK4gR!SQ\r(!:IVu%Q5Pn\n1:M@B\Z}djTn\"]A&#%fe.1cP@H<r3Kp<;@\\oe[N%\'>GA*<\Z&H\0XMJmD+[GS5bPzVbg,elB}L1eBq}m4R\nLQ.TC\ZC*~ac;}lp;JYCIB\0(E~\'V.NQUF,UG#N[1Y-F)Ezfd%9bQEptKReu	%OX){\\\0$U!P\r `;wh12U~C>1\0k	.CW=S}ddlU_ RAo*nIfP.);d Ij]Hz$W *F0E@^$Bo ?-\01NK!`\0L Y`uHQ:&bwmy#\n	$K:u\0Pc@n\0k\0@(8\"`rO1\rF0}cXB={G^cof$I>gN>l!89	%F2\0\0\0{Zg8\0\">^~XkmQ&!\0X?d},|	fB#\0\Z\0{\r}w,%B>@\0I\'?\'\0Ri!MrNe3bc6=_J+(2$J\0T,Hb1M|7MuGnOnS#$YK SLk\'u\\m(bUO[3KGzZRM^\Zzq\Zh\ZI!=l	^7Kzgrj<B	$nN.Mm\nJhPK5E@a0I\n\n	2b+ Py\rjC%MEyQGEIHKmMi MQSO%g2zjr\'41\0<{qL^aOkDm\"Q2Hhx\Z?MY)Hda&s>R+hI\"xA;j\0Zc7;kYMkWhjVG5<HJ$2Xu-&~II%C{O;q [W\\?<*+\\KuJ+-\"U_Li:TPI\"W	#ceJzZ2p~}qN@;+TzmSK\nDMcQSA*IqG9XM(A\0AS FIRp@2A!DLON,L/52qd4^+Q+[ES2MT,ATHfXZB\nWCUR%N8$VK*B8\'?+cer[8oa]l14\Zz[%Y+(\rmJzh|-M-,\'5l*k#%5M~4qLT9U6kfTT0QYh~]@1A*yuti`(\'qr@3jtQ#K\rek8/YO#TDrOv`>?!bGQ_EKM#6\0) 0hdt]\04P@l}@__V NQR!Bfd\0H[$A-lmD{ol?!Yss`c8r:\\a ;g)BR2p7$\0()\\a*{)% $Rj\0use,p=T(\'$;\"mcM	\rcc	iv*Ca\\jHF,sUDk=mE5$-P,O:y^9dYDV eY`xqSPx7}a7@ G\0}?NScVykjU2p Kq9\n,>88$XHk\0,Aqq[-\",LJ)Yf\02\0fnW8hmKqKMIcA$?\r1A\Z$fB#P*YN|*\rbVBl2>DpFNEPXg++Vztj@yv\'|d	b#N`I{4(dE4VdtV%Oz*EjIX)iX4U.<[<T5J%hbzQ*qK-\'1rkaD_3 a	312eYh5	[`rG^eLjW}.%D#I`v6Gu#UPJV@:E2Q\\,SPACI)dedVD(bdZhjIQUpJ-)\Zfgx$S0$~}n\r:QNt)UQW 9&:zfTO.\'HOI1VJ%VG$f+}MTfGi$AU@C&q$LL^F\0T0\0dq|,EmWR;Q#(|**^hCX!.mWm5jIYa\'I&1GUFID,a.i!X]D[O=@%e\"o$@\'$m\\EU8=MBR#<Q|\nJu7v!AF\\6H`l1olH9wBz3Wq5\\weDJ(exK)\"*CC %@P	!Xp1y?a/x\nDTTTu;~T}]6R!}Cq!dt]?4M-as.\\uH&`R5M:,<$\0$v kRepv,[se2W%}/F-r%~{d$ Paru88m\rqQQWVO4T3$PI$HW2@(;`n ^?qAAT	h|:\0t)/v+HY\Zd1KtXJ6u:Jy\0(?vy\0?uZ[+<sQvp6MF_]W%Ci2<\nE%0jU-&6Wr?t,q 6m=;=!!i B23}zt*)DH\nI\rKJ.t$LF#^8e$VWWE`r?}\0WPI&A-M>g8\0}NSqN),=|``\'?=:Wy.bf+ \0[#gOe5RENvm9jnSHb\\8l(o\ZJr`}zx\'RRAQcE_h\0Xeu@\n\nh]#U\0-I,}$]\r\Z3	NPA$eXQp0$GBro0\"wI\0>HY`	$;_2j\"\0\0^X<W[4s-Rd !9-gpCmF=Yo\\IB-M;Q\0\Z vI:QdJHM|pQuXh@|a;jmTvZTrhT0eeGG0@L{81(XXg()Fd2DH;`,M,[Ll\'!]g$|sm9Xr,2\0#pH*@leA\nrU[=U25WYe$\r<;bV@QdGw7c*Z(s(bAR@6I?ww:vYA5`1:lTOAJfCKBj=TI{ia-VM@\0p`VU \0NA)XWJLBx3qbHRiEQ0Tnxg<7\ZRxj.	,njL&WE.vb\0e_ J1G_AE\0)_`yTI(	%<?0hY^F$j @`KepI>r.-`vW;A%EeUFG#S;\ZS\"^_rT*RaVmJKS\nN\r>gO6k\r!I8.r; 0*[}G:C~r+*ZKdiE: *=,O\"|\0\ZeFYK\nu!_v{`\"Z\" nA\\#uEpIl-OU.Lfsx]\nF]BT#)Zz\0 mI;omIn8.=bT}0-::MU4rTJi1bA2R]jT2Y^~ecX6c1!x?wEy/PRB 434/L+>M\\EHph	FJ~lz(Us#%XSVTO.It{8V$fh*TIJ76D<a*@H$z-\'Op-\ricour\nH`7MG2`]XfLHVE\'t`}rA=Vy	m)SYN.}gXcf-gYWZfSPr\0s2bm\ZMQm|uTUSE\05?\'O&}5]NrD \09# @zT\Z\ryDH\\\0H?gbwBk%^fmxp<ls\0%+.[5 \02c)gDL$)%@To;\rjz$R\0 1g98A-T$bN\' esrsrizR@ll_x\0FmT<<pJKxGp?>t^r*&#K)S#@:1@DQeP@3#aZ\"0tE6Jg|.|0X}e*7sKj%Etz6\nb1\"d9Twj=E4hp\r2\0@_2d%.kVt$1T1\ncE\'0VX0Ao5VZyUSfUiU]#V X\'9{mt9Zy\Z4d 7$\\dad)llAzL\'\nNU1;e\rdUjAI$f(Imf<>O2PNU@i o8VYS ,I\r\\\02\re9\nzs Fp?^S6EW\rBk<aB-4Ke$gq8\0t.Zo1RU#XT<SEr$h:`}dp-G,Yf|~T$5X-`\',>-+t\0Sj5`vqj\rC	(U%eE&&oyooy9H\"&\Z\n\r@\ZihnA[wk\'^n5$sKYWPC94)I6`\0&RpnSd,vZO8R\\.R\0)9\\]dEEE\n*0G6)FUSZYB76b)S!T\\aR{\0Lxoa %nbo|TUP\nTFD3tvyXiyZjS \'DPK:eiE4om<>!cDW\" wf0?=I$Aqj*LT	3!Y,n&uIbpTd2Lv1\\	\nXfzd?3?\\n@h0W?RUua\"d@:9jlopAO2\"ox?09yB\r=<|Bjr`6};wF0cQHX#jd.C.|\nJ)\0\0qlW@#7Z;I\0~oC\re\0f3\0[#0$4^Iko&Gli=3Df[aBxWN!z\nNI\0GyWo7IUEI(PZjJjaIq8rI[HOi,BP#F@\0#_h**+s0jyOBb6fyK-P\"i7/lfQxXNTUSUGC;VRbi#\\v,2+`s&YG,7_]Q$Rm#>9?DDAv\'UO1^lrXtU;hq1%X8v80N\nA?iuEe=AE;1)T9,S\0GC0\"1R7&,73*R_Uj]GDcoMrkk1K,kSSR$T%al iJ>3TTCf1@F\r #8\'\nE\re\"5UnRG1Xp\0@gd	/x7zyrQq4	\rrYzgs:j(	<Mne%SDUV`/#r`	8QjOp9V%k)=ZraVoeF	N:>uGWiXj&*gbSNMNh\r	U]{e-^\n<iQ]HozA@F\\mpd\"iOJH<zrJh$\rCz%K\rN2[Hx\rn\07-Wm]V4$G{vqmgia\\\"zZ#B9\"@V(B|YbjUSOyd<`]W``cv~P:R6;6PE`WPA8G9\rs/l%vPAd}AW?SJg\Z`\"{|1\"OhUP\n6TM|<7m\r[U9$j-yD7ic\rB`.zjRw{e%wh1(	#cI#V72=TW\n)N2I\r-5-G}N)O*!S[HZ~=RLce,:B,DXO6Y:y\n9\Z3:zvogPc(yqyL\0l{1dP_0V*jjfuY>8%[0QbIqeDDi3m,yRC\0\0x	Q{JeMaURC]O{Z4{45#\"UGDGF7YH_M%RbSSRetgXZah16Ah*y/,5~E6p\"0v\n%qdxK$q;yul$\rOR4N\ZXKSrkpUUnu}QWJ*i\nM#jHFP61ayMpqO\0FFF)Q	.IRp\0o^0ulHC\rP0qBAf*W9-dd\"w1m\nC`v\0`~d4ub	7Gb|kb \0o.m\r\"(6YIeOP\\M)nv(PA\0`I9 ATLc%e0P0S2.9rgfXjeFJ<<D)&m9**w	v]\"mXn\0cos#	4RJt\ZevI	*I85IICWVnT&3-VU\'I#C|<\rd GGd:MkU[%%MX!bDw\r^o,(31nA8Js7>>\\oVwfpP}NU~>,Q#765K	J1iT@N\n0pr+wO1T3arU~YSrA\'J%B*u*G	\0?6ht6iH${{qlhY*R/<M\0=h{W|Mns\nK\\qXX+w*Z\\gh*G)*(/SccZ/5\Z0E\"TRG^_y8/\"*(xe4U\\_q4rW~(=+F\';FJ W9m|mqFEK%)v*|? y`\'2U5292F6, \0BEVbE\\!;h--h,SNS:n3CgrCykjU^%C;O=F7RO&Xu9Ogl(mSH V\'Ld2=7T]IT>Y$3B@,#\0wOC_9xh4_o[6`@(\nJ0\0&.Icnh sO\\f]Ht$oMIQ><R\n rp	+\'{&)`6@G=}+97+K\">d!\\ F$X`2]nHKD%lU\'h\Z9mZ$X;[O7\0\ZFm\'\"0Y+6Z\0ed )jNRUL-&[o{egK0rEC7\ZF`S[e!U27TV\01[xWikh*ZjGi&UK#\"XN1r/w6njhi^XOW_:x5RTgdwdT-g&we1pq:k\n]BU:I Pj\nLd=\\:kg?rpd21PX),5%j^+/S8p	p)T\n2&0\\aS\Z{Rt2$dhjnWN+<2|J*pbu7E\ZIaHEwq24Ln]3SY\0\r%53\"\0UlBm`bZ6>\'OrZTTdeATXD*cEO(ZzCg5m7!Ix[\"f)nD9nSNh()6yhcz&	$@b\"D\\{X:IF#5x*49A$\nNIR@nwxRcnslFFJ>_3-YrvQ%1\Zi@J0@eHl\03TiKrns})3AoQPQJM$@e?Jc8zkMzgy6S\ZdB	\'	\"}TK.b6DFFv@ }}{N1f]g@(Rsg@1iy\04O32SkoU9h]dTIbNUuR?z:ZecA#~1NO=\0{<tA$,LvZD2G(XNE%\\\ZRQ*gX0W*DHu%IMJ	ARn& 3ni*\0UH!qT;j^#\r*3\0e@0#\0(6d ibh5xEN\0 \n22yt\\bdL@k}:0bU3or#xEV=*[\"u	\ZXEl6[:T>{;4VK$v:J5 R/+;\0K|WWnZ)evB5c\ZbtEYJ6IYvYe\r44PTD2]$4s\"C#l8RVa>J4ha;QEX\nIU.LcNB5?yMDA6eT~O.J-9\'N +\'2K *\n\\c$-<]D#)eFI>HSycmc`nrT,[*\'/w,)v\\K\0Ye.($ o,z`\\+9R 0:X6UM\n\"J\0\"A{}0:,\0T,E2rE)f`8dE\0F*b=8L#(d1m,N~S{>$SWZn%ATjzi)F*}W+\r0 i!\rs\n-yo\nRc{\0^E^|AJH\'\'d<s+[&1\"5W7\0;g,Ir[zI!JyK\"ro w\0Q	j{G[gv?\Z+s]V\nY#ARKk\0US$eZJU*BBO4t9Rq|F\ZVzFRY\0*bICT-Qj4N7\\	1dqq~USr;%\\	^%hEy_j\'ml	oX$pR8{.M5@\Zz{QV(x-m\ZA1+	/gphn]urZ}xQ+\nCIsI>m$idzF%4*Ttjr@	ceq1f*PRiJFw$\r\"	c|Ur~AGl0q],tt4Cnu,M#PS4+\ZSfzQF i.uRHMK$5!D5 B`3vWd9zYGDC;7i{[?gT\00LX1h/T]D\05JBeVE(2#9dujwFPc1z9d\n\ndq!\0EGjo\nc]|#nTqMdc,u +\"no<;sxMGj*nHU)6v aRqRB=&7v_.rzOPbI^\\p6N{?Vhyf\ZIW \09]\"rv\n\0;I	V**Quu\'9RH9\\Y;Ak*OGj8bv0>4 #nrNs]r:\07USxS\n=]\rX$B1\0\\	E]kcR	:T3>\0t4\rZ9Ma]rZ\rTL)gP=\0>?<*SYLrQWe3LBR$ A^;\"6Hs/o%,^,O9h\'cd/pyLKW\ZR]-i45T%uUe$\Z(t)bOYUS#!aO]D$*\0#DEWymU%/\nAr\0i*{~yhD)g84!O(dU%KT]\"\'r Y._Ywu5w\0Roa|,\n/sj))$AUi5dPeC%8= $B6MxH=tH<nE0\\6^PYA\\1$L\05A]~V.1\'Jizd[\Z5%E!AD\n#&F$t.\'CMPm[r~B3,|2&>,\nv*<S\0O=lP@NPY\'!U\' :9%MCj1Hvc3\0Y\ZT:T\r`jWQxIZpS0_R,1!\'$F7 KMIY$dP2*1bZ\'vGP\02F	JrWAPbS%-\n;\"u;=,AHm`dr	V.>o2A,\0lYsZG\\]]3>INeZk,DLdP`lmi PFgb\0Hf+ vMQMM2LU!o*<0F*1HF\0:9zVi.ISiEC8B 5\\q:|{M;/u:x(Ze9i*n11@ba\r\'\'/EB2Y<[n4SUmL*y5^?UE%@2\nQTk<Vb~k+UQ6PiU-\0jW`U[oj#Yr&i$%ZZQ{HUSE!I\'q<]!TA{z^r\'$)R]WXiV#r	nWQ1CQ$*9\ZDG	/ +=zZ{lSACP!C,E3P[-rjO7yZ+%WU<p%Hc4UEII4h\r\Z]G\'BPHw}UVvEnqskQ}:LZiee^-4ED1,\"IcSUZSr$Y0P\Z9=N|7Uj-M-lrSWZ )=SDG\n&m\"\0z&{PSJ?\"C\ro<1#Q)TQ[.K_TeI\ZL!p;}Xu2D5rFn\nT{*5<J3;;\r8b\0\Z-q|:y8R9VS\0Pef*{9r7tH7O,(t,tBK2[egicI;76|HeTj1cDX@.0Z]2No4\'-/T%fu~b\0_+QWti+Xadvb&\"p@Qp/P#P$1k#1\nY[e1]UEEFv@4Q+t+6b	oi;212\rZD.(11k@vs\'0V@RYV$34h)#x=NKElgdI.5<j6\'\"+omMXJ;$Xi%wgua! k>AW.Tg$6%;\nmHjha,f\"X*3*A67_on)AN*Q::\nQ*ABkos,qJ,EOQ!ef I\n>K,qkw=svzM62`XHumLE0}g*)r#VQEUBWQxI-$=1Knp2k:AW2C1,\0/2S$eI*TzJTjzaSb\Z4&v$	w,\\6T|7L4\"|%Bmw7:TFP_.ief2=6N(\0U`\n Zxoy#aZh!,^0)CD\\?\r^-{vKM$]4UF\n\nT4R0cgZ WcO6SGV44l 3sb^97fH@h$q=uV8tD1r\'\nC:\rq~#_Z\"e]bF0<\\d\nG6d\"j~:]c  `ITHL9 >p3Zj6b}EsDv^7[XWLT39I$33:tVq/n/]-O#QD~MOY*eh:mVuZhQU*Fr>\nE-U\"OTA	\n<b@8r*Xj(V-A?vo=I`SJ@0gxAO9|AGSQDEVs3E9aK,@=047{u.SWqUi$[5l25QsJO,DaPC?+@Z5EY+N0\"CYS\0j8/+Or6.Wvjo%EK\\eK}UbjSKTOIHRNZ\\ej dpdM&$=:\0+/M\"EP|p@S`6(gPOOOt(.B7\02NkZuRM#e2kSzy2Hh36ovGrSM9*Q\\bh[|^DQ/e()*SH(e H-J\nzU+f 2 x}KOGw;GtLG9	Q\ZgM\'	W\\\\I Cym{#kKN.+Qp\r\r][]= +!AET)S]u_K[J1KOV`Us (:6+*>Fj4t:YWat+kcQOO1VlF	PBi*Z<mcU83EfIQE* :,jf`2y\ZFFo+IH@[:V)qS$m($a6B_gt)oQ:N&850i\0_r3,d#.Ci+oyPFsm`hgGpGGo4ttCOJ${C\0NG[QhsJj,l8_RA|^*Mo\'BO\"z(*K`%Q\0GC\',3+>\0W8\nP}BF#LaQm\"Q$;;c\rpTUbBVLzK5b+*CD@&T6-T!UNH^dRDUDpC$c\n\0%b7{e&3dRFI\npJ[#!}nFAHM6`\Z@\0wcrM]4\Zh\"0\nT2c,]C7-c\rMqF.DP6vY)%d8\0YW)JPDpY!UW$Fy	We>LBz3\nX1mTDZXx$|Dw=e\n:l	Aq%e7>:Ue0,q\nL\0>PEi%H*(FdxfFk*>8P2`;O8G2 X#1FEU\no*.$D|\0\'wr#DM[pb~I\nXL:CXY1[\0S;I* >@_P]}`0 U#.;B1F>v0:}	2l8vO!ub	>jx3A\n]EB7TdImr#RKU$\'vey3tYTQA&Gy>Sq4Z<KS.@lfQ\n@9@v;`m_F+^\n(#P`#\0u#.${HsC-$/>]Zo&h$3< &MgY#B2dtP~C#\rjjcE,K&Dc#bNZqR52Y${s nV\0\'0R#V\0\0zq3.vi\'uLDz`RzA\"Ao7$vcJTUWp:0CTlr<E[Gr5c0Y/#MW.3&Zk1hrT)TE8fnc*B!	*X#FY2(Z|p5jm25\\Nl]J._/Nb7{o:*g e(18?lr:t-D$\0\nHu$+$OAta,&\Z5k$a\"VLErPeXH+p6]UouGjL$2KLH[3f,?V2,tf*u0n\"ISy*cTeOs7{TuA0V jv$Tp|;J`X:emeP=K}NP1\'p1lXlI`MW\"$$h;Ea! \r\'iXro6\nYmA` DX^84i\'d7\'\'8sJYd}\0Y\\\0Ev\"f\n$}6\0EK}7/*)>SJBXn>=iie;*6Mt4pdU,D*Uqp[#~\';F	fI(-}OvN	?hs|,u1@}>N0PI@\0QaeP\0\r_m7+W1E@@eYSDy>~|}?<D)&\r\'ocI&b`\0t}XmC>9`G\Z_\'p	\nJ*7\024\nl]K\n&|u*n|VP@T	\r\'_b&:\05:eY?j \0NE\ZX#U;3F#bkk\"++e`/.juZiYlK`(*T\'lI&)\0oO,4HpLm:IA{u,Q&2\rHu:Pr50<MQ','\0JFIF\0\0\0\0\0\0\0C\0\0C\0\0\0\"\0\0\0\0\0\0\0\0\0\0\0\0\0\0	\n\09\0\0\0\0!\"1#2A$3BQ	a%4CRbq\0\0\0\0\0\0\0\0\0\0\0	\09\0\0\0\0!\01AQ\"aq2Bb#$R4r\0\0\0?\0RZJc	-#\Z\"R#*`ghC$OQp\n(E\\|WkeJcqhd\n	NceLD%BGb2c\rone Pp]J+l5h]pMa^	h	,Ik\\H;T4Tv $hX.d/[WW)$QU)	%B]Phd\\9\Z\\}GXdUBOJ<@o`]]oXzTyJ:X4HqEKN$t{[ (o@\n1g#6alKFFgWUa#e\ZJpi$S$.vu+D%Q.}V^Qju]Ic\\pLi	|rmJ5n@p#nlDbMPeF&wl\r*C$@P#A\0%Uc5m!\'d0dX\"e(P(ZZvy$QI\0E9m4G(Y_FoDJmTi!gTPG#1.FcF\n1.\r\'i\"NI}$m8@p!*iH@XOmViYHeZ\"#pIPfV#Kl&_1fgbe\"nAbozio+!-$\Z	Tv2;\rBx-L6lG\"i;7hzFULB19\\!\" 0ej1Li^IK\"z;H/D>DxUSi\ny2a`1v\ZJ4g\Z92d ;8_*( $\n \r\02NAm0p7U9QvY.U@1SI[5Q4cBWULYeGQNc\"@T\n[,6<8%&5]Ba1Hn4IFas 1LD\'-cm\"TR.(bEFMD!-1\0c>Lz\02q\"#&144R 98Eu2!,\0{KJgM*dc!f#VS\Z$$\Z@O4  v>o\0S}Im	 ;LD\0LbAfGP>N]1<zzh*Tl\raqV\n!jCd7A!>K)Pz6I%qkX)\niL\'Lb7<\'!b<$cx26/ dU|l u\n	h2XNPk\r>j\07L\\{oD`	@L\0xSbpqA*V`d3e!-H#,r~%%4z\0j8rrT\0WMK\0eC2_b0B)CtUoTw Z;jH2\rR<mBdPd(\0*\rF%AoMDs2#FN8Y`X\"5am\0A@ce 3k~9xILA,s2R&\0(Ox;0Vg,j;kGV]m3o1_\0lVHRi\n\"x}r\0GJ3T+j+dYe!N9*FbA{]*vu\0J6O< B`\\Y|\0<F2h6~Ih,Ao)U,E8#zfHE,Hd:2E<rFRF8ceM#$O]*Tt\\\"1Yj\0ren{\n1yWI?4DD\Z11:H	68\rIneO)w6JVD, BY*\0cJHR&E\ZoJYrx4y,TQC)<e\\**PM0 \0m\Z$aYS\\l\'Go1dv,K\0@\0>XyGvD	\\Qi2C#4PZ=QMYqYjS*IL\"6H\nUj\0!tlW1\Z=9U)l$+L1 n\\\0:U\ZL?||hL\0Pf\0s4!HXD=\0f6eRU0)[r	 Bk.H9l\"Bb\\KuE|T0a\0A294$eHX\r`7Z@ \rEb78XsUH\0$):V|?#!a\'n\0A;. 1LS[H%jzv,VZMg_{wCV|B:qEFhXU!brz>\"%l$~\'|SVH;l&E>o+dUR\0\ZS0s8}&F`U!W	A09A|RHV7&ZAdP@(Q;^DoX%G[$ \\-;6\0ccap_\\+WaAZ<~6@;Ze0	ng,~(m$X\r{_Ap	ej`c%4}8\n)\n#0I=PXn_\0;\0@P2rOz89*q3N@2?A@\0\0ABI3x\0L^\'s8zX{OmG7lP)[6\nM}c;j@=F=5`\nBad:PN@rrA\0.}UR)$`l@1\nL`X7\0\"Qrvs(oOLeExOUOL6T0Pn!!GOeQF)W@ 0>U?	_G|9Q&rN)Bc\n	\0%2 WUxiSo&#k80\Z)\0\"(F\0TnJ@6=LUe;2GPH*	2eLex\\KAU:\nC>/P@P!\Z\0 o1Ao\0-dbyL4\r\0i#*VEfP}[\0P~c\\B+m\\8F-f/\ZVq=\rw]?`UE`%/Xd0:\\]@SuM;)i]bSaEnl\0Xs11Fq%@0&w\0n&:*V2V%YD\ndQ21QRH$1`**YB4Y4U@f\\k#fR@ivn\"-\Zbpq,YIdp68.	h6](taheTcm]KC6Y$;$a2VjPG=*GD7\nSRexp<5\ZR5$F?lmJ0qKP {^9}HG-} wiLSIP$>XdR2JFK5DpvIv$l%p$ DfI*KlIO5U<y-U $DuUVe@\0rXl\0yYq;cnU\r*WE|\0,\0$US2g:\"XRp82(UG>>Y;C	VlgS)BI\r^$\n``9@\\!}00:Amq+\neeRt-s~./>,L\0e$8P:\rrJ|/`jCpFW_k?=!};AHRmk_cQ-Xh\0r \0\0bh1\0u>\0t]f>h/MO.<I#\n5Xb\05\0\\.^?jREK1u`Cz>1)T@GTk9rSDLJ2Q|\0?\0QZAb\'o(g@H6\r\ZX;M(?|\0oT$~s)NO=Mhzy*H&$l+IcQpZy)&&f4f;hS!\"45uEPL`I%cxRj$(&4(!De8DL+BTD0y$~,R{A 2 kb,5eTrK\r%&Io-x6!s/.zb}u=Dl$2`vvj_xIrBOMN$My>$j&9e:cUE1ltieQP\0\Z+DiP\"~ouG\0vi4)rFUb9v>=e^x[]-<6t$S(i/W2\nbAN4kO=ISD%i]MoTI%<tp(\r5<S1J{eGkH+E\r4j%5$QKjV#$9mUF=$:\Z%;ji.*ZHf@D%v\0_d5D4eX\ZLi;lEfFBDpy{w{m|Z`9]zmt:\rRT[Hb.#\ZP^kl4[FDji&0a\0\\(G	\Z7hnSOVG.AyEB\\^9z52,7\Z[`)QA/-/k?\'nW_%Wu${WjEvH\"W84:0aC!m&D\"^,\0C(\0yco0\ZkHR\"j`w;;31M\\# `,\0;krP3\ZUoO *bkHu?\"*|L~6V KkCdcP_f}h<D{q\0G#1\\\ZF\01]cd(\0\0M\rej}B\0]` \Z#I	l\\hQ]IRfI}mqq6a,9M?;7WAAK=bC4\"DbbINPY\\scS=Ju\0#rO\r2Z[x3GF\0Uto+j]u>S\0roqbKH^G?42G$he>R20@:qkM-(:2A]2YK@g>qJS$at].8]B{o5jM9#b!	o	\05^=ZO\Zw\\`=\0Z,V6:A 2Um7w\Z(\"R(tIVVgzWU<MGWUW2,@A*,eo,{+4$(i2BA\'_d\'fux%^Uws@q\nA	X::^]WIp\0!13k\0Ia+#kZ9jLCU{6\0fL\r<I.t\\\ZPC_SG$P$dFVfcCTo{DQTTFdO!pQh=Q9_-*KT0\nh$qEt}q0SL{97EfJ+W2qTcp6:J&\r/T<0JB|OJWrQU|c<);iyA5\rG`?aLA2q	i\nh#zWg\n8 jyTaX^A\Z T=c<nei!-PQdDuue =O\Zz+}8c#o-]1m$y$5F$MJ#\n>9P:X0<&eb@,vGlyUb#\rfHH$Yr\\mV;d5D$aN]4T*K\0%G\nPhXxW0\r\nW`d6|`o[vKU6*z`[\0d\0O3\0$~plKU  4,A0;~\0y_8m}|AcWlwYH-5\Zyjs~SDQ$X\nPI@H|\nG =nxmmB\rXUQK\rOu,5)HX+*# Q[I]MI[AQM-:jgY)5)Mxfb$\\njBL\"T)p@c.uCCSO1;XB#_e}b0F0\\iXu)gC($Ym$\\(2e$$ZGUa:+m5wi!4[d\\0\04VMH5]W}FY0\'%H:2k@iMrWsy2yB~Tf](iC\0OB&Hb\"	,u5eFK#af)$r]pN2]3TjaZUBUEE\0[`	)eg8e[&ZI	;k n)^)T \0}eOXjj:YmtUQB#,/zJL(J3=*FL*Q3&GpB\0oHb_tu8xDjT9t1;WXzJ=a]hq\0fju\0~N+N^=N|zOS^\ZBKe\"!O2q\0CNcX0}@?@0~V2G,J?+mHnt	`I*ws?3$dwTj%c}T[a;{RZZTLhqYGnx]s+pd8RTLmi$_@	Ta\0rA=G- k *A\0xE8b0Pulem_aQHbJFsJ FD1{l9t[X!vc\\\Z\\9$2U*!n@_NXv<# 1~I0S[[U4q,b68o+*.`8_p^$dxYr:V\ZFXJ<A`\r &LmpG/RGe!w;m<Q^cA|3F+aJSKIVSpG;PHbX#vRAUUljWbYngrEe TG$\rT,N{sW:{m7\0pO$Dbu*FbZa	`;iIQTt$2#{3?5;LX76 \rOU!p}\r=G?5];sY=ChI6%*@7\rMQBv@D<40Q#4d0%|,[f\0\'#>-<qP-SZTVjBO;$9No\0A\rbTA\0}\'#F,@ebWQ&28}Uub\0)]Y{I5F6cNH.f6@\0w9\'o/*U6-]4v*5JhU;=e\\(\nKYxwILM\\jFgy\'m.zTW15K R/QwHaeI H0{-}$%T#X#rMNN`.f!TLXhY\"M#T%CgI\"i2:NQLOlruX3zs\'jixqVQs\0Mq#TEg?TjSQREb6NJBT+DkT  DQz0nM+f$J?fo1&,\0o*alH`IBHEZ@$. \r@^3M:D)A\"~G22:uF;smoSEqX]\Z\r	!1|5\0\\Jy(!dG ,XEht\"Fo@f|B*@#{LX}Pw+E5<T\0Ub8\0Z$17I6#uRU.cUY~jod\'1\Z5a/0Pl%_j\0JL$|\n,<T@5+X:g c\0.dZV\'d&&F#UL\'rowf?JHbYG99_m5\0`I[JD	U`Dm])?>PWF4dd6\"yVJQ]u7\nE^@h&hT\n%	Tty\0hG5|U4U\01	yd~7P vig*I\nC`jw,\\nMQ	Q\"Uc/<B#ub(+\0/b\Zt4R5&HLZ@\0_5<zUj`)\n(C$\0X\r4<u \ryO==75}yikt3!rR`\0\0^e/urEp/:\"HbjL!U>?6o&[u_v^=\"9*,rzcl+W/j \0RYm2,dFj.::-o77k{6^`;%\0I+Z4P=JItb>As5\0MMd4YI\"Q8\0#GC@Z}Jgbi$Q<aX3t1b%%	8i	\Zzr~8lQ=tSz5\0{z4EZD~]F))oZn[rD*(bi.9W%F0\r#V$3E{M;e2USFF#dY(Eb:^KS\rhpXGFFf|@V2QGD\nJz8\"1uZxb@\"%4\0\0\']J|FU?3V)GjB6am q 3<^{uC=O\'Ck(\"T$\0ejb/kaNTo8?!A\"k$DF\'>|,Go\0|}e\ZI+}\\u7% .\rS\"IUYc_iYH	U};+4Lti\0|*U\0_[\'I&\0$[\07wylUF#\\*k+le\0Po-xIQ]]]--sG+ef24o\\t*eaYA\Zm}f;Q$_O!;a7s\n4,DUTP2$08Xk_-`y_[:,Y6Y\\\0g\'VP dUH-u%.JPX,	%MjCoXloQG$v\'pH\nLIhFby@\'R1\rF>-KtC(CbKx8\Z$q@@\Z_CR+eTq8_D2Z5olN\n;Gu A ]rG)\'\0 o8f\rR=,\0[\rT\\UAl\0nQUOI,PO4p3RUf,bO;e]Ty(.42*b)gR_\0l:Jd\nv@ p?|A }E)KMJJuH5$h$.{=U8bB	Shi.JTWP8(LR6&vo8pmTmRU\r\Z\'vp2J$Us\\I|dbbG@q	Fu/d*b5\0P}Ic~{Y&eVX$12|,%GT\\6\rL>X\Zr+T*hn\0l\'}poj{QviWjV6DO4C+:;>=\"U\\a<4)Hi\'v!O0\0Esk{EN[ P+.T|mLrqgwYJXM<9Ve#87(-SvIMMIZ)bT\n93>?Ml%ZsLzvN:nWNf\0UJnJ4+xi$dCFd~CoeCw7TaEF06(I>_v[TK<_jY\"M1*h\0~gyYE}rt.~%\n&#V\r3\'\rPv\\~tdUQ/7g;\"d(p@2!vcrI n/U}k%3!jK*]twZfu*!\nZLIP	Q3\\CXd[-\0` TV*\Z*1.v:B6R3Io\"pWlduLF+NO GfrFQ\0B{^!L:(G][L$HwU*\ZU\0?4JKubiPa	99g{7hOy# c	F\r%@m\'Ms8]C[qaJ?_!*ful+#U9\Z@\01_S9j>u(uU^{aESULR:Y;oWOe\Zz)!JfrM5H*!;\Zw/n4U5LaRu\Z3o*)$\0d$fD/dje\0iHaSQUK<Ku5V:THn\"I~rR&d\\M8eKE*|_b+puPt\0Zh3RIu#qFS\0W})jB\ZV$trL;\\46I[=2#0Y/oL~pTG	*\r5\'wD;\nfIPl[URT0v]][`2\nep92@{)!?`.)T0X\0w6&LDE\0\0AcEm$X{8MW[uQV<ESQo]R!yDA5G$	TAn57=+BoxT)a\ZZUxLv`c)Uglzpp\rFTrz.\'8s/|r\nz\n#SJ\nK:,5MOjIYIS`^B*2,X^6;o%Y?9\"11#bNXI$.v\ZAv%,vHRmaRb%(2TfJZy2; @b$\\0}OW_	\r\n\n	+rbM8& fVvOa/,%9|1>_T )#8 ,|(<Xh\'iMN$XW`\0Fi ][\\gpj-Tp4X33M$!H# Qk`Bs4Q}B@W`=mr?DkgRxzxV8AUpA7a]At-pJ_,oMP+p&isk68URa5ur#7\n%yQZ<eI!#=\r%yj9?b\0FhT\01oYT3@.\rmjnVSK+>$j\0@]3djdv \r}qnOjR\\OxE0]6T#nRr+	Gwi,NG\nCe]X8fPs/rEPE,Y!*bBZCN=&tb\"4%d]E9,-\0R8V`\"{I\087jxanQ-A\ZK;\0Y-s4ay<!8r;\'$!$gtv*y6Ll@ecuY$iLli]\0P3\nU$_c\"HFD\Z.VF3(3AiN&$HS\03FF?\"oce%MU,vbfSSIW[(F$gdE@$.\0UG+[m[JQf/Je\Z$<&jkp/W+?|q&2i-t\'AVkk^ yVzqy,\nO|tLU))=@7^1uC	UWuXJ\0ILc\ZI.(RCN%*:TD\'qA$J/TEBT#ye*-R\"4*dYvXbFQ\'\rW)9\rk[5[ngvFeEJ+CcXkj0I)` 9&bas+=,Y|QAP\"E\'\'m y$I_	E:z\\`$	K\\KQIKKSaJzJi\nS3T_qkj)f\ZJQSlUS~#[$kyf*KeyU\Z-D$RC[\\Gg*L	C HyEIY	RI\"D4\'K\">p`Q8] uFbT(KJrrOPFOvB )*;+fv,O)9c? J\0e,t\roJ\n [g\'j,X6`\rk#y6Jjg6Da\0$mGO-t\r,\\vNTQT8ZzJr?bYPCf?2$3,0	#/jw0%\\x\0p0FG8=DUb\nd*\Z.5!4|lL_^7|FHJ$DOIUO]KO[I2TRM4	dTa\0Xi*zYFSH0A({L2q)[Wa]%L4Ii^I\0b9ONBS(74RH	k5t(r3$jV&YX#\0UOL`l4N&$cW-w/0okMH-+R,6u3l9\"^40Zd0*GzFU3 W<AB=jAYCN93\"~a\r-t<\"0P9;j0A`:^=\'Z]Af	kD(*IJSx\'I,P,l8X`#\"2Jg\0\r;]3v,`X\0r	~xECKemVYpj|eRHW>J.qZhCgv2U\ZMS61sM4\ZP@`dF&]|z:(\Z4tkoR_][$*`V~yhf,AG%RGq@B1S,q,>{9$\n	\0\05?_aMrKz9U j=6qW:PopH/xW7W`b$NmQ}S=>*>aoq2So0.MFZ	a4+p* }f?Wc@r$O3(6d<Vs T$Vk}L(9o`:JvbrILMhjX@.A\0,v^}N25`XP\rD;\rjmmRvI{(SU\"H!J(@gLjEoz#g)$	*OOSG\Z-54YD\0\"X:K\\[^Mw\nzz]GGoX\\++#UIbv>,a$X&hjTV*!OQ<E0cN:$0?&=[]{/SjJxp+*nK-E,J%\ZKOc.*<]U,=inu,VaIU\n:z*6I\"\0.O/9\nov/;4i{,IKSjp\")h-\Z*:n\\j\'DYz8P$i=IeHT$ R\"r\"%taOg-JU$g\0{J#C;P\Zh`N@>o-z~KU4uu[KWOOM\ZE5LG\"2+JA\Zj9i-$UQQ\\\rKUc \rI\0]1+	N-D@6>M+j3s\'~H\'74dQ2@%w/JX/	\\P2_3FiW9f:\0e8.>@ Ug~fv\nM*BP[h+WL\'F|\'V`~:n)m]#)UG2sm\ZLI\0\"$zcr^ZrIV V&_\ZUfm,dbRW+wE\0`\n$z&[P|PA+\0oRFX`	N1;~-x)\'HSbL\"p!u;)UA<#Rq[5*XLRJE\ZjF@:2\ZSh[8;WI s\Z!\0<,`)pXSx	\"|J\0q<l$L9e_]fWmL\Z$XK\")9f*}*X*-m4P>`Fh7mLMRV9^Yt+^!^gr{4jZIZ$GGx=Vj,Fy-YRzMFj~\"-VV /S\n|}$UkCvr~mZ4K\\)iiR4bCbGEG \'xPOdp1;)!z=p|\ZVVWT>fy`@e\0yo	{G*\\,%~	[H [:*2\r&s;meC\n)TrD\\\07dZ;Sy7Q$2A6v\"D0c\n@F\0M UfT=Mb@R.66iun{3BB\Z2P^q# W\0zb4o\n%`	He*W 8$4%u 4y,~5\"fxk\n?(%VD\0NzR$#z.2U^(\n1U;_yOd[^7HUP6BqrJ\0 mC<2G\"Bmg\rIV(E.	$I&P@bt&&8rCk\0 aTJ1(=;mw\nbU\075\\pB)$)e\ZYSRf9\'\nf`I;5u*HoT:tHJ>uUrT<KX7R\0}8Qa/,O/X4[jGU%*&h K|@:~2GM\01)kDrzCI=[RIdy0c!-+v8:Q S\Z]U`FKC-<H.~YQqN;h\\*A\r5M,cM$	eb 8>	 jAv9W@5C\0ma\0T{MqJ;EYhnA)7=\n*&_%%$2RTJ!)D\"SP,2/6bb|@+O;[Y<U?TiegYuSS$,h!*R@\'xI\'STVoYI&{m<$U%[Oc:fD3 ;#3\'[tRFTJ+R@+Z@0g y<4%VL (&\n8P}0t)u<Kh7ku-\\S!\'oRNE|rYe+J?&rf_TI\rPB\"T6}e+>Y~\'-\nj6m2LlS_?[gF%b C(EIah-p/43X,AKqeE 4H+\':\0]Ar{Km[!Fe2Nd&J cf]B`E?S?W+]4OT\Z%{LY\n?pZXmrfcAGQ<JAb.f\n+I2	kYO(xWP,$5q%2X3a	iDD`NDYYP\0c\0#\rTW)E;78Bc%GDG\nKZE!L3;K`}4]F\0\rZ}~P\'~,y30\0\nKFpIpo ;Kil#zI;Q:H2jBSPP\rz+}_e,K\ZO06,ONkSIM-\rm?]JJeB\"d;xZv}L~d;I/*C=+\ZUtU*Qd3^r]Dj-\\5^=8o`?Ryj`=D;t\ny\Z&&V0yTRmW~R\"4^qB?9Ic`++5YhT]0$\"	YlM> _!-Y)g \0V*[v]5s3|jmt{EEF~kN&=%s2Vfv-,,!>W[gs|kT/)Db\rUm<`R]H*E$t+sN=dlTGSDK1m*!2d\"J<McdKrV36\Zwo9?u`1`2sc@-$f*:f\nH2r4dPA$.p;T|T]**c@d)%}u$IWJ)<d\06so`x2][R4y\0(@f&k%\0V\0dVG 30>@ \0|DD#J\0asN)@eri>:C,Xap> 	T(gml9&f z\0S95\r1\0tI}\r3.II\'#\Z#^\\#heZ`W0)IVE\nOiy65=jO<biIa=TQJ0|QjFN`Q##p)|jW bd$rOU*$\02t_V5rJ\0H 9oWVZnGVI#)N,-kO7c4PK\0IP:ux\Z6TxY]IBuU2`YV\'R!F\0(9uug3yn%EUMj%a9(J\\v>=Lp\'sX{,U0g4>e9e$M6 \nTpG/_9Rku\Z2jRtF$,R br.lSs0DJ%j\Zi1\"8)#weBUuw/[TqKutlVi8!|I+\Z\062I(>Q\n?!3*X4.<\"[tdZ:\"3I2)0@ugb8\Z+jvKriOWL 2hv#b2I$]gL%* fw\0}(4l8vJ\0JE1e,YC\\~[jxQ\Z1f?\Z|B~+\Z \ZImURje&`v\"q{&I,Q#$,\0*2n_X-(.$,d ZC\"]F@t\r*AK\r/eIzz	:@ET-X]3P1grW| -%63\"w9\\+hje+-MuMGy!d. Dv;a#WbU\\UND<:m(r++\nK1_!	6:*pKu$[\'p$H Mya#$\rk$M\"00%\0=EE\\	7\nmrs2utNAQ&5XyOo_\\>H 8U1<ueU	,R~ ratQz0`AJc\0!?8-=ALArVNKCn9P3I	@WSj	Z1tA$@\'\\	 Ga\0{u&yFA`|#Ke:TW\n7Y SPSbp.R7vGFiIP]A\0\\wik*($TQ1f8C[ \"P].x-	 0[PK\n%f\0',2,NULL,37,NULL),(24,456,1,1,'2020-01-19 21:21:16',NULL,NULL,83.3333,'\0JFIF\0\0\0\0\0\0\0C\0\0C\0\0\0\"\0\0\0\0\0\0\0\0\0\0\0\0\0\0\0	\n\09\0\0!\0\"12A	#QBaq$R34S\0\0\0\0\0\0\0\0\0\0\0\0\0\08\0\0\0\0!\01AQa\"q2BR#rb\0\0\0?\00/I vAf^.p@_s\0rb3 x]O?X*# {:$dX$H:\0D \'<y#m2\02{K:!U]`t$`|FlQuMHz+LX`YpTn\0$6P	PDuJe;axMtcK.+\rd>iY+!@Wn@e!F0F$\0`\"\r&If\0DN0!f 2ycpgkDvq#F2&,\"p;`WsZV.#*2m	|\rjUq\"gdI`~a$[e\nW%!wddDrf@JY\':|#P|mxf@z]pD\0UYHl[e1x^NPn86-$A]HUY\\FIhUG@ 2*\rZ,VeT\02YV,X\'}\n5\Z\n5Z|Oy,$yT\nE*+N~Jpa{G\0~x\Z}1+L&\'`/cm 9R\0}?TN@(e:	5q0+UR\\PNRE`+k-|c^  25XSA;`aBG \0I\rC K\rv\0nDz#\0E+*}Fu8F6xLt88)AV>T]z:>c8jt:AfR@8e0@>TV\"\nZpJJ|GX|[}We,]	!?RgwM\0@!\np\n[rI42T#=1-A,u	>`11]o\n1]! 	\0m$[3i+\"6#\n0{\r]rG$aBp@@e j9b67}?*)	q;}2dR{nPU|;_deZw:y\Z\0vPAf5\0%T]Av!$\rq1rl|%\0cZ6(#^=Rwi%\rFYB:HI	P0Q+:-)$\\b}5fW($x`b	,7%ye(|@\"\0.@F7Bma\0x|~pOYt%|N}38#*O8lH	`vR\n:scd\0J j2@#\rc\rb^2{Z;wJ1L2I#F\nT`\n6SX`-$\\>@48epTb|!;\\\Z`: j5vg1\0pP\'dAsJ\0H\0wVa\"6\"1N#_lfT==  ]od*!:XeXarr7kUI;jFXFA,0NOT)	0pApL	\rmUu-\nO;7}cJ\Z&?AqJur\0RWEUK%Ab+[lY;#m;x_[HcaMA\Z ,LH9bWP0G\"1`7P(`>\0D	_y?iRmyb/m=#OpOIwlaca#\Z[tP#t`|#SPt\'RY@$%aAF#P[\nFa\Z1^@@@/b0/ xT\0P	\rS{~?UB2Tg*r\0iCr:aKKa8vLFh2=F\n5jdFC9bOu\nWf!X,+kH\nm#4,rv60%V g%F![ :ozj|m4hf\0:u ]5.GUB,dr>[N!m\rs\Z\rTCs_aS#\rpjH2$`t)I+	umObhNB3\0]X 0ppVS4>	m}$mQQw\n&l6{p@FJ\\Ld)vR\0ss?b-v{c&O3X3q5S&T3\\?`S \0;$)SP$\rzI_FdURCaGJN0Y[qt>2C@I\nGxRq0pqM_CM]xmm Wdc,`rdz2$BA \n h!iR@1\rqUj\0uT(f\0% !,33?(ROUSVIrz*N%\\d3H+J\n\0$#	?;}G;$GL,\0\0)n\0#J~3AN3\0OX`,\ndu\0?^EC#{107<b$#?nv \0gq2!3^8ARNdc+k\0\0Vq\Z\nl7g>\'y,7xj5G7\0p_s03r;,r0J\0{8#\Z1&!pp*\0G#bA!3pNc\'\'YZtDF[Cp_mT>^TQ_\0G$o\'kaSI`EC9H\'E\rE#K1a0U,\\Vbn6K7k6iuKeZ\rNIZ/%xSUD*zxaI$`c$q W]^=S~A\Z\\2=w83)`*!1|z!pv%m(\"@apd6A$j\0V` T\\-rXO	i7#Xz#SSI\0w?IwJCG\'$3uH\\TIKLZV1e_tt^\0U#`?9P$I:K)lg{_\\l~IIxh\0\0hP[ +Zu]p0;=BQ]A$ 	&/?r$e:Fx\0iSR\na!_z&vclWWv-\ZSq\\mWfjZ)ISIZY+r)rRT-<`e,pY47D.ib@1 j6_ldXFJu\n+J5]UG,2(\'`z:p3\nAzEGS%7YGKmR6FUZ4_^_h5H9KmDUTu	TJES2:%9muPNc^k+Uzlk1^?j\Z e196M> Q\Z$ybYp%U-\0\'rl9Bz#F`VDpr	;du	\'7 <}J`@Y/6>Nt=(<%f\")5={t\0$[Aa yq.GCcJl1\0{*iKMPJ\0|vHMUD\0nLS\rVm(s%\01R@`6f\'P^*2Lc$*\n5PQz\0/44\0MIB #us8^/c36}[:\'3^=\\sM4LG\0+\ZNNfT,)`h\0d~>VT@6	7 |pGdg#<\n\\Tx$0~_^jKJ:	^	H%F@OV/t5T(t}utUP-e4-R$ISW4Fel/Sc#G)9b\0h\05_VJiS,1^D1V@0vSaIDD5Y\r, Ls{tHj9P!vD\n$$F@2U\\NV,\\T[h,R$w.?Sb4+/P%lf$Hd4 H\'ozyj\\FF$\0 $DgI%|cY$X!CaH#^W	,Y _V#NY+nb=$p\";}!kTMQRNjhDQl%R\0dW`u>O_9usQ$z\ZE	Fh%qSwSS#%-5-U&\"KL40$D7MIl(rMpU5:&,%ET<1^\0X@dvy\nt.\\D_OoOx5vX*rU1/_bf&%0 	0?,6J-|8MUUkkfP2QykU-,b_} )I;n\\PK,6dSC( Nf\'RK&G#3r:k>6c8X\\S8bBgzeV_uiSj??LN\ZX(6y(	3!@\02Hv c_)\ZM<i*OEQJSR)F_&C)9M[1Dc\0	\n2KcR)ML\0M?X)+~5hrI?Fy%\nFG()Q>$q6$0%rTAU!yzQ?lejOf`H${p\n1k?|AO~c\'(w\0UCapd#PMHW\'W\0qB\0\0P2IU*sIiIGULT5mA5\\P\\QC\0[8b\n$Pq\0(Ap3\0[\"\\L5ZOB,HE$:qq A\07I7cyW!1=e\00@$XyILP;i)Oe#=/,I&w\0Q	=^/ q!xv0{tuF@\rn;6 	l)0<9uc\0\0\0SQ.JW?3O5\'\'\0)3@\rVaN@9D*D<H;EE/9F>lz`d\"%\\4\0CF}-wsiLSSV\\N:`@pr?ykV;4\nz#/r`}~#P9W+2S:FaY}3?M9{sQ_h)MEjUM&BTI 2|\0~y\Z9/s1,ujFH@&1HV\0z%G,!r1?	@*$n Ov\Z1$a$\0gPX	I }lY?HD:t\Zo(W%q]+:eU_\n8%wpmyTKN#hn\n_O//w[u+\"aur\0RHv9`tb7IV2#/*r_]hVP&P}a\r	w&K3@:CiR6c;cUY WtF\0F&O($$IyB^g%7;(NE`@0iIKUUF)GvX\r(l_sOb\'J~`*$|@\0HG3bi C!`Ms*jH;\0}o\'\n\ZoT]UR+8^Z8<OYPF{T[`zs u@B31}1+IP2~C7	_\ntVlME5HwUM	TR_Ao>Q=N-%MIVGIA%\\) \"@t\0|Kdu\\jNdcY6n|/9/(SQ{M(jUHA<Aiu=HH:[;oW?0CU9kJU2H:]I\0de^;0>e	X)gC.2J4UTDB9$*;\"o,^wi@\"$ITudATSxdp?Hz)[%pOLuvF\0\0{\'m,B	3~\0;wk}^/cy/R&@?:c?j$A,X\0\0>F^uyUTKB:98bs=\0\0IfImDG3[Z\'%01,m`0,p`16Il&\0ilINUt1}2Y*=+ZP}%IA\0\0[T*T=\rex6q\0QQRITfRp(Q%;US4%aU8grp2~KS46}l;cTf>3ZDe#b\0*_0\"fR0F/I\'(BA{cm####KBDuC	qu2	rgP]!d=W2Y ~[~:>\0<C#U`[?%\Z;`Uf8(%-pEacFSMPXh$6S*C{MRT.2u;g\0T25pC\\pIrH\\;`F|n- T(-|oZSoO\\ZDb3F8_XtIj?PtAZ\069uYGH`;$8z/jAv4z#TPdhPbwe9P<\n7\0WkY(Z%l\":Z8`O5,r29@xzm\'I5}:),&Ckv_/P}ATmp]9*1f4{4	lw3aYh+d$z1O.-cnlgU-S8Zr+mv>L+00|sD{24f\rtp\r@W<YD1Pr\nJU5]	j\" j|sz/\ZS(xTIcGv\\8B\0,`|\rBm 6tC,d+\\?&{u\\,e%gFgf8GE++uNap1yf/ qL8^*4,	coh#`\0oODgJ\nb\0?J<-jdm-knm=55-DXB-ULf >]\0|bsGo\\ip\r*:U\r@i0PuD \"qb[(/l<(k \"$jZH\0H6:&\0?oQ<tWcR	j\0	\"}gZjxfULQ)Ht_S\04Ti\"Hok^~u5NQZd0\rU)/JY!2@|8,\0\0}? UPOH2XN)S_\\.]-$LQ ef*w\nF`.]rMH5%dXl`BI+\0H;BQK?,H:oiV%LZT\n*G\0<&\"6i.P@m\0PC\0A\\zur,fK&WeuP3t#_`WUQHH;H\02B`\nG f)Vhf2	ca`#~ErTX<>&djYkwW~Z)C\nZ.p[zJw#\"S\0S~zZ[oT)\\Hr1%1\0!\ZGOLS{m\",EdmH]}	6s9 C\nYK#L\0E\nIeO2T\n Op}:\nL5F\Zwo^dVjH+#+=+\\jt~/vX#_BTlXFI\Zn}mkb\'`r>* f/8BL2\"2ut 9Qpq[TuVm$i\0\0q)@wU-mF_o.SnhKQ[SSh]4k$UkfoOo:Q!sWh<+Iw%;w4G#|S(,Pn~?$.^yEirJB\0OXUQ:V|gV\ndX\06T)4rqF]\n%uH^@L<yz(X]\"If?N?`@ak3CWAIGzM=8FKP^/vaAMuV`U>VF*t)*)rv\'\'Qj-1tB/aj,)Zex\r#P(eh)(sU4btYi:)P2P?,G\0s_gTWQ~GmVUhmJ\0}M./ZVV*a:Rva{g\0s1JeS@`LCDpXv3im#?9JTHOoY=H2xuHuN\\N];+$<w	\0jTnCe akr$^F_Sxy\ZVbBv\'nb@e+17REgWzI%:]PK2YP\'954Q2\"TDasPHxDM;\0&Zi	j),#Tc)`[2,\rmY?2$gHy3>,q/9Pu&)gY*Po{bqI\'~K\rpkS50y5\n[@[JI-f=Nk(wp8RoR@o~C.m{HdW(}p\nA\r\Z^vu[,Y[X\Z4Pz`F(GQQZS+dOm!F,>,Vk@}>YbEI)lMQQ8xy\0lV9{<RKr{OJ%nHW\Z\ZH@wSHOj7ttwQj*+anpW}\0^6\\UCL^0_X^8UOwkOSPtFus,1>_\\&I\0P3eA([/9_HI$1\0\nm)!@Vb[$JK^.HSw\0\"	66\'#%|a(ZdV!Hp3<OqWb4jD ,C1 u+ebPFLBAwX%_ ^%R6zi\Z\0SqX;c=6`\rjw9?4lGc,~T%.	LNeM.J\ne]hT<\0x \'\0E1xU\\1Q[co!,eur#!#dU2+VMP*N\0QLCijK:F:2,W*\n*s6v aaD&jurSzzCv<FTm@9p8J\n,jFX]1*T?8:\rEPRB3Q:$>?7:{UNv)*\08)D16i\0h=V>S)L74\n	1ekv[J}eKV=N8EX1S`I=kA9J8C8r!$7}TH@_{D}<R*wGx!s*$J8 X1Yn\"z\0(^WM$+%S3NAyH\0>2U2t``S85QEMOI	4\0*]2T UPw$1\"f86VTru;W:T@\0pxNj3b*Vf#Oq$BG\0r1Dxr\r<D\0SJddsc|i6@R	0A@~Gl7b\n:?z:Y\0Z?M>:/Q\0t$#kMleSR~ tw\n\0aKxJZ`	Dsr8$kYDj0}#?g<~zz),2&Y:*r1\0> )\0&Eo!J#!\n$q71j\ZYjiDK:UF$2H\nS?O IC2C{l4\"Faf=\0+8^,4IOkIH-T!	S&OLf	3yd%w*2\0\rc`)]X,F\"V=5Ms*Xn Uzj\r:a,2!bv\0$k~6pJXjYR:RQ\"V	\r}m!I/}<4r\Z\\X`pt\0V\rrp<sz-|B8i`\"QJfZ B8\']L)4UejP2I!X~q8sf)&Z+,\rBp{lQwWY8#xR|.R9[P2Um\n?[w:E:c9reV#u\0aZMl:9m\"\0@Hj\0n;ZJ;\\$1`K$M*@!vMA:xje~zP\0A]Z!3MN6G|EnDn{a!L)V)`	2IL\"zb8@_c&\'1X*nRR_f~|VcBs@u<EuR\0\r7{~w\\W \0d\0[_/%r[\0d@@ $yvdA]F3h\ng].g`@)!I7CA,\ZX*~!He\0/?hQ\0	3o]G]%B1mx\00oUlQOwX%05<utp\0<4Q	#65M2=IC\Zy\nXTd{ \rE5!jn-b5qRdiB\Zmll\Z[*ec9Qygm{A\"dP\0h4)*VI$o83y%CSD@0C\\I@\')/j$xq\nTDP\0\r1	j H19!:**9V%	}X@5os\\T`\0Cs\r@`\"@KzL0\'#\nu#5TTiE*691\Z\r2=(f\0JkEy-GP)?*7|H}VR-\nA`U8?kW`]B00G\\/eC\0@$;[o)&E%~Yh11kz\\V42U@`{\0 q\0,|y\0S\0#\0 {qr<s=[b[lx17pWxSs\'\0FF>Gz#\0\0?c<;0[Xi \06|?Z:A$[pf_D1*c\0$udc7 \0nz8}\nwW[oF\0#u]2\0HS- >h@<Ep=	1R;r@{H6	zt)OlDUdeTs[_rzSRD2;sT\0AsX?x3^>y-#F[iI~*LIFe\'[nIc!<*j#rU>XwP\' e)+ot(N8H<wuR\"J \nG=|x:H[]QCe9:c\\%CU\02[nrGIi+$j?~HE @Q{MyvW(\\((\'\09=g|?CoMb;eO5a,\nne O9HH\r,b	>\r\'\Z_+VRhPG_|\nw=@o\\n,\\E4R;;KWHHr8YbZ|@JYRMf??fPRx3E-mxd.sClt.HgT7vH%H**IXsFB``w\"\"\"7\0nP:\"PSAtL6&C# d\ncWBFf,FdgWF]%+3{Qfl`lG8$d,*p@rmcuT4\n9mT3lFl2[U$R\0@P,v_r<RSe#K$X$<^&M\'AlIOn~2%J-MaSr?e`EM[tv,Vdw>p0H}Z^5!U  j03\0v9P|V$T)>{FLguK.RB-LbE\"\'\rVXQCRT# 0\'	x@UcUPT@vH8_gu+Xg,o#eFu3z	W\"r;^Gb6IO(k=sXf4,RJYHEoI#ApkhEpC4biI8pBo)skR)YXVk`Nc&we*jMHM%,$T_AKy k(\'}1cR:$rc\Z%cR@$)\nd2{V\r:ER+enP\05\\\0xXYNWV*3B--5ET\0\0\0[Xlf2_:4H`IdKV)?C!4w\'T \0(/\Zaa1Rp5YmR!N0K6-M b;#aGl:	2@6?o;@t..*0TM\"@}cl-*$DiaOo20\0 ~Xp_[+pN!`q.BMS==L=<K3Dj~=\\z1.p%zs._P+%:U8YYEl;#\0jKl`n=7O<`S3VJD\0r_&#@@9d::\'\'?oL*WO};A|U/R1HcX\"e\r FyY@4Q545wJJ8(MP2L<2GcBj$[vi&1e?\r#tT6j!`GC\0\rlZEy,*t]hjSE]PH?	^6q5OXW5\0\rq*k|\nnqQX=zVmk}$1\\-EYuGQ]45u~1\0X\0#k{k\'G@4*#H!yBTa2aH,|;~z)2qI\"CI0LcEZm\"1+s\0jIloRIRrsS?cMq\"\ZE$TM=X0\\XXdNGMG)	$RK	E*dYW@Q\\A\'r2 oohs#I),/N%Yr0\0 x0{@aS,f$T*CK]rF$L#EEe$*\\\'!19G2m!;y\rL.r=%gI&$\0LBfMojR\ZF[oBkUY \0K\\AbAPjG`1UR@- WshI,\n\0f\0F_8? -M[PAh1\rK$1%LS\nt\"XH\'s~=^*puGy\"v%	\ZW2$(7\'^2p|OxU(,yoi@$}\'-+]Gi\06U$up,1:=S^]y4qAT;xfzWVDM\'3\0sT>O_,BLb7xLi\rjl7$mmaH.~jIkp\rm4dHas9?;}	J>w7Io/3*z-;+RbpGUx7JuZ	M=;{\rL (\0}+m)ehb_Y/19fUmYr\"rV[	hV\rMHiO3EAK4A 2\r~\Ztg.Zh0@y17O\"kaQKO*(g\rtSo#o$LW<T3HAtII:T;\n\0J(xu=3NQE\r#9R3>dN~zVE;S3{wWB\0d^C\rTmV-Nq!AT&hWnO}1P\0F:vK=Ov/!GYuU8%P_^X\rBc+~g2g9EM$GiH>D B\0\nf4\"j,/\0G}nm\0JS.*xo3X>8U/W{Ru%Dx\0p2}T&Fow%\\yRUn#I$lF`I,Y9_hY<SmN4F(%yfz;a[M$ElC`0g.g$+3hvJL\rT\ZVo\'ES	LZCI#kq_C\\uHl>O(QFv\"7f`T+>@icpOr{c.!iJS!eT,IJ&Xq\",$#]T|&`m.\ruDhqN+H\rNDm]N=WmPVbw;X_\"*#%J\n6k=(\"U2.vT	<TZG%[=\ZfV6+C$SE8&kU*c)\"0mK_+B!fEa4\rQOCyUQLS]ybPSQ8YuBM\Z2DdB1SVR@a59vnV!v&cq\0Qy\0WzUfK0%fPj.D2>7BJTUe#=\\j=/^\'J2])\Z)2TeYPbo%T\nw\\S2E%<]T.I*8:t|u1+mQ-%ZIL2:H\0>s7g7;SSqGJKHL	!|K#p226.VrqH$\'olN\'Rh%ERVU\ZA_>JZ73=R	eL$Fu};*[TNQJE<qM3,&)8- .TU(G\0a$AI&X<1[KHbL@{e@;`,FrBl1zRNN[fXC &QV	*:uS=bZYc,u\0qmNKCGKA,\0\0P*rU`1(\0$	7LP63673|d[ 0Vf\0kvIS0\rWa\0pJ\"Ic3G$H5HaD%(pzj@mTdZu3	?X\0Q`xE6\0>cW5S:V$c.iH+lB#/.$a#1\nRQv1p{!0*J%#?yu\0?n[]hVw.[+\'$ Hn5^^@$lc`PDxjzTBE1S	24P6\ZU\"3\n/|WUTcF.i$!Ll9(mMnD*I.U#/$cV]wwi|,[ec[ q\0lZ5*j\n`*cgR/m.=VJ?KHmh24VRYlH\'8\\0`	!A+}\"d\n	brs\Z /VEH0$Lq\0b;j511_9lXR5$\ru[m2J\0fQ5m[~ruUfz4x+LjI0}4>X!7ic=JH\\Di`H6spJ@R*u`U\Zgu.v\0!~MyMzr[$+[n5LbfRRpA**Hv5%($2JBJYE3m3A\"xs$\0X:Nj#)0O?6n)BD\'hVi$TuqS1yZH\06+m1Su<ZyL5h\'K\r06\"`_oW&{]pu9mP1\\mUDHj.K)To(w[mj[/~IE=<w\ZF9p:W<eiSgu/vQiLLVjcL#uye;OOXrFl2rb\0$ZA;	 (Ve2XOkYrU\'H\"R}$q{\r|\n>,B!~EK1!#`q\0KE`wgP0:36Y!oF\\\0$gsD	$rUI /cUi(q8\'6,PUpK$%X|I6OVr9%dI=b\\JgPm7	2bF4\0X6	PF!:RA\'E#R4\0a\nxP0eJ\'\0PpTA63&U\r$/iT%snR)8,6xP2y	?RW Irc}K#2^$~@n>I+$*Ojh','\0JFIF\0\0\0\0\0\0\0C\0\0C\0\0\0\"\0\0\0\0\0\0\0\0\0\0\0\0\0\0	\n\0:\0\0\0\0!\0\"12A#Q	BRaq$34CbrT\0\0\0\0\0\0\0\0\0\0\0\0\0	\0:\0\0\0!\01AQa\"q2B#R3br$\0\0\0?\0Q-$\0Cw0\0_Jz4Hdyn|\'C(P%g=Wc>A??yvy `Qg,Us<l&	B6$sx?:Y&xvD\nK`,\0,kHV%q+L-$VLTbzA-tXp\0Do;4ej!SDQ2}Q\0[Fi\0D;Gg<O T2q \rM( ~$X[UP_[\ru? XrfVW@bLl(HbC6;DJ8 \0vSUv4yHfMC\r&qyC49S>.\rB\0\Z6sHZy.v}l\roJY@,/iP;[3lMN\0\"2Xo{3qQnDB:HyQ7\nET\r `ZR$\"j\"xrD$hC;YDh\0xpap\ZCF~MizvmQ zfZ`_n7&~m)%,F\\bXH+E\0\"*s\"<6&q*\\B+\0@\0sMXYN$.#V (\rv9yX%&ZZdd9wWA.\",qHYU.2I[J8Hq#El;;g	W<FXak \"*x~;X\'JBU8^5pO\"AY]X\"DH qGl{E,@:IN^]/kmGc`\0.\0jsIe305l<Y[mNTcKQ+<`6wQy k\"K \ZQn=EY8OSIRLk@7O:`Ds+ST<]z\n`\n,KO@\r8xXk~tAt\nbZx\0c+Zk\0I,\n86U\'TOW3{:o`>\nO@`X*)Y7mZQ4<\n]bY\0q*zC$S# -ON2\ZPHFosWx1\'D\\?9TzN\"JEczc\0	 ~h#Z96R\no\\@\"#C`\n>{t\0O#h@~=($*c :\rZ5mW*A}$Z$)c,0A\'2tx@G.9/ Z$t1+H$\0oXcTAc?H\'>8h\0|Do1Q+\"8x.z~2/Ff1l@5]4A\"F\\p#-H\0\ZS6Mq$\nG-kDp!+7_6.y,zYn83%E$h19\nVrC!#s.@nI\"^sj5I=_Ea^AfLn4<n\0:v\Z:|Ch1F\\XsE,W\n`)}n\"dLfq#i,N(y0\npZvNVq]^,:m@D\'xz4R)tG#U q`i.\0`TH }slxLARc6gXL|%<8Q4S,$<7fBuc.MZv&&intxd:X32bob\Z3oDZ-~q ggXL$otP1Xb;^mXdXmTPKE^cz5A,UQdI&-AA)\Z\rJ\0\r\"s/b2LWX%,k\Z?Gp$VZ.*}R]uVgL/3|nkH\rVCK&.O9-6Npy~	\'Nr=fMmRd\\\'\'!6];#5!64pMa9KAR@\"n*KS7$o\Z>pIahl7>\"l9rH4%$F\r4=>{-#f4!T0AE\0ISaBtC>~!ccy$`7I0<pejqK>$<)3,z%FUxE b2iP\0XN\nA$XOv;C-?q[Ra\"] U%Vh7R0d\\$mj1*y#JB677M]5t+2H`\Z,y3ycC3S8q_f6>aBIg,Ld)aeI!M#jiEVCmh0ccJ1W>dQ^`s^r+\n#zpxr}HI \n,%P(VX{,~v.Z[R\0\0B8\rF2Y\"I<C0X\rt4H;\r)*uEn\0qGg{7a.~<~F,\\l\Z\rvt)&$233f#W(r\0\ZI^rW+FVpmn\0?SMx&} O1axo &m-\n~\0,PGd\0R}!Ei?y?{>\rTJz4o+\r9)OuBg|/\'I&a\Z}\'/1v^N$y0\'ri#~%|{XrXMyuN\\!82JUe<B)6*WLf7\Z<1:J(aV>2mRmBXnH;Z`Cop>\rMJO4\0bH\'{\0,@;V\njiB	\'4JpQ_<kC$)G ^5~b03	=&&0^)@pBl|rZB;uBn``w6L=I\nSu!W(4l\n\n~{*@,^Hgp%l%I$L\0q\\=#K\'\"VG3N)Im!f[8VwE+A(A5gN\'shIdLLYQX\raR\n-\0u\\Ov*9TKnLDjjbU\nLd:x6Oo-2ut\nbH$$Xb:ZF(mG<8y\0Sq @+p9F	Oa!,*!\Z_]`\0y9W|HZHf$`3[LkT\\l?Y`5)x/)@~&bbJ\\x?z5vW;&7;U<pf,i]7gf@w=.<Cqeba\\Y\")!@4HPaYzxO,k`\\i\n\ZLY8\n \r^\\WQ4\r@WR!x<\"0by3\rCL`A|\\o\'atqaYU6PF\Z6C3:3v\ZyJ!W\034uMP,mCJ|b&	hzjfdN6@uW<qXQOB0X\0hy3CVY1x1yO*3rYc!vl4@\"\0,(._P!H Ij8z%\\e`ibs GEX]JU\0 xvN6n.necYxKI!H!I#1bU{b=f\"(k\nx@62\'{Ia4 2nI8_<5u4zKiz*./	8te:w}~\ZY$|T/eV:\0}xo!Ai.Q:%q{z+pm7~x/1|VS5	tyJ$*Y9[E vYkN.I[	?mu-@p\'14A\0\\\Zmnig/[SG>]o23*%!lo/u?6D5qz\r\ZG B#4&9D\Z38W!@oeed{/VIjgUj;; c\0ML0\'rJA$Iwy4~Dr{!Ju@{w;#/Nc*KC4xQ\\Y\0/%C+!OS>hY$	9l)iAhS(x}\0tWZ+D[|&6VG:Vh\0@\0.m%li,Eglr#!yU#p`?H+k&o5wpX2/OUa\ZD^<2I*3,R7q.1eU+Ctos)R3z&C@./wF-tr=Mvv^6x7\Z\0$nE\n8\nCq\0~\0F,%Lh*qKGd-PkG:>YaM_/h\0Y(7SVV ow|EJ~Pk1k.D\"Ee<D@ (f}xs&l(@_1X{1-K!{A!$.\r4Bee,,T)f\rHcX8h|gmM \r$fvc|}3ex\n,I\Z(N\0>vn\\o}aHmj$L2``9S9qKX6G#8~)j]@G~T8r)I~}yo8k/\'jD?D8-Oj\n+fY.\\uf\"DJ*d3nV1cYyv \'V_\";k\ZC6-HtM3\0U\nkAbit$RHP$\0qr	\0&\0m\0c/x^c^:d0Q\0vtu%8l\0\0O\0>98v17mc&N$?&`7#4y\\0!Y\'4,zGK\\Z[o}yT	`+zD|4\0\0UF9QI\"A\'x-}#P-$<[n09,-Ssz!TjYIbhO(M&0,>nHFkub 	xW(	DBjQkd9 msd1PG=\0LRA}7k,@f\rJZ{L6H(\Z-\\=%TWrgti,I\'rYKKNqLe8] )fVjq\'nF$y|WAH<_86XW{V6\0[Cp>E/^hc\0{uT2\0A<}|q<j07UE\nX;IMi\ZNyb;f|u6l%$7!1KAD/F7	!Fu)6x:j(g+hq$*UC)$#T!HW\05V7cnMoG0?S\n4xkcDM0t)8FHN\rD8<hX<O-gzKMIbI0@&ozQR5Dss}^,V:c\'S+dOOW7SYGe,\'/#Su8;M\"uF\r9yv6>6Vf3%NQDTW 3}Sh~YXo3;Y$r9@nAm),zr9ehsOpIeMnOdS$3c$m\\\0F[\"CV95I\\iU(	Yb`JAu^4/L	\0lx\"r	G3j@\0qbsxv\r$0 X X#o&\0C\0\0	<SU~c?x^8\rw:;0H\0I?\0\0\'>\0A,{RS\rdt|1R4\0s}p6fI\0Q?ow?HlWd_yF{R{!Ah[R`@ya\"\0<i3,B(Dd_3S!$r[Q,\ZJU-YO7fpS#~]@\nk:Al.<-F3A\'1 Y=\0T]o.\r.=SIx<GC&a#-CrEk3DY>M=0y\Z$vNn(S$*(VJ#yWrJ9-)P\r6UjN7fey	0\"b\0$y (rj;Uu~hAH^LUVj#&<-P.]_\Z@!,y8LrcZ:tA!\n#n$<*+Q4E%Cfn6^u+SH:YU\Zymcgpz$ne`OBxhJ1*#J*VTq#L(#.J(1G!arlmW	%|h@(Cir5\ZfX!BIN\"n\nyS@Hm[V)\0Yz*[`BSI6i[#\0g5qZ/\\$Wc]L\0L$\00<HU\"C[T\Zr)i^v\0hl2@C0/`	~Z4b:jVP	xq\'h[_/0ijzy3d/#B$3;<4C1.\'no2\'^&r=JC(\nI<GCru,L\\6<V4\\Bieb1fho?9X/V\r>~LV+x\0S_=T1gPDHv%W+IJ@YElc?/v\ZmZM[	Q\'u]B%_H:/(x^%N{![t<X\'3FKJDI1rU$W\Z^4J?(WTi&uS?-\0k5mPTvM\0hPg_5>~:z#14|yN\0~A?z\0[{WF2(*e4\0 HG8X?y\0{IR ;o`n31G)Dn@Inac\"\ZEg)Z\Zd> |w]z=X.@*(UD~A \rqi1k`UP}aFbU\\T\0~x2w~;+Y~	\n7tHVYCf+-8q&P@w8F4\0v4:fo>zQ}!`GQF	:E>_>6jYN$x,JvV4~!0w$P*1_yy,YO&gA\Z\0Ab(I5<`fP*\0\"lp\0[H\0K;cc|tiB7$2~ScdfF(\"B}Bc_;`GMf42xUh<K/ lvs&prG%VddpRMQDJitz^,FxV*@{SD,[0b+U3I|JqYfbDpkwS0-K/EezFO^<;wsZa`2fZ,{+\0FUXz7<3N@h<UbG/\0 4k7-t4/W+uMFM=K8Q0S3,\r#aRuRUx	7xlel\0(pb(JM[\"Z?\r\\$VIp|:&3IxepYE7LIqr7P\"U*7BA ^G[	1=X\'c0ex{\0su`-BA*\"waN-<]U\0I||X@TCQ&$<L\Z7u!+]l\"fG;*jT\nP\r\0w@*)\ZIi|T)8@5,I%j:\02UuUM/_kB@8!<?:Sb4PJb|s`U}+1TJ=ch*nATb/j[0(*\' NyAk\nR:-+40dRIq}2KC\'J1E4\\Z@+rN(c+wNo?\"T H~<-IsYFuu,l*\Zs!bF2/(*zHTO\"0l\'[\00$sYTU*0$X1\\>x&8gnH5\06Y1\n`\0t>N\ZHAFCtm6.D}`@[@:u$u\0Z&ix5>#*\"<%i	Nh$4N{8\'eo\n$MQx/1\r!-_}(VMw\" }$gCE<o@>EUt^\'RgLAl|\r2@NM=D}5+rj-K\' I2 D(4)D^.^$rD- pr\0)Th{{sO;\rrpH&N#@*V\0uhsm+qD%=f!Yyx$_AB^NPE2D,AJbA%V>}vqVPJ\0v$U\Z8,0_DH( %z~	LVIO+\00.v5u	J~A1?V\0AMRPh%dZY#}R\n_9=\\\067gnh&M;N\0<Di\0pxZSt~CicT%c{\0@YR\r6\0Z-?L\\	F2J)+U>o6i0z3dc\0l =@[  1\"`!L--ai0<7ZHI\rIh\"oW>\\E|\nZ\n~K<po21\0gV@+fsg\Z>b\Z&HU0K-MC+z4tcNp)&>,jP\0-`H!Q\ns AyX_5V)52AHX@#`7r!3p!D\0\\}#0OFD\0cIat:ZVV\rvn b\r]5~.]jy0HhXCR/d\0w+J^B}BLNZ!0A\rfv%ggTp%e/a@14Me<mV4ui0%9C6 d__!`=gEc+~4S1\\	?\'y)^~UZ,M+M8n/,\Zw\"0wtfkJh@%\"xS=sE2u#R	lH$Hk-IKhVD<*dTRmBG\\*y0$XR]Xb!nz\ZVCCD5<F&u%Q\"\r#YhI#HR\Z+,Hi\rmOzb5kn7LFS\\|LI[;\Zh$>N+U?\r}X2#9PmGZxW?QJ]FZ	3[)RbFI~;ZW\0^Eq\'>GW+F?t`n$D*vEH],DDPS]\0<\"fHcy7FpdI><Bj;*zQ^	=V\"a@^P:6{tl~ekk*+6+hU	qSPi*D]<veD[V~G`\0Q->=o&\\msL(8F	h%\0k;&M||m|@UG@?*-wQiu_r$JiFc1WqZ7*\nKvFgZgTD,D@pIrgZo	\0h&,y_:WG 9.qf\"q$-,=\n7x_F@\"G=<8ni2tI)R4:&=_swu|7Nda1\"@~+iNI;q>o>f\\bDYHqay6\0j8y\0JJG\rxk\"\\:bVidH%`AtSr	z\\h1qsqu&)4>^41cpcLWX!H}~?+LuLx\rXY\ZGhwkdD\nif|cvm:_L_wC/VO%#%k/u\nIHi\'d`YM/Nf4L<\"WVB_HJ.|d%`[\Z\nobK\r(II-D\Z6k:6&^TyS\n9;Xg 1ml(LR6#.,}si,H\\y$q8k]{ cL2R%Z-r0P>h) 0:3)nHB\"%{G`=~!\"@=*pCbm\"=@>Tb\0\0Lo\'bJmP\0R}3x/7tYRTvd+d0hbF\0L_.Jn$V@4:Nq&8|}Pe\nl\0 ?C\n3o>S8l\r;embM>e;K7@a I?\"{Jit1PSM*\r\0F2SMJ}7	W3mq*,YiA@<hHN6:fUK*\Zp\0P?po\rC\\dkzt;;+[:nW\0$\\=Hl\\,Q4m<o AZ{&.1$\0C2	R]SoMX}-S12=\r\'R)N:kR&,E>rSVDUfU[HsP$SP\0U}>9VWPQBJI)J(d+K\\,ZZ 4\ndcTVZPO;xxAp\0>wu]{Z*(CO\Z\0&\0WKRpEdMu]Imt-WA\Zx\'fLZX?\'[&g^_rN;i785sjBS$\n$\0n7`96><M$q8tK6SQIvh/snO\rS\r{L;_%D)<*\\7VPZ,\'R;_K04RB6OeepU^RfY?WH6jrA.>Rd(P@B:<oX4A-Ib@]Gy?s\0Y]7I,\'$z9X:T3=KvN>^6f<xDmI/8MZ\0W[f]x`Ba,1ti_\n\0b=yPejj04=\Z6,9c,eDcuU$EN\'w\nGS5\n+lS82m\0yC;o8f\Zh2i\rYoSs>!Kc\0vY,iTW[%w6C|JHlgA\n__{y]D6)3vdd3|fGz-9\\MF|9gKciCPU+QQ]e`\0Ky@^;J3QP*w&ky?0CX#xq;Q(B3DWK\0T5LSd$e\n@\0@@\'_X\n8;nEP`YMQ+QtD \rZW}`R 	d]i\"6vY`\0&RE04=@V$;qc@V{ORJuPh*91$3}^qIl3J\n6{,**UeSL ?o~*JX{N< K2$QUrYJ)#RJ\r!db}2:}\nxsC2$hR!tjn1I2)Wr\0n6@4Ik4OK*M] wl:7Z$\"z3/ `\n8fbY\n9Z?~LkG^B	4{HX;wTg4l]cU3RH8>B:9Q:gL|^Xr+C-i[rQBDLL!V\\o\Z8k]zA24\n2M6R0!9kVS,CBC1CF_~iCx<\\E;^JlB#_rq-\"\\h\0\0	1_ETKJtw*,FlLmDc1DQ8q!PS02]c\roLVD:gw&zQ6)IZFOU\0~|-zP\\S}/DQuC1JTiX?$	\'uX\n)Y]?@2YSwpjban*rH`2q!N\\5cM]ezv/9Sm3\Z8\\}9e25XTx^7.C6j&`;vK9GJN^1*7\0y/zJ9O1\Z_gcXrm6Ct\\\\S/W`PBnOZ<W8T2)el@i0@(+|OcuIgA;H@GEe\\2zmh\"&Jr6>gMr;(IY=7\036lw>>&NaK3A=g2sjMKV6n8PGzg	r3<,\0xX}_!t\r`kqq XGX3}	9zu%t20cE 6\0P3kI!Fqxn1l\nb/SPD*ohwvr2`NF,Brn\rizNPW:ip\0:N $Si]FeF/\0E?2F{F	X+dE:wiulb|&DX`]S&rF@UK6Oo/Y~GJs@evJ7\nd+2ApSF\rommi88b4|iqYVg3d:&lxQN{\"\ZH?Q\0<cov3O4v>^5<uS2E-O<R7QOQjKYls&N&4TKT\nd\r$BT.Na{1:Q2rZT!P`,DC	<n-c?Hd7\0OQDXEbBv>hUzV<YJr@n71jo5\Z^i%WJ(eP0*@LA~MKJ_Q+P6)ze\r@`\\8	`J$pvqVTeVC4kEU	RC7\n(-7l**A(uH50 8;xX@Uf $f\"GFk}GR,=.#`|S\n@$IOk7|.jN\0Sc&|A6;3dsI/gF9P5Vz\0\Z0HX1\\h$\ZZ9%%4Z8^WU(O)v/.6MU=qRV\0HdJ\0\0vL9\"gZw\rcbu\ZR\nZ`/q$s7LH{f._UBr$E;y \r ? iAe^,K! 6>. }\0(\rO\'r&m5\nFzC\nxEX_%n *|Z;C0Eb`\n%xA\\516	[I WeitBkK@4T0 DjE[cN->,@t\rDc4jf/<EDfN(E}XZ%~	^\0|f:I>nDq35\02*U=*nEyT(NOT!Bv;O<iAya4P3$jGOC:iW],x7\\x*	rfPl{\"O0>nuxaQQK^*!GK\0gd]LF2z8#8*/%q	$w#y#H\nt$%o\0 3]r2b*\\1 Xq%Qo ~ 	RC_*8K\'1\"BtK\nHcOm8A\0JhP)`\Z6\0i.\r?t/mSb+G,dcCM*.i|yC!Cn;AQ\'@0u(\r	o9uM eKi4- @efr+W*ud^=hj&T#rcF]PK!^GF^#Q&9lHdh+0{A7 F[@G*`I?@t8<Pq%}\'MC	8<Y(N\nG{\0[vBkh1khVue*M(_E;xn|.pM1eIr4, Ur!FADOFjXyRIdA@N@!RH5i-bJDr\rwc~::vYf\'1H\ZBRSP,\r\"Q`\"5<3.!9LipcNN^\Zd8w4H7v-88Iu(rRW$B  (;~E\0::ai$-Tb5t	@@z	\"A<QX@\0V!\0\0mf.En%fY$CeDD;b\rMeV\0\ZW\ZdhD)($?41JScz\0$rfZSE*}fq;\")E6<LcTn(+<^ZSSPn=$\0;Nd(eA\"vqd$cqy&0CKp<VA$A*=MX[Y[2\\ [jp{S)4x\0*,\'[%W\nEHhPI\r^GbgqKR2\0o\06 8\r\0U\0nC)EX:k=*j\0_~x?T[Y4%b[(cCWb0-!BI#!MQ\"D@Oa\\E\rmO8M`\Z6Ev,?R8v&*\n-X[,8	4A`}q\n8X(6C(%\0!UUmJ=B,&m\'$un-`~i	A*Q_@6hxs8QI$\0,p DQZLeIiPE;qG~y>SLC$F*\"/TJG2x?q_kCPb/T5\rDo$fUT,fBB.!]Kh=92VA X d$OM@HH,9\'c\n<%sf8q$@\'617]|>Or?FK\'Hx^zjRH`z	$\0uGJ)5#((b$n$ k~oyO$MV\\\\\ZI\rGP\Zli_x^\"k5\'Zc#j\nm1wKmiztm~I\ZX4o`iHeF~F!K.J6=9bHJ}v7\"{d=O%CB@[LX<amYcPYJHr*[^E~\n~\"[s-`M\\l	;V%K%x^:4)Vxm2X`$)L`=ET&\niG^9!!GNBuv\rx^=\'iRlBmcBTfYAZ\Ze$0?r`dLH<z5|W1#I$vo-I\0\0&w>?#.z7\ZSEw\0:/d*JdUdPYx^#tUH!m*(fya*,R$A?x^  {ryML\"RI\0%?',2,NULL,38,NULL),(25,457,1,1,'2020-01-20 12:06:25',NULL,NULL,75.8929,'\0JFIF\0\0\0\0\0\0\0C\0\0C\0\0\0\"\0\0\0\0\0\0\0\0\0\0\0\0\0	\n\04\0\0\0!\"1	#2A$3BQ4R\na%\0\0\0\0\0\0\0\0\0\0\0\0\0\09\0\0\0\0!\01AQa\"2qB#R3b$\0\0\0?\0K,P*?D#0_t15}Yvow] A%Of>)c<r3l\\Dw\nc!HUKQ*`Y?I+w\Z1Se*2H\0:x AB\"Lo2\0\0:; u\"K$d8nfwmv~VG6 \"FKSY4]4aT+f`6)#)f(J\Z_d=\\*bS!b\0Qztdnmp- xhqq=\'8\0LH;l$_^:7DLdp{&t?M;6@V*Ju	^Lq|lT$\rl_C\0.j4]\n2\'@?cZ\r\ZDE_Vr-&J!L0\ZA><XVXrQHyJ4N!*<Mc`A!,SVruTBHT`8~Z>HW\r`b}\'efq4\\Flpzy#pf?*\0$#BGVQ\ZyX\r`a!\0xV>U}]IySj!	L#6VG[R.>V(@.I\0We]aR7fAR	4$YQ,n@I\0821^c(\0^\rG DZx\0IGT\"$mF<D2$n2\'o3H\nl:\n2#z2X.}2 Ua&=skW@^Fn~p*H4PRFF05 WS\0?6`;Lxr ?) \nA\0Ev?cw)q\"B#D;TeAI9|NQi3JLK (RS!s24W\'*!uVdid2j,b-T:pc$]B#,vUzI$J7ANdmq(q2bgp;R5H&2nF$lQ3eQ:WK,P\r$RDdU*cY]^v\n)Ts=F:/Y`JV5e W517n9B`\r#oY$){,>#pV7LzrzA!xLJ/aFg,TNbb\Z%\0ay$\n:+FN7\nwZ\re`\\YYfnP=6gH1`NpO[LP,z ~\nj$3Ow%I,e!A\'ud\"oWe:bvOW\".Ls dtV9=Ve4}5h>[0 7oUYJ*-bjM!whT.J=.dY:b~]:^H]V\02[D\"10o8h`Z7\'0$hz^5t%_>VU*2twfS<rt;}IGaZ@EC]@eU#vN\0ExKL6DlRqK cYT+\0i74Oo\Z \0n #ESz`	\r{k`3bX1G.P|YeWqrZ86R&f++&Uw!e@HHNF0Y@Ef=T\r8@,FUiK}7B<N{1F/b\r=6h!{o?Y3S^zCpO\0x\'V\"\'!%}y=qaoRbnopWXW1=$U1\nTF\"RHm!c+B:V?:;4$)\0G(M+ hEdnO6\ZF\'co>3IbHbui1%^R*yzm2=i:COgj*Gs^xhMd	\rF<5PLvA\ZPG(6tt@Owdz4Lk36o#!C*\0I \"Ouv@D\Z9W`bP_>9P\"#\"7R\0<*c]\nI&mV:$bVB+0]_F\'m?\"\nBFd^\n\r$`/W.#4@iM}i22&1kqNKTQ?]we+1\n)*fW*C*y\"7}\Z2F6b0Am!<LV*B?,lJ|o6rUR}h,Vu*+hR!fO\0cyPH-o)$Y\"`	G>&B5 e\ZchF;K\"[JGu.\Z&~2wA*xm)s\nU*0l\0n>3TH|x}4T1^Ba^3PO\0CMqz,/ Hi6\0({|	\'NU@Jv@\0PGy:\n7?AP[l\0RTr%${w\'\ZM@$<;xLkE\0.hiz1|CvhOT?\0U{|G\r7`~[h:@_F^4;VPJ`3,g[\07Yd#b@%+T1\")\\\0Ovw;eNV0]Z&OdI5tvef]-LoNl5#=B,I7!`6xr@VA8Q+r3e!{7aCLTkJ1HX3}[:(TS.D}WTHB *YYH\Zt,H;..q?/y<#\neEh,QdU!(++ TUNR\'IQNG_\0xx{|\'vv!FI\n+\"!U.;$0]$\0Uw- \ZgGg.\Z.~|2}\nP.,qa`/E+ @\"I*fw\'-(AXD\0 )K<#8gfR^4bA.XT;G1;[3/IFI M8\'Fn2F/R[ciSMb@ereNH`Djh`Gm$\r\0E&a3>!h\"OHfIxYWMC,{?R]g}k8\0M(xlEv\"UFHmJF)\r$D;Ou(4~z>\rpue\0XveX%H6R\r=lMQ;\'M#++2#BA	\n Bie;\0{\"2~\n7U\n{Md;VPG@A0c,xEm1@o]ejHHt\n_!Df}t^}t-	AGaPsice\0UU]N`oNF\'xb`X@#|aeSoU$Dl\0q7tKt=um;;H?%v6tD}H@n5HL7	EYwVF`	`4; !@uU\0yGHeaK(Qlj6~:U\\,	@z&BN&X^#U@\0m2zY:]nA3k31o&bHTD6#)>K1GX;h\ZH2I1#u\'QaO}C\0l=>T:C@\0@7\0Vp@O1x_2BT\'Ll-296=c=(F/]t \0?;g\'\0c\0	<x,92XtX&@+y~4]:\n1QIIi8MxYB\0uCT;yCZHt\0W(\\D#<:|df2Wqr[/zc=C-pw8Lb\rLF{~g]6\r` *moxqJFHI\0bT+P0\nS>]X\']DidIeX.\\m]u!_PfC?uB	*jFtlgc;w2q\0)b\0wqs##*ZDt~8B:V?+\Z@QCURd\ncVfW*4VTfIcV1*4\Zn]UzBO\0z0^q$ 4$tTXtM+	.USe%\"3cVR\n\0R5\"@0@WA(.T}NSZ2e.Y6ND\'FI\06=_ 8VK596g#rA]20EJq\0ouXA.e67!gIx\r,#\nG+(Ga49zfiUHBu)I	S5EdsI:@mBL_?qv9T *U\04\\\"J*+*-^&!\0dXzVml	byr5	dr{1A;a+xQ!$zWyMFAq\\Ei30ZK/ |W+Je\ZIn\\h\0PXFFx2zLEK-H3nsCJX!+_?J)GYV	P;,aN|[q{M`KPxmob6HdC.PP-QjAfK^1>`[92_eyl6hdxf)[keV8B+s=?5D\ntIr&$q\nV\0\r<v^UgL6|EU)\0j`tv,f \'\'U]`4lI=uH)g%b/Gb\nh(J\0bdZvqXc(@,Ba6P\n\nh\'{xFfj5j*Q\nI)x=NZ\'z21,P]&\0<z,cEU&{#\'m!\'q7Em=<s;\ZGc)rri_vKvc-cV%oJC~]I[H|w:K}7V\"Hfd*)Z\Z8:\\1`/&05Xk1 G\ZE@$\0$=vPrFk{L;?|4*QJF^zAUP%?mF%H9A<%QvSH*vF%]ZBlBC{\r%Be\0G eeP\0fI+=~vhkx{<bFu;#6`UXFvU	3Zgc%m- ^\"2;RLlTZ3*gP3ee&0l_zs\'=+Hl4\ZU;&9e;pe{}ZaCHm\rK	>}+C(	^zK7v.a[BAy(USfoj.?bW^nXZW@{~0]\\iRhK	+Ir&6Y/~,VxGXGer|fJVT+T.#L<k[3^b\0[LlP%`\n7tQu#Y*:N 8vk=75JqF,}MDeiIc^8\n`F$C4El\r\021YA\ZKiQwc2\'(L_\0m~Sg\0INU!TfP#72{pnZkCexsF&X*JJ5/iRi**G$)2 OzCWd%3)-r,~*,MNX\"g!gg\'5Y[9%Ib+;fo[y^*-!NK-$6/REXuBwyG.c-TIb$JS,:v+z\0Je%\\A&NdU7\'-*h&BB.HIi{w$AO*Q`kU&tNZ.$)yf.J4G7*^dF!p\"e\'33ex+EpVEUJJV4[\Z[$4Qn=Y%Y&&pXG*\'VTuPprl6FV_A=lyGbCCU\'mN\\a]-\\TLc l\ZD\0_=IL)*,c\0~<z8yDwHjCIU+,<pEF:#KYm,2b\'12G<!Aa1H\ZuNj+y7`%hwL}izK5X-U-@|\"Xgyt<\r43R\\_2b!bC+46ByZBM:fi}& fRRyi18X?BZ\ZGq?>Wr;#]31pWqJ]`#\0BqI#R3v,$<[Pq\',E- M\\*+DhO\'1<+Re,f*\"hDaG(=KEW8O2%JY\\a@uEIIy}@ur\" _@WUJt]!b.`)1qfxrxQyf-Z]NE!$V\Zeeb?c/rw\\mTjLI=y+3Yy5QtY>D2>rI+R)	,vFD<^eZ4TbA<}	8?!J%SPUL 8<c^)b4N+hu=/UH\"He\"AA>N\r\'\\|4!\"Dy\Z7E\Zf&d	soy3RJ-ZymKGmq\n2]XE1E:3:o0T9Tc<X\0MoadeqF3UYQbNi<RV<.^EQ>Cmcud},dTibu|6H,XhOU\'BB;p<x&ey\nI*Nb1,\"[(E{-\n$bci3,]+!};qu\0tK130#iexk;}G{0 WjN%b;22M#(rt?27>g\0 W4I>6/ymjILL>^%fiG?0cu\0X/+J#W_g~(m\0l8#LZHU_d:.|cNF\n9?xd~MKZY90<uXQ\ZXF2K/x.rOEA\rY,E$1\"m2[*0Cuz2:TZz2TfO\'0UChX\\C-sx%\ZB,	H*.gQ/E++ao9_&\Z5A,RA?<!Z4u+oi+h\'!,3E\ZjPp_5-\'*i#LK?kfzIHH\'+&+H@cRKfy-/fWAA\0_9*<e=<:)67=fZ*>IyS#3i&+\0cU]:b*\Z,$B0`[m:;;5j^!;t`Q.Vfu!~Tu$\Z/0R_K9:/GVVN|U:L;1iehDTVkm9V&EI&3\0u:\\#mjX$x)\'uf]G&Q^2@_Xle),QGk: :?~\n<VL\ZI\"A.#dR$@30A\"c\"2g//Tk0(u@$z\rp>V?]<e;Jpv*H\"vEg#=?-M\\I9X*\'GV>.E>`|rby#qM<oZ.Hp\rcryIJnY[qjv&\Z}%3 \nU\05:P+hWA  ?+Ub-2hjL\r{c&F5sRa\rhlGZl1j#%2cvVghE5ye5~#5|cV\0QKmn+%dX5%\rXgk3Y7Gzn5N<EYOH\rYlzs9I\"`A[i up@ fH%|`fxr\rZ@0gKR(Vp*MZfqx\\!Z(H+0GyE$\n*UPW2vN?#s+H\0R!xdyr,G0wGFOq2xW0miz8&hiUNp\nA$w#TbFe@W:\"A3r_<xu{9<u6j<R\Z-Z:VdR^&{*/Q\'pT)R!5g\n]VHY2k$%LzX\0E7~2-#nEl0M	.<RPlGgCe.5\nc,C =\Z`:GI[T7WP1pOy)YvS\0	K\0zHJ!:]G$  2I0\"f<xJUuqHrAO~m-JxZigrHD		y6I+@U\n/;!_2|uZ1I)KPZPEg -5(HIpjYg|fL6RAcvQu*M=dfiV@f$+u=Cc7y><+N*oJ$J;+fK)WRfyPb\0o\0e#}E\"yBm\n$[+u/m&KO\r<vZ*-If\ZJ^YQz\0?&yqp#|8	g!g!PC$]Sd*&=B~n\\R^_`u%x~5]Y,H#@t`FZ9MarTbu%JG:\0Ic<MRzkNt!`Ln/E-YNW--x!P*R5bnE10F~e2V4bdDl]y2mf(2B|l7&)o6V:\0;[uo\rfRO.+cQ@ k*TzOMTDv:=\0A7NL3*1(I$A.@zRhd`n&x @R^FWhlG_{a9o.I$X*Q#6GACh\rz:xy1$%xVXB2IES~W?%b:}:UII.{wg^ZJh.\04)`?/+\ru	S\0Q[eftlm8@<*5Q4g2pFFe`@R1 ,;\0>[508ksfGR\'We=@$Qy\"*-@2*qxYJN\\	(AV?^Sfp^L3Xqa	X&+\0vcA8\0LVB@Y6c3MgZ%CI2\"Ki~Zz2$-\0B<xi\0$\n|E\Zs5^a24$d64S=h$v2;*l19<g+JDN\ZD(8B\09RRj*U$m,\"b\r!QAWJ6*$VDI&vU<^KZ8=8u(P)w,r,gxlGS\"5>\ns+$M.1D-#\"$]i\0bF7bT/VVsuORoosc2+\"XDXXn6C:YJ|I@Cuj|\09:O\"WVpDv1L:G;0=2t3v&Wm-HC}XeaS,	\"=	_\0%0\Z\0iaM\\46\nSDEl\rRL\ZJ\\KA5[|Eg\r<VaB5\'vmbB~;mM[RnzaYi\'X$t?)\"d^Vh AT\\&x4He1`Hr.X \ZY#*z>?)lyu(|^\0yI.]!R\n*Qv$Dl}\0o	>%^x<aK06@\'q:b-e*:%I\nvzP#bxo{yb{&Hu\ZkV>aM\'zXSfb5r$R6@6$/V_^{M8c_6\"u_yI#w_NZ>uVjQ/\'Q>{Y+v%*5tv\Z)\nsm_9NCs=ryF])\'t=Nl2i_,:8H1,8M j{3qtxLIF L#4e*tc}Qdc SnY1{F-E5Fh2F(}G eYVJ0xv}\" ,:mXQg_.cGi#E7\ryXI^hg!\0Q \nfj{V$0GaenTK\rMm<	vjROm\nb,4k<)Ac1<b_-b3o7G		16LO+D.4|v,C3@\n\030 A#\0|CIK~8Wv@\0,L[s<cy$uT\Z;|]rhWqWj\n`(\n-\0=Afz<w3,D#i!HQXHdB5z35Z)YX3\0@i?t\0KQJ(4P\0qx2\\qd{PP~aF\Z[51SBQ\'QeN)(iS9x~&$?M%LO19|!rM2|=v;5&YZyY$t9[q-1Z&X?$M^6Tc2v\r##Di\0yN6,m+a(kKymWy\0F/\Zi$G%=*R\ruHoUB	D#P:\'s\rNkF[4C)\'MU\0\0s{1B+A2(SJBm\07Wz^[C),r<TiWgBw3Y}i@`q6&=VeJ2\"-	`YvI&VN{!/\0|~QU+2,P]3koBI\'`u\"\'85V-Z5=5#gQAAO\\=eePI\'+HS)\rrYjcPK?`gU\"AB)\'T}\0b\r~z\"b&a!y\\{Wv3Gv24.4H5U\nAn`*tc{_id,\"1O1W-Y=:FV8 ZF*yQ\0 vAXHM?b}nU;ut]g&%(I\' \n[eTm4N]2<$(Fw?\0aHf#-\";0Hv6|VR,`\"{4Iym8FAaOnD\Z<_!rR\nQK>jF%$}O@_I)-`n;\0`(\"Ms{oJ\\7vY[4+q# K\n&T25_j*d[j	H\0zt=3k>{rK}CA_Vckf\Z\r*^GEZ9`1Y\Zsxg^V?7`/f%b.BPJl~HU>XS3*PUm:6V+1\ZXPLU+fDEpdITPMHLA#dxE+oZ!h7IQ_.G@$ _v[#!\'|oF%Qj{8WA#N^{3G}G=9j6%Yq[ewrSR;.\Z{5d`(;?SI|5o0$b)D0BhT jF\nt 2#\r\n\n1\0JF(1b0Wx~9r<r fGPQ\'(c~` d`BG}vwu=P)MM\\F*#ToN7{+O@9^{\r`{\rE]@y~RUjQL(\0i?0\0\0x};KjRZY@K\01KNgd`#I$Hl9L=K7+a$&V{LK=$\ZJmoI7)<o\r\0<4\n39,@,ro$?Du+;\0Dc cI\0qo?XeK HLK1cjC\0S:I5^%o\r(\0P?[r~H/sl\Z.2C$6I!\Z7@WGB[[#SNa,XITtP *W0`gv\"`<<?Al9*1o)&79ZcQU-u~\r#d)_/JAjdE87vA3#SZc-u\Z$KiJ+3)nDRznH%9!vx`,0_{8CG\\Nr[$JD\0E-B$s1An:IPHEcr{u]^EZ:\nYzRIXH#{a$5$B2HmlvhWD	W\0@Kmx>6V/%{se0=%GU,5I;zCE;~cm#L%:;*h%\0SH]\nJ24\r v$~^P+tCZ;@2x|;#CK1_w)8vEjiW]\n# ]l&C >#U$J\nX\0Pu]_s?!\0l1X,1[J9led8g((RJ#+ zU&,D^\"\nh.\n(%T$jQJJ,q>%G7DP\0=9@jl)AwT|2AU$m!z&\n=)DV\n\nVw{Yr>\',\ZVHl\0,CWcC\0F#Xk?\"\rJL$?f$lG,7tI@HR\08\Z,O_zKau\0g`gI!=/Y7\nH\0q34T$M+`1u>:\\va6B.[`,r3;x*d\"jo%S\'	\r:iF:6,	L+Ko\'m20dg9KB{Q%u?G7$r:q1zYe_fC2kf[e3I%(!ON\Z+N3huRO`TF2	4o2	!PIPX%&wjs^Kg|qgn,frD\\=-LMb$2Uk92^=^vJ\n#,\nA/XX4LI\0B.^x)|r/UW\Z	[21q.?	#8q_pn-\0S`!X/9^z)sNQf4R:@vJu)\"XKO0S=gc4B\\Q	 `A3j6(=uM,QBKk@\Z*ey1>MDWu^;y$1dA7!\Z\Z*6\0dXo!r.e1,Id[[u]I4,Z[M|8bF$I i?;bx]\Z70GkD;0bZMRUmF{}7\'woH\\z3IJIXP7%o`JE:knw;,w?`!LG/Xk?HCw@<J%PW/[)^XkL$3;Gx1tM:U\06<J~1gTbqRdR|1OCMWjJJ6&cga\'$We\n-`!ITJ=Z#V>l+ 9f5W$y\'9G!%~9lK+*,ag-#;U>\\B``&m\r,Fz5T\nX{tao6yG$<\r~YEXBF uq\Z=P,]~b\0_UnCn<2\0.J	:b\0PB>3YE0v2QJ$IZ6?d2L2`^,|;S#x|{b30\0m\n:^_i%52> ~qYS)[4*O>\nbrdH/U;KN?4o.m^^FM/f.[\'D%1Qew%?zpSFy5$3k\Z_d5H=}\Ziq,4ga6[.MzmJTnyzyidU=U!hV\'	Is?3#~r1Y*\0c2ET^pw\'^5R\\2nIJe%xnDKGArI	h\"ndVGG&FgR>{vu$dR7Gs,v	Q\'m^Z\05Q@#O{?Sk<PSlW$MLCZ,HDXtBX;I$U2 1!,u`+xvUP]3@S\05\0,QZ]Iz!,mZ%T$l(KY@,L\\xl7~pE76OwaS4\nG%zlfmn=AD[O]o\0O\0q\Z2R$&4czfX$Kld?\'\\T!P}?%4W\0|X<$62W\riC(c$+\'KfdE;\\s+(VK>OKf4[6Zh\\~iry<*\Z\"D$46V1cAF:n=?(c|;V5-4Ve/T;H78y;r^~//\'\nKe:)g9LugNRRGw=j\0=\0eEgW6CH\Zare=I-e|	f}3na\0	$],W7VFF @	`p\"gf)zT**6p\0Ax1\'y\",r;2J>d\\\rTl:,utkeFc\0TdUI=nPY\0:o*Z0 >YTU:\Z.e2#Zq Cj	%@0Gq2(\Z$`H n&{Yqrp.5<fBH<~WYX<+[2d\"1^\0M9OnEI\'d!QfZ<XI\raC\'df^]\\)N:(W{;C&\'>^~\ri.#^XRIf=A=\r]j1mZ cg	z2(gS2+hgQXkB0`H0@?2X\0o{(jA;O+KR\\LUSLAC:^l	(|i<;E:$A\rx8T\'MI4FnoMj>Yq\"NXN@Xd9d\r@jT4\Z#rvNM*QTQUD Ka%`f7a}Fz+Y5~-lIeGVTgoN9`CGm#]\rvI#h7o*v:fyUV_)Md1SPAmG*F%bn_hRctQ5\Z\0rI a9EN9|0id~UT!UyxYDa`L5Y`WQ~eZ,5#Y>Fi(+Gfr#O+c\'/IWTi,Ke8.K5h^D<:\'O=3jUcL. ]CL;c	`RTzUC})DO)/ZYH\0\"(>;5-	:\ZX9}SdtTDK1$n?s*y56nDfX*e\nY:YU+-GVykdX/x\0, 6mZU7\Z{^1G*YV<X{EIXJ!hF~_ ?9+V\nlz\0BD`$:s~/i/CDKubD(A/`0r4}v=*mY`/XC#|oRXJRd&$s{c/u]rt~emQh<(4R1[f/^RP`@0`	8`\ZfooM2uO %]\r\0BS\Z\\IYDdv0i|6K6G2E2)`T>I;rH,Y=i/^!	!z\'u?e2{1\ZoWr<#B:f, 6mP+.~~~t7:YyE7?G5I;46\0\rinb{: \0\'{kc^\Zv*%#R>`0T6\"N-*nA;ES%$IxHTuA~^9fJy46:foIPyq+e5d	nK)S=I\n5>t3!!-ZTf{aUT]-]\Z\"Ie1m?aa/TQTVtfFo$#dB#PH2t(G*vGi.MaC.1KP@!{2^sLLtwJ,QT7lH ]&4Tv0RDbK,^*M@	wf\ZQEmcm\"~0c.h.}(+v@=hY\0h)H+KxWk~{VE*\n	fa;F\'`ABWuN2;8UTe; !/>\"t13s3qI\'KRaTVH\nb-qqG[Nu-~ r\'lg\'~2:BChL=WJ\0N49-8X[jNOVSj$*S\"Z-R\'R|1z>5\r7:U|F>@UH\nl,`,6}FaF\\j}p\"7iqo#xO%LsHKuX7RYJ=v}sgCv&R\0g\'|Tp\\z$K{;\"TYe6m^k6YaijKqYf|MSERXCV0=]<_f`Wt$rn[5u[y3Rf:!Y%u*ARbaePHz(jUAD{.	JT^)KUi\n@?7o^!Z=<^\n\Zz)!GM>*Y0N}^G2:r|wVFL=|snE%sd1X\"k\"n1c3X\r4$%A-W_\\iqo+5jW+[Rd/Y?I*:M]@Dh.&U,s\Z(E\n6G2O\\4t1CA%^L8_C!?0THv1\0Q{D*{bO\r\08Yg&5\0K)+T7l(%\0]TT[_w\"NJ)J/eBK1K{t%0GK\0E7`N$;lEfxDH^Ox,\Z+\'$,+=8g%-6w\'_q7\n38&0V^(.U*XVHdqbsju`f#^\r\"PR$\\w8\0Pn(f\'j@?[\0\0}A\Z\Z;Fb H\0NzKn\00#y,xC\0	`\'	$$ BvP$.$|hK\0z^iH&Gl1Nd!(ih\rVP4:!<R,MUW\0`t?EzXj\0Xr\0E )%oEn27d>e\r?9f)?^Ui]\\%d^+PPuG\\$X{b%@rx7\0v\0{\'s8w`SK3 %\n\\(\0#\"Ju|,#|B]|F?U,zy*iZIQq7_RD/F4s7o?8fEqFn*3!POa\ZaN^B\0h1U\r@Ud\0!z^\0+/U\0\n`{GZ\"-lEu,.Mb1aIj3hz+X=e.Ub~+.Dy6\0aB\r|@zM\0S2HK168-7\0}r;=Yd/X])D]XR_PK\'#h,YJ}\\1EZ5@E=/KCj-+D$#\0KSX7$)U$}Wn#\0O>i#L6V\0WNfP/}\n1* GHiVQ\r;]o+r9ZH[/pCu\0b\0K*MT9?f`H','\0JFIF\0\0\0\0\0\0\0C\0\0C\0\0\0\"\0\0\0\0\0\0\0\0\0\0\0\0\0	\n\02\0\0\0\0!\"\0#12	ABQ$a3C4R\0\0\0\0\0\0\0\0\0\0\0\0\0\05\0\0\0\0!1\0A\"Qa2q#BRb3\0\0\0?\0t0 `\'I9Y\r:c*2pID8g*BgdRFxfz0*a@+0\\6.*,HUFE;3*=zyjp+#5W(#$I#ElK^PFOTjBU\0WC)e*{b/degUmQ)H]<kq.A A-\02)Lv,La-E=<YmId%sirpAs6nuM\"Tx\",VL#9A([IyjEj@Gm0Y\"=M a;#!]2H)\naI	GRB%*LKRfC\n	V<vB]r@Xb\ZY<hHI\n61WSH\"+0AV}1QC-fNJ:zo1Kz}! m7hcPbM0LccQ$eSVC$N*6017q	h!!q 3&\0gUorqbO,U{d&=`1WH>Pcv@ds	m~oMtb+C3ozY1HGU,IBUK\0HcMmqFE!*En2o\"9s`p:!D*A8;mD8PTwoz*9eD#Hu%\rgQMQ>=,.iZ1]Q@qSUGxDFTA,29^\nL1.\n\'~pJGN7Hdc!]&pHs!he-HCF$]\'DZvR<	*$m^Q]+r\\v](ZFax6\0\Z{b(HG \\J6xfzBFA\0diB7k?h$SO3Q3DIIn51#O!i*=>JE2#f\r!xYVvEIoi$eDb(\n@ VUXT\ZX\"r\0zpc=RP{AfjH022:F=*T] IcWDB;Hd )*j\"\"YVGV80v(eX-	pj\rIT;0D[PbuG#\Z)W\'U{]\0\06Zr=R+\ZE#;Sq!.XG((lnyCX Sb\rE#\nZg.UN+)*#Voo[d-lSHNCirT>2Qa6&$a)V?4S=rQ[&cU2.!26JBK_9.b	 m\')8&D.`nr=IWN*Q_y-=q@FzH{@cXoF4l+aA\"*\0Asv>\0Q\0F2@6TG&(\n8#\rYl1}90J9rFC%YP^RZ+?MbSn5r)A \r(61ZC$kC\Z;d.G&Jt\0M+Xid>}Z*N@<*v\0.+\"J5q\Z;L$UAMwI2;`,XFV\0|.W\0BF(vV,1ygbZDRDDdDe\\4#G$6k2N[/2.\\i D\0tMPu`Un$j~{RE ijRPG&$QOHE{44D9^c\Zoe Dex_hjj=b6eaE\0>1;-HJr:Q\\q\ZH;*A{dbX;86DDhMQUdH@\ZQYH+Y4l[f%\0+XePd,p\n]I==@kVGz%U]e\nLNNSP\0I *]UX11EMO`$$@\"z9mS}T:XX:\0J d:e(VRu4sHs@P1USWl^/?GK9m9O}Uby	eJ(,5hFUdH{H2$.UFdvbH_b8V?J\Zg.>;v<bBK\0vh$9Bhh	q4	D\0%bYLU4l=kg`R[T1PrBHFQ#4X-fgR;ge8dR^30vemcHS\"iB\n,2.cIGp!	\"a8E)ep@PUX*2,\Zl){J=%[*uTDn$$@22w+wJ\0j	lpvl7IBlY>06e#27qH\r(F@+e@@?\"1,9R	muHJEJx-Vkr[ 6e>WwuOe\nI&N:gV*Dd/[:#FK`\0ZjcBU<KQoJYL;lLnr\nYK18UF5fX\r`H8P}bXdBt+(02H2V0\0BOUP]m6jSl~cBA(+*2u-J\nC/64<\0Rp;H	%F\018>/PZR~~y? %J]#<]!K`L\0rHe*7T=`LX(\\$4~;\\(b U+`7hIb%ha\0xgRKCQk-~,s!$LKxUCMcUiVBPRD@8!I 44vUtDr0p\"#9z6BYaE.C,[NFl4f\n!W$!`K?\ns%SH	m|>4`,To~x)EE\ZFU.s+1GL.QgrM];`A]Q)*F-;mY M	G\0\ZtVMQB^:w\0)Fq!,?&*7ofo\0m)HUX6Xh&jxJhn=%TP!d]YA:nfBU\nSuSH\nt\\BZ5P\0A\0K%Yp(bOiZ1T#S:sF&`	,tU\n+m5ZdD\0E<[2D!#  W!x]?(u21WUd/qLiRP*ZA8 u\Z:\Z9$3~I!*XjweT~ =!T\\,T17IOUYF{t&saqQC0pfb5e!u\\>de?TOP6-lvhX2@,WB@uUdF^S[H0;.H*($0aAifoj[ <TeVW]j>YYFRe*8E!$if$P\ZP?6jm:K7lWU\0\0p\n<6@JF?\Zu2ac,YCF\'eN/~NZUV^~9d!V_;++ G31]RFb\0J<(S\nT%<pvXF\0\\F\0\\	hg8Q-p\09r~_:Sh\0Bd\0*~UofWM(ZvvBxH\\u\'$dF p,g\'\0(<\0]mJh_yJ#\0v#)8_K>\Z:z /3x>:\\J<)XbhTb6>\0#D?r\0UKk}x&ctyBaApc]fF+D-ZNyj\npMI`G$YpYZRPOF\\V*{+2.4.a8ld D<[&uNE4\']nQJ3wvjs fBpSK$1.YXHWBFl3w\"4DMu%NJ_@G*+qwOQ*w \0nU0]c_\0u7*DPNEw:V5G:^\01iRI)],>2q,m&NcGU,,X0FjAFe\00`T)vz1\'s\nwbjF2bu_lU\"1@pUAp\0+BW\0aJ\rtEfCA2IeIUF\\jKHEX\0Hfc!QbEmZO/N-GYi-Iu5L9M\'[Z*J[{3TCMA!KmTR[\"F2M]IY|\ng[K5et\0A+uzv2DZi1b8:Fb 7t=0\0{=U}2Cu2H+lw4X$5$hfn]K[kC\Z8cQKX[a2tn8G(eF(NjGX\rlvhqwl1 *[*H3(=v660mbe=M@a\Zs9EF[DT%Cb\nvXpSN<r<o:HLUA\nr,%AE76p[5Ho>mB1\0@m\Z0R	\n_5xlonYcT`j	P(`$N-u2H}BZl`\r\0OOJIQ3]o^;E3R0m^853d5jx!Td@\0$^JeQ\Z\0\0@[w\\j@c_11b0BWs\ZX\02\nekk|r]z\"\"//~c23v@]J-ael8R3/*Klf`0\n[.64RN2I\"QaN.t(QQH\n0J	rUtD/AL]_-K)/oJ+7e\\$_F*vyO 7}z\0.m(3WRHfq.ph]$d\rvU(\\R\r(NFb\n\02S*0B&<})X7L=7XiPYA.\n+G!.#\nl#(vZl\\&ovJGn[XF<QAMG\nI$QcnA~WOKGeYg%`1%:c*\r<h#Ya\\dG[v\\lw9)\"5:z%iGC*[S4=z6:3+$F1tR\ZsFPQ2iqvsuV:7h8&MM]%M0HQ--$eK1LqjNqmm:67iCz[94-+^ec;]dVCe;0n-O`X(Ji`SGrbCRWX^AQ?`Hch^d6}<QN\"&`&6V\\hb\\zK$(nZ(yh:&cQTX,}8;u8<tj_S$Wm0Y;T&xOKErCY`	Eb1 5\r2Eb}C:_P3IlV\ZJK}mU>5MMM]\r%I5\\[p)nub9K\Z\rkwv4VED*:vC\nurO2_GYn+8jJ6)-k\n?^\'IhD8CK%TMi	ji&I#4C3XGAz~3OwXKTj\"QZ=1t. s:Ls~&\'_\"C@RckTYq@vcG6WZ\"zHidru! S\nJKN%t\rP!UzEzK}fr:\nc5(+lMYos	jJhhIl6G#3Czn~?cHImt\\@)idy%yuO!Tq,&s?Xk(F@@u3N`a_HxzXTPUL!\\*D2~Jz5gsB$:M!c%(taxC.j&(qVzwm50\034wXiJI,)c_V_fu6ZKe-]MH>e9I,pG-J#y$B~H*\"H?l#<:N]^_RPt(ta;1}Z74c=SWMSY4,P\"(//|_q?/6jB$(REBA\ZW>3)-TR	\Z-fQY}0J+n\05T\02\'J:ml\0?DbY@	S_ *zuF\':W5L[-iirsHlW**\r4}dn5:+UQ\0c0oEta[yHYI@Kb4)UD9P,a}.	s\nN*[#@\0L\nVT:Z2 9Z/pQkV+!NO*knSf)EMZJ4LYMy-#Q	>Gp\\uQiiA&$D]X+V\\;?({K?j69E=[K-L>)4f1,&3EnWz8s?pIo$lIhx_\"|Nw\Z#;7	Fp-Cxm\rUueKFaY+T+hHqhVS!1\';]\n\nx9$\"{5CGH\0F\0]_SMP5} ,dXl\rXlE_k-[hbT<4P\nYB!$eJGXs\"i@z9t>eJ7h$\ZcO2n	=:=/j]4JcOkU%tZTw/P3505^\0d^h*UR$)MuA550+k\\0Fj[\nu-4fY^>#\\hS\n@3,TN}:y:REDL2zvbJEm}9CXPQDR</0(/N>jE+/cZe\ndU1@uH%$8\n~J^qjzXZs\Z\0@6(e\0;Xob	<!Nzdu:u.3J6w\'[hxS\"Y\\	BNK\r>\\\0]x\\#gS0#c[k{^)2BN	DM}<+$n}QvR[$Ne\'pj:RCg#e%,06l^M=ABF`\n-`{:\rkSVQ*0uF_\0Pr^#\"|eQ,>S_Y&/7Mch^Cqm&_,dqeF8D9co>T\\-T,%d\nY#ED?|ydUs9}*GBC`,$pxze\r5dPUOI!DsbID?dO:_KxS<ZfC{-x[[y.`\0\Z#z|,\nVxuU)p T%&1%@d1g=L7j4UophdEk|qj/$R~|[D\rEreZ)ru`M_tAFWMb*oi^s\r9>oJ%EN7\0|\\~aC0r{Ao5fO~vUyivJ$TEJ&y!$Xz+x;\\\'\02R4T\0\Zjf;e842m@<.[W&LjFEsC&#3RM\nrh{W,N,IVyld`\0@(OVrKGT]JU\nE]e}LT#i6PP!\Z`ST*nU`Fk[ aUF}\0$}i\\.1pklt5}\ZUa55}]u4L4\r-C$XUi|MM=2},T2fo0B,Bh2{q_bGdh2@c2SZ\")STuUT4i%Nz}E6b\0bvJg\0#b&Y\0sR9>v K59/#a$bX\ZMQ0B+j5DE\0U\0fRsQs9	g(kj	D$JYm0#y^v`#]*-xd*)r*Q q3w$~\\OS VChAH`\rVBB\nn;C\rdjQZBQG]Td``IxrJZ]IPtNIp]\"?\r]	:w>A-2GZFWt\\@Uv.]oM[Y$IG .0u.\r8q-|+TH@%Y6:	s	oWCP\0{\"UlGKnw8a$LZ(<I54(20g#1kjNZ0(p}mF:Y8gSeXzp	&i+x2 +;*|8&bU\rNi{\Z0/A\\I sUEoJ0JU(AR`ee+HBp!0EaBgKi/~?cuT$866Ra\Z5\r|_cX){p.UeO|Gp[yU69hG}\0| +S\ZW`}2BR?\'p+rYe;J6KHe*Dx\ZZYRj\r\"^/_?NWSG)5v|F/qU(YL_e *T>S+;4xJE32.Uc@.),W*)]I!\n`JVProB}X0\'M\\\"_:3;]L\09\rv`zJkV?|cDD	Vz05V\rIrtH&F#Zo&eiB%=EDRp%-[/K4cz8\r\"\'q6IWq\'s0Zym\ruk5V-,KM\rR @K%KCSG+RHbTH-+}EK=D,Q\"$@@7nv	=*Qr+!#=!Z.@P=O|oq^YTkE[jDB!v%5%/jBPa_/L\0$et33>hP$4TQ-1m/<fT1`nb\0Fl]]yVbJW$aTOI>,5u$\"3=\r,\n{\\\rI.	2vGC4H\\.B1^IrX#vN:dmmlB~+Ui0Pd@	@Z?]<zue]lv(xZy1I\Z9\0\rl\Z$tHc \\0%\0HI*)-@WO_13=:YKjWHSA8,}t5(W$J#m%Xu\"90u/\n=p\0YiR-<\r\0a\\8U=-9xuYj3*\'Y\0\07\Z)eic[5?r$VANsp6Vvxc=r(m3()QBT ,jcQdgQ\\+;#Juv.wv,J3]P}yY\ZD@;`l_VA]$BlHQmp\riwFpU#TE,X\rI*F1xTKk\0B\'1#k)|A*[jikJ	Cx\\x1IOI\'\n>E7	B2K2)YJoEy#mepU)r\0F<Kc<iIxTVT~FML<~r2J3<W)\\xh]*!Fu\rU9DO{v}~Z\\(hl|^w*3av.2*H\0?(dFB,jJwll.LV*IR !bR@-*Bp}Y8\r\">dG!D,[S}|EH0n%_ok+#PzIhs{}4bN.d2VQC%,~J*G\',%&*wX(]\0a\ZO99~qjTlHS%\n8C,~w:ap5YeR! p\0/KKH:5 e#^MK&bZtG<`],p5}GIiwQ20$1\\gWqnWHb9Y#n\"Ge,-HM}UKAYUs ]J5)jM+L\Z;0@gi*gha	#,lJ9M=g\"]9X2i/m8\ZzFOdN{w<te4*XK-BBkDr	uHF\0\\uB;[J-;DD(MxdP?l;t8*eU)bo3BTeF{nSj-5;A6!mbil\0IOROUIOK!;##OO,j!5[g|n/|q3q^ErY{T6|uPy# jpDWucR[WdVyaF*\Zdj\"VrBu}xI$Y@(VN~\\+M}rdsR,N^hP{vFT!\r@duV`[U\'n \\u*B2\\($AH_14b{jFOP`(9\0jYYsb@h<hB0?EB,\\iYJ8e9)+6dhe{K2@d1\\$0;W}^im?3E*zmY&v($yPq*1*	%X\0P$MV!`H<<PxfU!z1%$6HmW|:)K&t!Z4@Fn<	B~.\\C&##=^-[)%aH]H\\#({d`psooZf;<X6aTH:jo\Zn%*{\ZFweI`UH/U\r7ooJ+v:3fF$)S9T#lxsjiB%d2u\r7mW<Xuit~f\0l|{{?+~Yq)~(e\0	#\03ya2\"cKk5+P@9f\0&I8V;/>7oE0RB!IT\040;*;+f3Hn[L0)bfh^<7)IU	ORD\"%~z<?PdBXr,>p9xM!ucI\0\n1&zM+Jh}HW}6<BUpU9|f\n0H*M$a2 o _SGj}D/hurLA!r1VpaNm==)i[jkk|8Bn\"\nk\"U5O$\ZIdJAF XAq=(vg.qg oy=Eu\rZ:I\rMFM\\DX\\! \ZYEbEEHLOm+6vDBf\0fU|{iI:Gt/u}N$xl6?\02	{p5iTwHdvvVMRB\r[59E%JVOQ5cS%<*PI3RM/H0uBNUuo\ruz%5BRv)\0*]B629i]W1ikpy)FLIFb;8%-8pSR2SMDQqJ|,?U4TH$OzH392`]Wi>o>z4wk-X\'H&\rAN($0b_[3fuOUv^tb{z;AB$tUi_5>C1|YvZK>Q\'-](\r?Wym=ZXM&m 5j PaJDC\";+ATW*A#y3beBUw%p\0\0\\I(\'}VD`p>WK|ON^7+;(w^{P=8\0B$I\0\0@pJ\0#~/1~a^ap_/1EpeY\"zy\"E7GF\r,.`r&MDh8&@[l\0@V_{u;t#S7\\XQ-3^jLR,rH=n\ry5E4pTTW!\ZH*hL\Z9WGFU.h|C.zh:b+4kH\" DgD7=x;\n}\Z\"WO\n.,^^Y	b)!W7\n:*\05Ubi$P46ge(DJ])qu=\nu\\-\rc\nFTi7jL\\2=-KSl	)&4R2J82&bIx_[=,%.:d2%]6\"]O\0tE:=5Zb$[HM*,@%K(op@;*jHP$UHj)aI(u!H_eiRT0\rI@,WunT(x.~yDS[8cTw\02=sM]-^]+137<u~K52N\raU^\0U\ZE-M\"v\'i2 a0BX\n6 #,5\0Q]\ZU_ J\"H\nH\\ydvl&yO\"\"GXF/.S\Z@&L)%U~C8\Z:x$*\0==hf-aP\"7y#3J#F7/R%yj?9RTAFBwlcf.\0GY7HZa\Z%Gb|	\Zt[UMvY\01@WRU	7rt8Ul\0:2~\"Tmm+SGG4cF1:1nq#	sGz*#x>\0$x$z?PVRM<&	\'&1\07z\'_kekDl)b,{J>*\Z^c+HgJS	R$eAP\rX~*HPRi<=v7:](@r[L/|SJx-=/|+C[IKCOKF)[S2TSp\"!w#D#xYmJK8Uiva)%,pb!Tz-E<rZg,c}Tep\n{{3otD(\0NW=Lb=Vs~=\rO+\0zHN7j%xM\0tq-\ZSf+(^6\'|GU\r\\ r|:`?+\'WmJY/KU|Y}:**>T)RYB\\,r%keMp\0WVD1C7aRo0ny_9Mc8-AC	i\0[FU$|6ZI\Z5A\Z\Z.M@h^\'-(;ZPM1Ly@\\cK1*sL!.\nd-\nj\rYK @\03`Z5SE\"#\"RwgF$)pPGmX@Pm\r}*nm@B%\ZPs^0l/=*!MACX	 d`_EkP\\x\'*0*\0?g|% ~Pv49q\n{oN\nGulcc.otk-zM-mhi#4TR	kh!c\'{:)zhmV!suW^)\0;P.45bOo*#6#ho?Y?+o=3Gj)AOmW+CMAy\07ER`Y\'	/K:h]1wQj./yWQ\nHG[[`maIjj(!\nVhZ]q(B}zrzR%B2AIV=E5\'A=m3ki\"XX=\"r>-?N.Xw>GUOEYjEJ*THlV\ZcjD\"w\\]?p]bv6SMEUtP@1->}z*W+]/Q%{9<B\0uUeYML2+Dx\0X}PW{\'WIWGGjTWI]%sF)ZT$)72)a	1c#GSKN6:6KR}8bx)LjCT	u5bZ/1YzmQ1n\\7E\'[e^:,-.wA,Fe>B.\0+2%[|W	>0+oc_V\0O\0UMqYD\nJg%U6(kN]W^_HPZca=\0\\*E<$*2U\nA92[_lV*Z\rYRvHTIW!% \nEjSxu5E|/N0V,>.\\wUZS$AZ\0\"%X#RjiDj|>9wPu.=w}^tOY%o\nxaJ\Z2d};KdO$\\~*Ti#%V(RY&=;`yPl`=XF\r#0U*\0eWR)i^t\n3\0 #* QI\Zsn9x+|CMD3d(zygjy0vW1D8)!U`X\nTujwjZ.fpP$;3V\"l-LPE]h$m`\00$\Z\0\"M8ez2\0^6r20e\r:Na#hqs&js]]2}3^4}0SA+vWf`\0$,X`]`GY&9lfGoBhF$*&CUCTTRDFVm]$y\'4+6)X6?X1Tv(:aY\r+aJ,[}<7G~o%yJ	,Mg!`|`9W$9,>`jmj5vig+S2x;j`[J5}RUcR&fygf,I`8hiM0G+]SOW^\ZdQN0w~}HQU2K\'Gd)..*fr8l*Uf +;*6.HS!AKwT@v*Cy/ #RTEQH[S`~qHtC=7xxI\0	1o`m gGWfc~6\0#3T~U0*;#}\0IRD\\>,gMYU*GolOeV??g:_Dk-u<fP\r2J;%Em\nrQJW>mMAx_xu.]#psmYYWTs8sDC\\ge>/^K1=mH*eFncBr5]OJ[4p[[=\Z~7Tb\\dqFvzI(*dW<p0:Y|S[,9iY\ZF#RQ\nJ`y]@:\Z`FP [YJk,]]3D--NGGNPc&<MYIjGUb0f5E4~%evbHIb#A\Zd>@ 0IBT\0ND*}G_;WID`1XF~E4!r A`,*\'U_@a%T\nsPC,:O]PR7l&B]\0$5oMy75TUMH~K&`b2;3z\"QYP%BzyFe	\Z&\\.J\08P[$[[\\&qa!WDjJ,X:Tr#	9]M2LV|e|EW.SMNfhd]]doVVUl	\'\ZI\rxlYFKpF8!H\'UHaa?,Cmu|(U9\\\nVKnrX;y9s[WR:Q<|)]>KC^u\Zr\nzQ:lo-4pO~US+\0U\0\'r\"f*N^*lT!Z};:E:r$+vp!\Z?M8}\n!q\ZBB.CNIOWfttV	$pQS`5dZ\\@\0l\n9+>_[CirD!RvM+or!W7gW6T@OHfxj\n@BRp@R@mP@c]<SQtbmA/e$dFF6lIt-H`M{Jf9*l4l5W(Q9HTU}N-8uJ!V+c]#{lWgSV+%W[]\nh(EY\\`R^^TZ))9H*YibP+WV*yGWlT]X1iLxAwMJ:2dhquYfNM?ZURG8QTU\r*/_\n\Z[qAu7GOM8\n?A(sc\n-2HH9O0x*,/,tF9-t66[\nZcq#(jQ6\0\'ru2~3iE*r(\rb,J S}Vr[Mo	wDp{}\\{m}s&LA.Ig`S|eGBj+Hzb#\nvS1L`M7V\ZqAulzZc\'77{wJ)$%@bOc\r\04e\rl|_kY&\0+zngMs\Z;c0YV g\00Vdh_uv_=;i>WN~bm^M5eKAfa6aqZT0ceRFf$01e\0X\0Y1\n%>N.<2o[Hyk*\0>5ji26B+`?sI(@*Xok]jP9gD.V%%!u-&$\0g9~Gu#8Y8SQ)Vhd$#*p;VC/5y-]Lk p\Zg*Rs`K\\/Y2\06CP?.o0Qu,=%AbKBs.2GR\'T;<$s/Y(Gvv>9~YyiV*@p%g\ZuQ\'o#VT@f_!T**U,H]Tr$1_4a-Y(71\\C-ICQ\\<rHihmhEDdj 7|\r< I\"	XppF	\"Uj(O-y:sdi*=HWl`k||7S-(YmkN#9`&=Twm:EU|)Gt\r&j?} q+WK:R7ZuMTkF#HmZVs\\0,A>|_4-0 D;W~8qze(H18',2,NULL,39,NULL),(26,458,1,1,'2020-01-20 15:57:10',NULL,NULL,67.037,'\0JFIF\0\0\0\0\0\0\0C\0\0C\0\0\0Z\"\0\0\0\0\0\0\0\0\0\0\0\0	\n\0\0\0\0}\0!1AQa\"q2#BR$3br	\n\Z%&\'()*456789:CDEFGHIJSTUVWXYZcdefghijstuvwxyz\0\0\0\0\0\0\0\0	\n\0\0\0w\0!1AQaq\"2B	#3Rbr\n$4%\Z&\'()*56789:CDEFGHIJSTUVWXYZcdefghijstuvwxyz\0\0\0?\0sriW0K%|w4Wt3_ keIm>IsV[ihwF}?Ij$`]gR#*$oBX79bGF-&$FdMt6Is=.m>VQ=_PHM9Ec	r<Ege]IJX=5re+kv{uM{	s{D\0z)F-FjI\'%x0}7O-L0(<;2][C-/KimIq$5\0,O=q^O,z94%.,6epa{YYe_b;H\"[\"![;T_6i~imXU\"z\0+FU$GEedfd9-),3<LKQ)I[^4y8_kmi-|\r\n{=14S^l6;x|\r[&AkVtti&sbHe7pEBC\r--n<m\'mr1Wy\Zkx\\I|++tC;UG4]*+h\05}:+-0~w%{\Z=%$L\'yFMM^Iime5v|&i<Lef.7<d?4<BtH\0F4xg	>W/*#oK:\"F\0,l2>	H D\\l\0>wedR@mG#]H<(J[.j<zY{)E\\\0YcdupeHU\"p177\r\"ap&P~BDI9W\r|OG	Y@g>bT_0>8W\n|6FB0h*%iC9k_fz=kmV]4tyw.&km=qeTR3*.d>Q%A 8&N#9p<1\\1c@$ipEyEeO5Sky|\r}@wm3wKl[$iRJouM[%o_soZ.X^G~vyK5X4n$gcQ$F4XJmUa\"$FEm8j \\0jv)34oJ1RX	Ef@_2#P%yEcwV:iBFd2dvL!Ri{y{wzmvnIBQ^\\m6	8)FRRmWwMQ~,RBl,$TpHd<jZ/KUr`c\0lr_Jl1[\ns;;%t?xa0U+wesvV9cr^@B%$\nE\'W.yFM;K;JnzkbqNU9m{IKo2\0A\\1HZED,wq\"R`w4|U}i.5}(dX%P\0DOo*O@nEe \"f`g1\\gv6E$dE2~$)78bWI\\kjM;qnhHurh!wlXRUuDGo42]JdcRyTv\"#n3L nAO4ye$1(JLZAcO,(Vq(@XARF]!0teT/fu>[]VWEpeD\"+JIF~vM>Z@H`k4	#Ut>[nrA($YnYzv!**.6 ; e,Jd\rhQ\n#$0FG\\Co,1M=mk&6KheIY[;mKO8cyJN$`6|(]ZNBPDcd|\09I3MSI*q&fd6VE<h-urniN	 VWj]=%uy1[:-==u--mHKG$!`(qXI#m%Z5F6y0n]LocAUbp+-u=:7k3Z^q,Q.\Z)XdBZ]Ajp>/a4cPw^{)-{3SaeZ3pQZJqnhhb5+]=n-S0w\n\"$uI$UETy\r=	\"GV\0Y\0uR(Qo.J\0Bfoqywm>x#eLG\Zmg{\r> r[O|aq\"[D:A[r67cu\nNPO^mnF|RSzrZ\'I[][qw&/6!gswA\0dmdTbtua\ZyFTo\0$EeUuWwo@ZN$M~MWWMe[G\"]gzMhl3sFG{{|Go5;FmR42uC5:6Ej\Z6utu{+8VutRzXDT\"2DYL(]eM#1g1%,W8|sZiV5ykX%KW=xf7s=<BMR-wHNa&``^Hg]6\n*Wk+{noWk-.\0Vm4~=H+;ofBeH>b9\0\0 TwVWp]BoIX#UD*$Qu{YnnLT()\n;,#- U%Q\\()&Rn1E]i^&I7<d;C$9X#gR\Z0Sl\0ibg\'9O\nIR#X,6 ]_\r \\\0k[N|\0^ovn!&`\\V;4r:R\\{~9/!!5U&\\P.+Fh2\\b%d\n[vuVF@+omq2dB<5BHlE(Qdk|\nl.YIJ7\']vM[H$)ZQ$wic^+MJ7H\nka$\n1\rM6]cmm}0k]&EU\Z>N6UbryA@%\\!||3lKAtu#PbVu*!sqT\0SK[s$}.n$Y+Rr{7.I;JS4=v,ediVe\\I\Z)6n^@_LK\nkwc	 nu-#\":edhvo;An\n`eN[0,!aM!2be`ER*6RiftxVw[~>`,uUL~QQXy\'k5]UUA5|Q&IX$KX.{Kcat$eLhoI&hG*l3fb_-Z9#NFsXT3P\'*P:7VSimfd\rRz>|I+]^fff{y1]gsuls}\"&fi%,;eP%cY xhdA$`VgQ KSDw6V7,bQUX$Qf*~\\en6~KE;lI&|tt<^RnWCXeU!,.XQ+rX!bN\0[t n2lzfl0CHq>\\ynC FX*v\ra}|;wKuT8jNm4I-ew#l\'0&m8#,B(NBgrYkOD}M.[)RFG|~\Z[h_t0sI%HyL7ienQE?+ ?`6<k/.I\0\0FC;%%d{5&h_l\n/})+5T\\]\\#(>V%6IGp\n`/~ofEl\0;k\\lQ>7jFDPRW]~2$Iy6-[VkG%6~eq\'=w6$7!6;|Q*\\E,qKo^{mUvqkQwI=Y]dm\'oVkd[w:J-#Ybeeo8]*8KI+y\ZPE Q@F#b\nY	%Y|Q~_V5O.~_5KT+jUxgYA#!eDWady_Ai\\X\\+c;4v)\'iJ)sIoV>\0Pq2\0iEdP2;G.X\n\"\0aU$\\m IU6co(yk58N[l\\-]u\'U#_C|hc x6@|rk$4$e]zioku%Zjm?}[vVvvz+&SbN `(\0XwJy1S=qH@U1\n%Q\"o{,<r?]H>fAUlwJ8T|Kvx3|u-U,nMs	Ah_iGN~7J.W[_T[e$svj!6e\nu2K\nZy_Y]Ks8g]*O0|K3mH+M\r\'}\0\0{u7,\"o^zy]Ly$Wv]k]4K<<-,\0#*9RI\"<;Kt8$K1kfOVP.-\"b$#sGY	mRy{\0KzJM.9G?1c]bi*7[}VUfWUJwIq	H+1e H$N\Z&0HC`pHrNqx66z]Es	nKy.VyEdr]Jp~\\ ?xH2I-c\\-\'+=$z=;.igKKyzf^\"\08\rm&B>c1.)q[,<@$p:do!c#wzv?$ZG0t+[:Glkk(|_G%H\\M	l0@:6\r~mPR\0\0 | ,wnfa+{`Q]mU~b2O+m\'*Nu;;dgwKjNT$ri;Z{Q*c)\'K_K][kJPE4#[L	Ip,rrj_u\06T!J`-b<//[*0@;}><m m-xk\\ H	aA\0<|D\01\rpxHmI!kb7;+5notjCn:\'OWm{&xS?xMis&|m;M*X;\\Aqw4fTx`	(j3\0\0g?|y\0A|RkbS[\\G6{w4`[sKiou/!%>v\0\0+jDp}\0g]T<1<7Z\Z]YoUCZ~MABww]cV\r]meotdqO*2S2On@YaBH\rkI`x|?:PMBW$~Av\\<r@-99 5V,yc}\\~N]WW&\Z|LHVO\0)/j2; 7R8iY$19sy>y)<8G\\i9q\0OPN;5cEB	([n~}9999JN/Mrp9>g8%FnN\'Nlby<~:sz_9IDO\0i~$	\'vflYUL\\[zo8bH`#M6\\P?\'@T~`9n6G~dHA\r.\"mg\'\'Y4j*)%yJQ-/i=wJMc^6ZuzsYi~]WoW\0M|aAry&c0j)ws\n=4M Iu{*.QX\\[ n0Uvew$8iNQ7{ $>o\0QJb[OU]RjMCf4{6ToNpqm*O,3\'I2w!Fe#\r\n\Z\rL)AJ9\'qO4\r;\ZVYb72k&T}mm5w\08Ha\0`FA\0 1M|LxNpTe.WQKV]=5mw\'#.J.vkuiWQ~0r9=1$y\0::8G8 q#=sq\'G\'u9~o\'19@#Xt98@\0\'O@r3 fi?\nrq\0!zt\078=2zeNpAI6VPg8=;-SE8zd`99\0qqn:\Z?_z~[[8z<897yR99\0UX\0\'#q5*! uq$HcP]|?2it[m8.++G\n]Gm<[-a]\0XX;@ \n!\0\0`\0_\0\0N3_9>	R@ps[k;[ylcx![\"&dyy+IN*W,]cN3kv{<;oQy8lzI+G1\\sfH(yv$co30lG\'\0\'\'Af\0\0/n%]uy?;>bzlHg0H\0e89#?.pOF9jt,2W>FO$\n-k?;=t/UuoanO<g#DOy zp1\0\'O#-$/pz1TEFNXtI `VQ9hOA&[_O{6q)#=Px}G$&TN	B9`yNryOiK20{eJe\n8V\'s\0G4\0c0\0.I!BnB |X[]9OK{&[u6|?t2~\0Xjh!OId\\\0<2~\0^Y$``$d~\0X%2H1kr\0\\\\suG\'w\'WetNKr8jFO5w[)[9-,H\0q.s8\'pY8\rwan89^>iVWZX[Gm\0iP#evv;0\09\n(*+{7=2H9\"x{GxG<l#J1RMSu*\\K-]-]PWt]U\Zn{u}[^$clAfQyv@?63W?Vo\0h $||2\'tl]\'*7*C8\n[vhRh\nBr6m,G\nd2e@@K,S6MgJ4IZ)d$-mUgi~/lZY5bE|]4mTg(,(w\0>~8d\0mj&K.7nX\Zgb`RJpZ0[*bBX4qtNe\\6}qt[6j_VZj4VkKY^	kz4umQoN_z{5D_Oo$<E%CO\Zq`8&0<aDR=O]?cx;XQ_1ZB|w:v\\Xhfb&\re,`G$1w2v\0 aFA\\\'DkjWm\0pVidVyIg\0Oz\0TK+\\Tmra[\0>>+.D\0m _CK\'\'#F0Fr[~Cd<mT&9DX~ffz:V|Ya`t`2{\n@YZkZo+_e\01oM9\'EI\0	9T}1\Zpdg~HLp>RA?2\Ze\0c\0f]JBhAf\'\0X%RCBYcf$<2Zx.0y9\nByd;f]h7dN\\vZSn8Xh+J)R/y_[+;mwI\0nugF#ck+%R{s:3FqbR?G<qmgDDk5Y\'(XEyH~00q}v9p`o|fS]$~yr%\0M\0dXmUI;|S.8L\ZN>+Y^uqz5oS','\0JFIF\0\0\0\0\0\0\0C\0\0C\0\0\0Z\"\0\0\0\0\0\0\0\0\0\0\0\0	\n\0\0\0\0}\0!1AQa\"q2#BR$3br	\n\Z%&\'()*456789:CDEFGHIJSTUVWXYZcdefghijstuvwxyz\0\0\0\0\0\0\0\0	\n\0\0\0w\0!1AQaq\"2B	#3Rbr\n$4%\Z&\'()*56789:CDEFGHIJSTUVWXYZcdefghijstuvwxyz\0\0\0?\0Zi!D-NkE}+Wi=\\\'1Ak)Ynn!fm<?_vEk\'<)HuH,~g-pey&mMB\\^NYx.X5YH3ZGjSgjok:h??c\\RI-\'I\0s\\GP[-?Fd&5+P\Z49	4kz)(|a9<ID]|6Vb^bwK\r~q Y-RKRXbZm#YjKCM\'imoduO\'F[1FHf[Zv5\Z]iPKr5nK{-u\r6XmC&\r]WH#EH~a/yu?-^Wf[]$7W\\J}Ho_HsRtRm6WmS^GeKv63\0_o\0jwCN-jZEjV@RbQ2}oN|	m>~-<+p-\0\r,Xi|$P~}h*N\\X{U]Gdm5.`6qHy{y={M.M-I%V.afn~uom_IE7X{I5Rz5Yh2m+o}gM$[	ts_9kK\"MJE|.|Aku0\Zg&hj9$z]3`]%}@}uo*g \0h6F{) \r]KL;\0X_c$<#U!kNrI>:XKmu{#ISUk-]%]??\0[Ga:]	<\r~oor:;qdue)w ?r\\4kOwvm^Rhg^;LG@}o]@]2v<50T(,\\rN6nXVsqO7>KNWJ3kNefJVrW>GZ:i^E:^,5=W,>Xub\'m<ij$+3\0K(Y#yK0ImpH;IUY|({:n#H\0de\0`7[2pq#qHKZewV}}5NnnM]6$JYjlE2]i&]L&;y.M$\'-;vK%6\".[	KxH\ZIbq\"ad>j;[,v\'C+kIw<1jp5\0-{H%IRFB,;Hx9!67_.a,3\\&WIw]^gqwZTQjT\ZxZT6[NH}\'v7(r_^+	Z\'Zc*Ucd^j<\0h&O*DTUE+^+$BlyQHratx(VE2J<x<*7+B]F?OBksiV?4d-u[krZY2fwmz!,A#<goqMmv-7Gk(;cpNjG)}/TlRJpNU/Axo[A#^hY GU1I$2F\0pLg|<D\'6(y}^@YDq ihX\0ZX\r>aTP4znllY9[&^Mm-m<\\E=#79|i.e(=c--i*Ta$)m#\Z|0cp6R\\U;rm_vI^IJ]U\'kOTzokMqei.+-Sp,V>1=;^ub	AL5\n<Wycp2biefS mDHfPy^s72#;2\nDH(<*;\";1yNu|0(NNog++5]a\0r|J](F]P&txX\"d2l;`BMZLKD8\r-\nX\0$q\"I%f}<rH@@;<0(f*v\05\"$%Q \r`+	$U!\'ma;6jJ\Z&g&fmp*|J\\4>SGeL[77t]_gDWH\0}dRs:ad2{5N#[v)1\'+j|S;@]S5dauUf$Fo-9,N5RvrvjNf_J:6QQ^qI_n~~*Xx1Xu9sIvz\'#\\{ho4O\r1f-Z.sq|C4R%$)?(T@\"o^o,ec&6n:!_k XGh9D[RJY&X#IGEKY}M5{.hfs(b9p}\\\"WmKI?u\Z755r_cths\"HnQVM|n1X\"QXk}OZ<>?S\\x,wRx^L0nW^0Vtz/ez~ l6X+]:b{t\\c{wBHUFkqnRmwa5,Li{)QjSEf&+xD\0J#I)hI&e\"\"K\0%<v|XMwh\nXV*yrF {lA;_!VI$_	\"/8tl\'IvB(Sn<CA\n<}p&&U &\'Lr1\"5p(G	\"Ju%wk[)~]]6}dw{iv~q[<62MfeO#:q:*\Z	/3,/1eV2-(Z\"#\"dEh}Y[C/%3\rWsb(S47m@$m!%Iz:)(U^K\nT94$vvU\'%{8out\"bfU6!*cM&%Rjxn%4sJdfxbBB19rb T*C0h3*iv|Ig2FK_@R5DXww:I]4V{+[GM]_s/{zZ4WMvqDG$HC8bkeE\Z8+b4\ri@ryot&<p\\#9f\nX>EYXgTYdTS4\n$(?\0gMSowwOWTibzo;HKm\r+Vi-{HYFKL\npH\r\"o$6y2NUT7I\0U#HD~\\(w,rZE\\23OQ\"73maP\n6c|L8)$*%f*	Ws\0lbKMN-&VZ;\'T&mOJOqGB]JUO4.A.5m-24z><Y<$U;Y@r,N8U*e$W!QcbVG$2t\r$d:i\"awnuH~v\"VwqP^\Z2VI\ZHJ8({\'mZ4v]Z:6!|=br#^T$eBiJAbR\rP\0\rDGFA,^*5?!D<4pX11J\\\Z<r0-3bBg\\&\"o1wF_vMUU<@ eVg6{WgokGvhxLoXeU2\"ub[uuxdcJm<#puxuQ1NQ!;Kth5*>U3:05mLfsW2ra\r1#2yTFI(hewj`o+o$bEFe2/vp/-#LC1-Iq8amzp@P0iXEd2pO0sqF*~Mi{hXIkFw4pP\\&U~rv6V2VGa8	O;y)Lp!I`F\n^0%XrQJP6\0O	l	9f,X)fme}W]k}tM\'ui%Bp\Z3[zVI_QU!W3`(xvBtI mTdxP\0e0\\>b\"Ht-$r	#F2 c)8,%+U\'R}]_kwwmnZ=vwtw7Lm#/Y|XF6y	`C3TdpchlB$!h*F Mk	tfxS\\e>\09[C;P$756HImyn(J4\0\'_N-_+zZ5g{UE7Zk]k0*xFWb3IJKI`\0_1meGcmLK(O:zD#e%pL|k	d3>\ZRkOcsEt<Yk}5@ X#w4Hf)9V1)\0E]YSgtm{_u^2!`1VTL*#bt`\"#j#iAEC/[fCl*eeW:xmFjk2\0\'K;8/feb{%irE{4<+>/.tBf&F1;z{Y\n1}/eRZwu7=o{9F7mk4rw__cQ)yv)C&7)U	p-x!LnTyjSg\r6whq}7HPo$<1\\EOn_8%\Z:)\"Vaui	le\01brxx:~WZZGM;tm6rownkgnj|)k\no2i7YUwO0v%\' `1nG<t8s\'xdpY<|\0n+onLPe4d H>b	!cy&l}=zz[VVEX&U]!;8vtNe2ER\nB	\n\r\0ZEfN.8BC3.>@C\"l`xrUII.WzUbZ_}VG/m,td%4K*!5H$/3Bxfc+3!k$\\dIrYK>8	wuHA/E]v	 M2Pw`;u:kyVkx>um/[9vV<A$WXfB,C1rWR,~dncVL\\}1Qg)C(`Y(J%B*1kVC\ZID;UrQd`@r|b,*w4R_M_t}nX+TIk}[h[]u\0{(B<?,;iHAD\ZEq22I|4y,C#n	 eFekcjH_nR,HbA\Z}H8hI\0|R5f%jWEwk?~_j^./Tk53\rZfyOw	fhy7?:c]N*G(DF\r2X?rw0\nYv$*>C!S\Z6J,sk&vwN-V/M5wr\'B)=c7y$e\n9P{}\0>FsxyF\0jPUB,&5O;`:NkO:6x~U;oOj{fVN$2_V=K]_HiAx1\Z+fDh!gK%X/RpZyni,VS	8ia8-,\'gFV\0\Zx/&Kq9%uw3\"9Gi/V/%PDCB,IX0*0ZS&{)_W4kvKww8xjW*wnzOyYnF-2,w-duo9EG/BG$C9[dYZq<E6\08\0g	Y&;H$.j	O3N}vl/7\0COz\ZYk{96.]KO[wmTS#hX#[]aKH|%fw\0u,+{OdbnM\\_YShN\n; (W$\0qfh~|UE,M(2JNXS\")Jwy?~!HBMsB$*x=\0+/*L4k\\=+.IZu~oumz=mt<ReI*~\\b$\0wC}6\0o/(\"(v|a\nOi WM(*2N8	q|Qg`RrFdA,;*eue&}6KJ7oV+i}S}W1?iz#\'g`V{tqcmBy7~\"Brn.	^V7bdnoO8ksn\0xRSgI6O83nYH3xIpUT<*EyeBOKMNvvZa3x}e\\}p(>urs~uAqyIY/T\\\\&?R-@\0H]twn6q`/<Q$~vJIBz/9<n<<tNrX2=O8=\"yXn-&^,x_a$])?x&b7z},xi&X\0Ao>R.\'+v$ccUa	%mUGIn}lAfz`s=zc\0SXn9#N@$\r34`Wllln6x,m)Z<~.CEE86ffiZ/3C,4#.5.7&[nkxJ	$+IZNVi_Unl[[0}8rRzFg<Cpz<}H<\'$iVV_wm\0%M\0<p=\0O8y;6@*p2A d|9 cq+~\'g<NT?fY::mcK{qy<51s%>^n[iwV[m~]S\\=iV49e.qm#\r9F1\Z.9-tTdsI+_$`0l\0$6^-I\"$i%[qI\0P[Vvikuagl\\VA]^/Q|O$c<O%sd-7O^8syOd^&S6we*d2dcnF7/]vb\0y9O\'&q8wYTZjz5?o+jxuWJMM\\i`s#}=#ss\0!Pw<yaVVb2d\' s`a$1AV|=22I5\ZTzkvWK|8r^.XI${xLPu\\uax8vifWiYgWw$e0NIy\0b\0w~q\\\0	-<{I$/Do?%)|Rm?AwziWw >8g^	9Fi~><I2\\t<\r{Po\0OSs v[^Mu1`	~/~>[8\0b]wo;6p9:85\0y\0\00;9E7,?{\0q	9Eo-\07?R-.\r1Cqc<Ni4$nTu(Hx6VdxLC#)	NA 8(]sG\'?v\'$v7eAmVD(c5xTE\nG$5rjj)\'z[3Tc(Usn9y[N?uly\0\0^wpx8 z\'vc#\'r9\0;I\0s|{[\ZzV*2qRx8O$w8x~^}z(\0\04g >i@<O^}2H\0ocz\0sNO\\{QP$v\0#||)\0>8,9q4\0$v<FONGa>.?zGlw}@?>\'{8=~oS&>{?\\S|w?G2 h9{ryy$gcI\0',2,NULL,40,NULL),(27,379,1,1,'2020-04-20 23:37:48',NULL,NULL,70.9433,NULL,NULL,2,NULL,57,NULL),(28,461,1,1,'2019-11-29 15:29:52',NULL,'2019-11-29 15:29:52',20,NULL,NULL,2,NULL,24,NULL),(29,462,1,1,'2019-11-29 15:29:52',NULL,'2019-11-29 15:29:52',70.9433,NULL,NULL,2,NULL,58,NULL);
/*!40000 ALTER TABLE `cumplimient` ENABLE KEYS */;
UNLOCK TABLES;

--
-- Table structure for table `cumplimient_status`
--

DROP TABLE IF EXISTS `cumplimient_status`;
/*!40101 SET @saved_cs_client     = @@character_set_client */;
/*!40101 SET character_set_client = utf8 */;
CREATE TABLE `cumplimient_status` (
  `id` bigint(10) NOT NULL AUTO_INCREMENT,
  `value` varchar(45) NOT NULL,
  PRIMARY KEY (`id`)
) ENGINE=InnoDB AUTO_INCREMENT=5 DEFAULT CHARSET=latin1;
/*!40101 SET character_set_client = @saved_cs_client */;

--
-- Dumping data for table `cumplimient_status`
--

LOCK TABLES `cumplimient_status` WRITE;
/*!40000 ALTER TABLE `cumplimient_status` DISABLE KEYS */;
INSERT INTO `cumplimient_status` VALUES (1,'En Proceso'),(2,'Validado'),(3,'Vencido'),(4,'Sin Validar');
/*!40000 ALTER TABLE `cumplimient_status` ENABLE KEYS */;
UNLOCK TABLES;

--
-- Table structure for table `currency`
--

DROP TABLE IF EXISTS `currency`;
/*!40101 SET @saved_cs_client     = @@character_set_client */;
/*!40101 SET character_set_client = utf8 */;
CREATE TABLE `currency` (
  `id` bigint(3) NOT NULL AUTO_INCREMENT,
  `name` varchar(45) NOT NULL,
  `symbol` varchar(3) NOT NULL,
  PRIMARY KEY (`id`)
) ENGINE=InnoDB AUTO_INCREMENT=3 DEFAULT CHARSET=latin1;
/*!40101 SET character_set_client = @saved_cs_client */;

--
-- Dumping data for table `currency`
--

LOCK TABLES `currency` WRITE;
/*!40000 ALTER TABLE `currency` DISABLE KEYS */;
INSERT INTO `currency` VALUES (1,'DOLLAR','$'),(2,'BOLIVARES','BS');
/*!40000 ALTER TABLE `currency` ENABLE KEYS */;
UNLOCK TABLES;

--
-- Table structure for table `enterprise`
--

DROP TABLE IF EXISTS `enterprise`;
/*!40101 SET @saved_cs_client     = @@character_set_client */;
/*!40101 SET character_set_client = utf8 */;
CREATE TABLE `enterprise` (
  `id` bigint(3) NOT NULL AUTO_INCREMENT,
  `currencyId` bigint(3) NOT NULL,
  `countryId` bigint(3) NOT NULL,
  `name` varchar(45) NOT NULL,
  `url` varchar(255) NOT NULL,
  `email` varchar(255) NOT NULL,
  `atcNumber` varchar(45) NOT NULL,
  `address` varchar(255) NOT NULL,
  `invoiceAddress` varchar(255) NOT NULL,
  `enabled` tinyint(1) NOT NULL,
  `infoEmail` varchar(255) DEFAULT NULL,
  PRIMARY KEY (`id`),
  KEY `fk_enterprise_currency1` (`currencyId`),
  KEY `fk_enterprise_country1` (`countryId`),
  CONSTRAINT `fk_enterprise_country1` FOREIGN KEY (`countryId`) REFERENCES `country` (`id`) ON DELETE NO ACTION ON UPDATE NO ACTION,
  CONSTRAINT `fk_enterprise_currency1` FOREIGN KEY (`currencyId`) REFERENCES `currency` (`id`) ON DELETE NO ACTION ON UPDATE NO ACTION
) ENGINE=InnoDB AUTO_INCREMENT=3 DEFAULT CHARSET=latin1;
/*!40101 SET character_set_client = @saved_cs_client */;

--
-- Dumping data for table `enterprise`
--

LOCK TABLES `enterprise` WRITE;
/*!40000 ALTER TABLE `enterprise` DISABLE KEYS */;
INSERT INTO `enterprise` VALUES (1,1,47,'AlodigaUSA','htttp://www.alodiga.com','customercare@alodiga.com','5842419340025','Miami Florida','Miami Florida',1,'customercare@alodiga.com'),(2,1,58,'Colombia','htttp://www.alodiga.com','customercare@alodiga.com','\'2\', \'1\', \'58\', \'Colombia\', \'htttp://www.alod','Miami Florida','Miami Florida',1,'customercare@alodiga.com');
/*!40000 ALTER TABLE `enterprise` ENABLE KEYS */;
UNLOCK TABLES;

--
-- Table structure for table `exchange_detail`
--

DROP TABLE IF EXISTS `exchange_detail`;
/*!40101 SET @saved_cs_client     = @@character_set_client */;
/*!40101 SET character_set_client = utf8 */;
CREATE TABLE `exchange_detail` (
  `id` bigint(10) NOT NULL AUTO_INCREMENT,
  `productId` bigint(3) NOT NULL,
  `exchangeRateId` bigint(10) NOT NULL,
  `transactionId` bigint(20) NOT NULL,
  PRIMARY KEY (`id`),
  KEY `fk_exchange_detail_product1_idx` (`productId`),
  KEY `fk_exchange_detail_exchange_rate1_idx` (`exchangeRateId`),
  KEY `fk_exchange_detail_transaction1_idx` (`transactionId`),
  CONSTRAINT `fk_exchange_detail_exchange_rate1` FOREIGN KEY (`exchangeRateId`) REFERENCES `exchange_rate` (`id`) ON DELETE NO ACTION ON UPDATE NO ACTION,
  CONSTRAINT `fk_exchange_detail_product1` FOREIGN KEY (`productId`) REFERENCES `product` (`id`) ON DELETE NO ACTION ON UPDATE NO ACTION,
  CONSTRAINT `fk_exchange_detail_transaction1` FOREIGN KEY (`transactionId`) REFERENCES `transaction` (`id`) ON DELETE NO ACTION ON UPDATE NO ACTION
) ENGINE=InnoDB AUTO_INCREMENT=184 DEFAULT CHARSET=latin1;
/*!40101 SET character_set_client = @saved_cs_client */;

--
-- Dumping data for table `exchange_detail`
--

LOCK TABLES `exchange_detail` WRITE;
/*!40000 ALTER TABLE `exchange_detail` DISABLE KEYS */;
INSERT INTO `exchange_detail` VALUES (1,1,2,9),(2,4,2,12),(3,4,2,4),(5,4,2,8),(6,4,2,13),(7,2,3,304),(8,2,3,305),(9,2,3,306),(10,2,3,307),(11,2,3,309),(12,2,3,311),(13,2,3,314),(14,2,3,315),(15,2,3,316),(16,2,3,317),(17,2,3,318),(18,2,3,319),(19,2,3,320),(20,2,3,321),(21,2,3,322),(22,2,3,323),(23,2,3,324),(24,2,3,325),(25,2,3,326),(26,2,3,327),(27,2,3,328),(28,2,3,329),(29,2,3,330),(30,2,3,331),(31,2,3,332),(32,2,3,333),(33,2,3,334),(34,2,3,335),(35,2,3,336),(36,2,3,337),(37,2,3,338),(39,2,3,340),(40,2,3,341),(41,2,3,342),(42,2,3,343),(43,2,3,346),(44,2,3,347),(45,2,3,348),(46,2,3,349),(47,2,3,350),(50,2,3,353),(51,2,3,354),(52,2,3,355),(53,2,3,356),(54,2,3,357),(55,2,3,358),(56,2,3,362),(58,2,3,367),(59,2,3,368),(60,2,3,369),(62,2,3,375),(63,2,3,386),(64,2,3,399),(65,2,3,400),(66,2,3,401),(67,2,3,402),(68,2,3,405),(69,2,3,407),(70,2,3,411),(71,2,3,412),(80,2,3,421),(81,2,3,422),(82,2,3,423),(83,2,3,424),(84,2,3,425),(85,2,3,426),(86,2,3,428),(87,2,3,430),(88,2,3,434),(89,2,3,437),(90,2,3,453),(91,2,3,454),(92,2,3,457),(93,2,3,458),(94,2,3,459),(95,2,3,460),(96,2,3,461),(97,2,3,462),(98,2,3,463),(99,2,3,464),(100,2,3,465),(101,2,3,466),(102,2,3,467),(103,2,3,468),(104,2,3,469),(105,2,3,470),(106,2,3,471),(107,2,3,472),(108,2,3,473),(109,2,3,474),(110,2,3,475),(111,2,3,476),(112,2,3,477),(113,2,3,478),(114,2,3,479),(115,2,3,480),(116,2,3,481),(117,2,3,482),(118,2,3,483),(119,2,3,484),(120,2,3,485),(121,2,3,486),(122,2,3,487),(123,2,3,488),(124,2,3,489),(125,2,3,490),(126,2,3,491),(127,2,3,492),(128,2,3,493),(129,2,3,494),(130,2,3,495),(131,2,3,496),(132,2,3,497),(133,2,3,498),(134,2,3,499),(135,2,3,500),(136,2,3,501),(137,2,3,502),(138,2,3,503),(139,2,3,504),(140,2,3,505),(141,2,3,506),(142,2,3,507),(143,2,3,508),(144,2,3,509),(145,2,3,510),(146,2,3,511),(147,2,3,512),(148,2,3,513),(149,2,3,514),(150,2,3,515),(151,2,3,516),(152,2,3,517),(153,2,3,518),(154,2,3,519),(155,2,3,520),(156,2,3,521),(157,2,3,522),(158,2,3,524),(159,2,3,525),(160,2,3,526),(162,2,3,528),(163,2,3,539),(164,2,3,540),(165,2,3,545),(166,2,3,547),(167,2,3,563),(168,1,1,623),(169,2,3,631),(170,2,3,636),(171,1,1,639),(172,2,3,640),(173,2,3,643),(174,2,3,648),(175,2,3,649),(176,1,1,650),(177,2,3,652),(178,2,3,787),(179,1,1,792),(180,1,1,831),(181,1,1,837),(182,2,3,842),(183,2,3,850);
/*!40000 ALTER TABLE `exchange_detail` ENABLE KEYS */;
UNLOCK TABLES;

--
-- Table structure for table `exchange_rate`
--

DROP TABLE IF EXISTS `exchange_rate`;
/*!40101 SET @saved_cs_client     = @@character_set_client */;
/*!40101 SET character_set_client = utf8 */;
CREATE TABLE `exchange_rate` (
  `id` bigint(10) NOT NULL AUTO_INCREMENT,
  `productId` bigint(3) NOT NULL,
  `value` float NOT NULL,
  `beginningDate` datetime DEFAULT NULL,
  `endingDate` datetime DEFAULT NULL,
  PRIMARY KEY (`id`),
  KEY `fk_exchange_rate_product1_idx` (`productId`),
  CONSTRAINT `fk_exchange_rate_product1` FOREIGN KEY (`productId`) REFERENCES `product` (`id`) ON DELETE NO ACTION ON UPDATE NO ACTION
) ENGINE=InnoDB AUTO_INCREMENT=8 DEFAULT CHARSET=latin1;
/*!40101 SET character_set_client = @saved_cs_client */;

--
-- Dumping data for table `exchange_rate`
--

LOCK TABLES `exchange_rate` WRITE;
/*!40000 ALTER TABLE `exchange_rate` DISABLE KEYS */;
INSERT INTO `exchange_rate` VALUES (1,1,1,'2019-09-26 00:00:00',NULL),(2,4,1,'2019-09-26 00:00:00',NULL),(3,2,75000,'2019-09-26 00:00:00',NULL),(4,3,1,'2019-09-26 00:00:00',NULL),(5,5,1,'2019-09-26 00:00:00',NULL),(6,6,2,'2019-09-26 00:00:00',NULL),(7,7,1,'2019-09-26 00:00:00',NULL);
/*!40000 ALTER TABLE `exchange_rate` ENABLE KEYS */;
UNLOCK TABLES;

--
-- Table structure for table `key`
--

DROP TABLE IF EXISTS `key`;
/*!40101 SET @saved_cs_client     = @@character_set_client */;
/*!40101 SET character_set_client = utf8 */;
CREATE TABLE `key` (
  `id` bigint(10) NOT NULL AUTO_INCREMENT,
  `value` varchar(255) NOT NULL,
  PRIMARY KEY (`id`)
) ENGINE=InnoDB DEFAULT CHARSET=latin1;
/*!40101 SET character_set_client = @saved_cs_client */;

--
-- Dumping data for table `key`
--

LOCK TABLES `key` WRITE;
/*!40000 ALTER TABLE `key` DISABLE KEYS */;
/*!40000 ALTER TABLE `key` ENABLE KEYS */;
UNLOCK TABLES;

--
-- Table structure for table `language`
--

DROP TABLE IF EXISTS `language`;
/*!40101 SET @saved_cs_client     = @@character_set_client */;
/*!40101 SET character_set_client = utf8 */;
CREATE TABLE `language` (
  `id` bigint(3) NOT NULL AUTO_INCREMENT,
  `iso` varchar(3) NOT NULL,
  `description` varchar(45) DEFAULT NULL,
  `enabled` tinyint(1) NOT NULL,
  PRIMARY KEY (`id`)
) ENGINE=InnoDB AUTO_INCREMENT=4 DEFAULT CHARSET=latin1;
/*!40101 SET character_set_client = @saved_cs_client */;

--
-- Dumping data for table `language`
--

LOCK TABLES `language` WRITE;
/*!40000 ALTER TABLE `language` DISABLE KEYS */;
INSERT INTO `language` VALUES (1,'en','ENGLISH',1),(3,'es','SPANISH',1);
/*!40000 ALTER TABLE `language` ENABLE KEYS */;
UNLOCK TABLES;

--
-- Table structure for table `parameter_type`
--

DROP TABLE IF EXISTS `parameter_type`;
/*!40101 SET @saved_cs_client     = @@character_set_client */;
/*!40101 SET character_set_client = utf8 */;
CREATE TABLE `parameter_type` (
  `id` bigint(3) NOT NULL AUTO_INCREMENT,
  `name` varchar(45) NOT NULL,
  PRIMARY KEY (`id`)
) ENGINE=InnoDB DEFAULT CHARSET=latin1;
/*!40101 SET character_set_client = @saved_cs_client */;

--
-- Dumping data for table `parameter_type`
--

LOCK TABLES `parameter_type` WRITE;
/*!40000 ALTER TABLE `parameter_type` DISABLE KEYS */;
/*!40000 ALTER TABLE `parameter_type` ENABLE KEYS */;
UNLOCK TABLES;

--
-- Table structure for table `payment_info`
--

DROP TABLE IF EXISTS `payment_info`;
/*!40101 SET @saved_cs_client     = @@character_set_client */;
/*!40101 SET character_set_client = utf8 */;
CREATE TABLE `payment_info` (
  `id` bigint(20) NOT NULL AUTO_INCREMENT,
  `billingAddressId` bigint(10) DEFAULT NULL,
  `paymentPatnerId` bigint(3) NOT NULL,
  `paymentTypeId` bigint(3) NOT NULL,
  `userId` bigint(10) DEFAULT NULL,
  `creditCardTypeId` bigint(3) DEFAULT NULL,
  `creditCardName` varchar(45) DEFAULT NULL COMMENT '	',
  `creditCardNumber` varchar(40000) NOT NULL,
  `creditCardCVV` varchar(255) DEFAULT NULL,
  `creditCardDate` date NOT NULL,
  `beginningDate` datetime NOT NULL,
  `endingDate` datetime DEFAULT NULL,
  `enabled` tinyint(1) NOT NULL,
  PRIMARY KEY (`id`),
  KEY `fk_payment_info_address1` (`billingAddressId`),
  KEY `fk_payment_info_payment_patner1` (`paymentPatnerId`),
  KEY `fk_payment_info_creditcard_type1` (`creditCardTypeId`),
  KEY `fk_payment_info_payment_type1` (`paymentTypeId`),
  CONSTRAINT `fk_payment_info_address` FOREIGN KEY (`billingAddressId`) REFERENCES `address` (`id`) ON DELETE NO ACTION ON UPDATE NO ACTION,
  CONSTRAINT `fk_payment_info_creditcard_type1` FOREIGN KEY (`creditCardTypeId`) REFERENCES `creditcard_type` (`id`) ON DELETE NO ACTION ON UPDATE NO ACTION,
  CONSTRAINT `fk_payment_info_payment_patner1` FOREIGN KEY (`paymentPatnerId`) REFERENCES `payment_patner` (`id`) ON DELETE NO ACTION ON UPDATE NO ACTION,
  CONSTRAINT `fk_payment_info_payment_type1` FOREIGN KEY (`paymentTypeId`) REFERENCES `payment_type` (`id`) ON DELETE NO ACTION ON UPDATE NO ACTION
) ENGINE=InnoDB AUTO_INCREMENT=18 DEFAULT CHARSET=latin1;
/*!40101 SET character_set_client = @saved_cs_client */;

--
-- Dumping data for table `payment_info`
--

LOCK TABLES `payment_info` WRITE;
/*!40000 ALTER TABLE `payment_info` DISABLE KEYS */;
INSERT INTO `payment_info` VALUES (10,13,3,1,379,1,'moises','z8+84k1Xd2S9d7CmhAXoZbOQVF9l0T1Rn9oumXtRjE/S53dyssHQN82hNugLwPcSnVlq7sSfilY7WbEBJdNVZLmilslaDFTgo6h+WQjcq5Dmkey/ncTN/U2Tvz1WEwuqu1xc2nS30OYL9XtF9aeCGVcDK+hcHmyuM4Sq/wI8ts2LXSRqTigLJ95EeZPyZpdVjionIbiXOP8ViQ81sQNN3pjx8bSrGAaWb/sOpCku8Fme1dOrw9pbqOHFCc/3Pm/jH8zXPomu65lgJLmFGYV62lVvunPVEUmqz+S1cXiOqBbWR21WzQeA8hn2yU5pbE1kZstKFz8sOo0cvvRCF7X8h02hnbi83dB5hYBeMDZav28Xps/V+n+Vkm9lqV8QOHfUai8P8heW5DE8/NFnXLWHQMt3s50Oxu4/UpwIzadFr3Y2gebWqddnKj3gstIBNou2hmr5TlVC3Ul/XH+YOmrHsmLP2591esxxn10bvOTLL3wqn6XjiOaXodehZ5d9PAfMgnYy/m77rvQmgBmoiP+fV6Cy3/jxfRDJZ2tiAZ8qNZBYr6si3AvnnaSRupVU5LdeEPa62VMcDc8JmM7Txb0PsEBcdbX8kUze6aZ7wKVkpJHwaYEWs76fs+3AfWpr8iCYR78xGqptgx2zkSjaVTaXc/fi3Db+1NtWq3KJwYchm//A3oEGFtt91USLQTMlXaStQkX/9J9Gf2dPOe0MKxp2OlfedbSH6yZXcxga/dv7CbYAh9cfHOk3QzOZn9VL0I3nmTU/f8xKc/KuwjX0drUx2YB6j1sIeAzW3EIMiQZE5/J3nherCxBH+lW0T4ZT/NuNoxuqDsSm/F0Mo61N5I9rn0xdPySferiBtqHvFNiQ3IedDdHNMwkozZCJV5pAy/wzsxR2VrXaOnrKGv6gz9BR8yhKmpvff3qqxBbDD+q+bSlHHy1jgPE56I/KLeWnHtau5TP9YQxHoqjwU72a3IyK1mH7ecOJe15dgaT6ty6KatMR/EUPujFJwnogRwWC55VwOTxdwOawiyz+QcHTMEXch+KMhN89valiGdP6Lq4+S0Oklar6gZrc/wpUsJDthI7Jz3/sXp+nY6xkSyedYj8stHkSb0BktER8gmDmWfJ8BQtikvOaeZBoL+rQyFjUx5x0GjzvRfCQAMjIPzlvzpBPplebINYKM4RxZuR7CcrGcTcmrNUgIqQsloL5VgCAn2UAmXWnLjK9xvjsuBjQv1c/NMpkgnMrVjIaZhSaDTgHCcp+Nm5IsxxHhmmuRrMU4g4oFRa1BEtW9Hu1ZztopDTMQP+md3BjLD8mB4Az1zpbNpwjd/IJD8G1ng9BqmvVI7kh+1sYtEuC/gL2nAvqX5AS/vej8ZrMMPb8La+6YdARobKUbjjg7akdaCKVr2nIpXDKdpVeoajpcOOsGNLpGd2U1XmQPPE/aonXiQWH9LN3aBOjHNPRphkI7vavAioTLLng0SF5WVBXwyMFC7Dod7Bf0v1iaXkyUsV/zUYjLYnFQBh+DLvX4VqitHxjrWahLRNnqymi2LB1cU9HaUR89Usy1EEW9OTrgGw5QLnKlisxJWs3L2GsZcqbSWB5W/862SqRlEfeq+jO8cmd11iQcFwu6HO4x4zv2+cNGDlDEMh61aP417YNgBmMR/EqU7Gk+j8hjxUQnkSHU/ML5N2NnZHUYBapnWutrgvLef7ZoS1VjUCJ84/hgmRV/VDiDgvMd/KHq9cOeJRJGXtYGlivS4ffERUrIfHelNKu0jYQTsuN9K2LIQUVoKW0bZnhQfvju2va6+2h7nO/xuf97wvm/80RIc4Y+D5yiLw1PKQn0E5R2Di+97CkDP6O81RtOW99OjjzFwqiqMZpu2aI8isgWOO7MeMDyBE3IaGSVO6TwArGzbh+5GqsBlhMvBjgDUJTjQLD3m3sW2eRPQ4dhsBVbpHxwyaSTtVREnnq8bvP1GdL8Lc8iFDWpaMgehScM2QPeBlvWm/JyPMq4aUbU/IGlWd2EVIJNLg2/wTTWnUAE+kUNneu+aFz+wUsncywwTZfZJDiOFef3EumHYA1JxgIJID+llkbJutSzQYNcC5qI5qHLJYMkh9o0nwAe43aDKNCi4eiRFAdOY6dhB7A+5JZ2EtSrWV5IGhcq1R787KxES8X631mOyheuUjpk78v77daDKYPaw1YLS8QI57la83kSJErcUMndSd9H384giWSrWV2Crko3yP2dml14d5zF34bX5sp/62kEVNTjIuW6iac1Z71tteF0JpRxEpDw2a2ZI+ryQUitA5BM3sAB1+nevAsqoAsWzQakK0/+kLiq7SIAqtx1iaG0WhWjIM2QFIJGnRqEWQJn/gP1eik2JoLvlUcOtDQcSgFJQm5e4wMI04fEgNaSGiM1Uk6e4WZkHb155SSdaKqPS8z+lhA72h13Go38OzxNkgKwR2DUWT+0BJlpTdDgv2lzLj4lIsNCr0afe48Bw+/204fLYJhcMlaqNW0jFB9mP4Na1MZN5HP8X3AwPpwX4MweJwwP324FW248x0hGmLwRL3f+0VIXDLD1d4MkcDw2eFI66eNeLVtHJgp/My1z5VYmlM+GYqCJ9OkwLsr/6sC75QyFInG8Zx/fbe6EkZsmII+QLI2hvIH7eBTdA1XLH7bInSbCyfFNsYZYboi/xu9iCLrswQY0lqPqlI1AY/O2U5aD43peQC6tHtCZG2/2lyzjcFDQCXZ1mO6uAkLl8b3KoCHYPz48YlwwfWkg0brgKppZR/MyNdQhWrzerRCIVhlDX33qGAkrTsE4LVQZ5fq586/V7gA/4t8sfDk8i+FINX+KrTbP4mBKKFzIx9FOoX1Wvo8r0mYM6MpTuJqiNOLVWK9h7dHWmQj0S82pnVSeTSfoGNz9RqoGQ244a+6il0uu3CKECZ7IcLxcz75KX/CzbJyn/Mz2ug9liuSmpkfYHNWOsEXCfbw4BPGfwOQje+FvtwL+vVHlDoLvy2zZ5kb+CYtNieteejibZYZusrK5/4n8yY2/0K3byEP8fCaJxdgnLbD/HFcNL96QsLgQuVu5VDwfCrFJ+3sq3ukNOeY9hGT1vXsJlX/XBrYNW2lUicBP3mWFv0Nrr379cr5+/UjQ1/SCHhd+oqUd8BWOFiQMY79m0zZjf4FCxsZWJdrxmo1N04s79+jqm2ZtUdLvEsyYknbaxU/fW1eOvN2DSK9qajG5JQ376z/XY31Z1t4VT5TtmdAdDXFIur19qwqbwj8b0Yh+XVI5rCbpskwaDJpE9EqYAZ4D4/upXI3EhRQXCuNk4c84fuuEl74vqRPJM1VqNSe8AH5QPDhVU3XE6d0Mt46JBiM01JbcYunbh/yBlkvsxzQGaRmRyxE682UPsJd+Kg1f8Olz885EjfonVme1aDItx8n89FS1pnu6H1yn4T5Wpx7LAd8fVLyjo0Y+kSXLTw0TVWBz/vzzjMEQebsO2Y47xBppx6zhu4cjFVwmm2oseNPZdDJQfke7KPkiuD+YVK02B9oZeiZ0pILNT27dGItVCSqDuLLVxOXOgrmYMs+diH8up6f7TibIfsB1XwrT/UDMUa/w95U4vfJnftnpM63kBuOCVQpxPTr2X0/iPBXdidXToPYHxqcUJF3Y0ee7YH6TW/3NnsgYa6tE+1kfgehXAvyA4OU6UtsFcvis8yFMXgfNk225GDiCsmZlDoQjuiwpTbCHRaYXAhpfpwvsmMqOO3ay5lXUfgf1IsoMLWAn/mQhQg2xpu/5oZpmeGUQBlZs0qOLIB4ZbKZmzdla+g/Y7l8gW9skNCJelgTGGzyYP/UIivrCKncnXI7KBVaEIRfEwBUFT/I9bglLCbwS3yftMOpiuSmeh5AUh+PVniER/8y5gK/BwPPCeLQF1qp8WjEGOJeVUKbuJIn0u9rwUpwBVomRCbjaqDhxTW0vl/KAUtPlHTHzth9+x1CkhF9IxGI6aM2ssYz2mZvAWyAW9QEcdDfeD2PnxEowVQrh5/GYsAXJ9hgxuLjkQWmSeE8XB3UNjTtuWO0qHin0nsNpWHcHvh1/j3HDLxui2XxfmK7N9uUoPb1aA127z3ejGeKwF5nfL52YNv7+Dd2AYMaY3mQGWHvPWs/jcfo3ImpNm5wJN4Wfs19c//NF9i6whtuZRCpT0HXN2cZZi79Hr0BmqeZFAQkHnho+MPzZPmyN2T9krxwVPapgNXYBzLTTn81D1psjv2zIvLJR6TCWkqoOyJDL66Od3lWnzmbt0kmXSB0m/zP2VliaqEBXvSxrpRt+4IfLNfTYIdgim2tQgiYMXGHWM9sExxA/gzlIkpVxJHVxT72tavzhBWmM8CY8pOsgs/dfg7tGGAOU7abukhlaRymxO2MZIAZOePsbHHxuz+lUgFd4V+7Qne63R4JXLCETIhc64Poe4ufZg3exvrfQ9uZC22wbr4mgd5ZuegXuwVklPlN0pKBZrwazrQ17/z8dShpedjJ5x4qW7N4JZA0iiTJ/0y9LVMZ2pTbUrtKXXrTaCe+yFzv6AXEoih1L1ivzArVS3id+SXWCSgr7jzVRnDJBGqDCzbCP1FWv0UgtxYHtEjod9G86WUK303VRBeo919rOpXnTQx6Gn0sLgAbfnA+iOenRNbeZZr23aD/W/lHqwAHAlppyTShdmKjHzxHe06fGjNjQ9/8jNET28HfaE9NpcsejTK49PPDMTndpDzvJorZCWXJnihE6lscCbrT9U6AKkhipsdhEsKnvkt2z95qj/Q2s7T/NkXuDE4XlyWwgllAVgNSacRbhqWlaa5Iq0MHSZBaUVp7swo7Bnt2PIEt+KaFybCVFkVR7aAekEvL3eiqpX2zr7nR7tqkWiOEf+lq+g5gQB/iq2F/AkpVcq8fO+Hxl1L96jS25ri3HJWVekAu5lxMSPl0dPqfRdPAo4FiEbU54yBKZOaMGN8qMDBvtmKfpGKol+cT32o8ZpvqjIjQ7ISULGAqF8GDZHw2uV+hC/68VLZ0JUgxleyPnTPXfaGaoEagaVxz4+BVO4sZQ0d/DP8ainng9N260IvfvyXIa5KSgWQtMNbzmgTTfH9IoVrxn3QNj6zt7gtO8lGF2AzkYWxvAsTZZOy9wSyfj8y9v/pgfIDsGxnFoOY58pKvOLBZpKrVB4sPPi0ixGyt0Pwdru24a3o4u1a0lDdL3exLMAzWp+6GEXWS8aaJ1j0ypZdysc4xIC5UsRWjc78djNnEL5qBov0u6wdrs59GfZV8IVOil0jOUCWI8YNN5b5Ub5sPoUZl9IjdX7q+XKAEXKoA2lFFmbbaJc6C2Ux1RyeCo9LsxUXEwTWblUmI8+18WzpbSCxiSeCuZTTtuXRDsxgDDaStebIY0qYAIDy21bRra7fE+oMWhx0aEAif82X+siMxLCb1CjDOL6q8XlBXfWdG/RTrGp5HevLutqipz6jOY7kEMcfWKssfMnBx8AQROj2AT5Vfd6TP80NzlwtB+T3m+mOeMkaZNyRdm+Ptl2rDD+M0jtNr0XyFfPKI/slT/QeDK3cxPM0KL4bAuM67csG/FF/XfdGQosG63Salf/awMcgAdvFV0N9F+SjXq9BfcEg4SAApurkudU5+xHIoGb1dG/bUfQTj5y9GcKDyFwcKxXEUWeabIA7jdCZ3Inn/1nPYpYF2SMle7qx1qBtKBROP8a+5IZoxhz9W8OV79sQ+MrfEvIfsWZhU4UzkpA4kDIxxWdnqLkaK3k6SDN8utpvWyH8fZnBIp5iV2ZTLI6hOzb3DeKNBbgVzKbX/fFBNLZRc/c1HOweCI1HQNmFyWHbRn0Mn8waSwvnil+k4H0lVes/ovtbasHQbK+1Q2BJ8959jJLEBScZCyrttXx0cLp622kvLfRnnZxgA6VgMxPWisw3jxLWVRT9nx+1xenEEWLtC/PbsFBykmlB1r4lNfN91CPr/nuCLnDL1OeQRcTB0fDeYllulLo3FbAeQhryDyLWw0NW++c1hFFMR/R0/VDyf+kDyXkE62lYWD2Iw0A5dWiSJXqUlTHi1j6H+Zm+yZ78HUtz/t/qOfNXuiN47gAcYl5EAtmYvMMA0LZ3MIl7yuti1tIj5V8n6VNH9x2jyPedACMeao7BqBQo+ZLtZRU5acH3b2RYta4Bccsewx4X+0dAa9LBr/HRtupYdHoKG1RuUhq6dmCe99WLk8a046KNecpPMm5PGyEHEFHrgDWSnPLY9rW2t8JZT6LVfQ+cdU5LFbP7Kr9JTZdd1cmDes/fuPOyytNMfGrbmGLgv0AxpSxImmt6y3VEBbNSA14t95ErTYq5TuCD5JJrzs4+bKBAC5DnmejcfkK2vk5Wo5EvLyo/t/qHMp+LkHLkcgXkpydkp3nKvnyJJH/c/dOqu5KujgKTYY5QzRWQPn5vlCCXSjv8RX749SNMxVn316U02HFGspnQ9juVWXuyoI3ySFLCf8aumrFTK9ksudorRAnY04zcCFhahwobWdvOyd/v6dAkqHSlPlY/moKu7drNNGFDK99svZlYSXeqVTFO1LIajmARkLpTVeBqjFCckDiG+xGmVViTIZfuQOAOiuFpipPIxi6dKbLC8V3d3NurEwMlVwUL3M79EByfMqXUZoPZUj2I+9Y2sG7izil0WW0ShKA29c8+atqYEEtaw58XzntpLaUHY/XwSEvsSQTtZ4D4PAsva2jGGIbBCKcRHLRu+FmiXcGb1/HsWc7ii+zLlUjf29oa7kZ4tcOMuM+8iPDu1/gb6Oe2YaUBZv4c2rUSNgWOr2GKPE3PI1vQ80yaGJva82yP/ae9ugkrOKgCpwhlnghIESrg38yefp+eHb7ubi0fHumM8YsFsB+3+KpQjWa74h+NfxkAtOiHHv93kTPUtBkJ7JC7RK/VBN+AcxSbD3IRhjZiPYzyyyIQRG3i7YtAF8VpbPLAElzvELTOvoMgu5cVgrYTtc9gWFms0MAMDpM0ig3YG5wozvrHnPfpxDFbihuOq2/IFGTX0tBSiBc0qw8THXUmb6ZsTpY9/Xyf/sKxunWW0ZuZm7gipoJPAb91oUVWswhB0QdnQO8vdJXpZ3bdib+sOMHGOUDgxIjKHfBvRdJNTkkHkUIMV4p2Vi6Eq5+xf/RSw0lYRpikjDbSINnHbXnNgVM24RfBgkFdItbciWOzYYEKWCq69naSurJyuaBDDDh50zjmCrH2jgVwvNiLZJd8yeJseFAicP6yvC8wpiQ/ZGGQZKNoGogf+jA6XSDZ5fcRXgXmws/fT3NlxQ3x9WpIBtE0UbvBmh9oy+UlBmeOCnWy7EBnrCsXzMOOKur8NOJcV9+UNQUeulzRy2r9Zx7mdTU5efof4GUTRtbZVR3wEzUaiZtQxtcRhqQrvFywjpS3r1fGdjbGo4SfitOXJQ+BcfRUrk7W+ei8x/aI1vDfUY0jYt9sTKMC/JTBxh4xOw3+Oo+3CpMcsUJlcha0RT05TyS5YpX1mAlVqwQf/u/whnGFsC0gG9WxM5EQurOB1McVq4nDStVhkjFwSZj07phD2cK4NKipMUmqyi605JQx5vwfoYjYp22U5eF2QU4qmpBSZCVKSFp4RVAKKs/S6vxTEXbCqPsn6ZnBvPxe4/+u4TtjdKeGgaB7/D2k8R0/UmEPnVC4y3hQNZGEYDOv5fufWuEolkxEnhuTlX7WJzNDbKKBDHefSS2RykrzfHTCpDW5Y+Fl7a88UcBeIcnJ4tna1nIoJDYtcx3jytyXiknLo/T4WrU95ANMmAydKfMwJ1diD6gMYYZ5oAsHYSptdSm6dqcb21OvrOWr4+URMN6KLDQtHvXIjWU8uQAUx2YedIPPIZTNJqq7eCRgqZ9Fn7zRnrDKNh1n79Gtni0WGRZF80/95tA3FairtDruQRXnzKk1kZS59DwvdZeUelZoOZ3MTTR8g3ialFnVZzFPMJJt3c12qTWW7J1aTrXgSofk+L2TExWRekw1Vjs17BtBuSuEvDq1EG57bDl0MHn9MY48o4NDCS5a4wjpb6a+fuqipKBoCEgFJ1WJBxFo8cA9/Z/LwhWamc62jch34Lnd7p0MRMFNiBqqzB+7zuQ24C92RSpOZoD6UHJjbGfpMQ0WMFTzJcd/QNQjl7uUrLb34lDmrjP1lzzE5yCjmtSItKn8uPOhMFLc8OzlP4UMpaHXP3+Y48ztwd08Apdokd7ohR5nPjb8tufOWCdUVzP8Emcgcrl9W41DMJnIgMC73UF23fNzTQtEc6OuNVoAy1EeSnYrncajKcKvd+eg+iVAf/S80dfCLaywK97mI3fww3VFkl7zxj4ecyRu+CFNDihMKbqT77pHB1r+1H9rQG/UO6aqBK9xqwQBw9Eok/FgqM3Dhpq7c9O40HNaHcX7et32qFHPxeYGgzxkzRJlDxDH0W9MAPpe28uWABB9eHoCwES3GZviLHNQciZjC0kZfswObwUGB2YIRCFRz9wKh6iApspoLKUKeb8fv1iZricgHO+PgrWhDrgGr+11FNU8EjAJR7i6gNbEeLMZ/G8lBib+89sIFK6AkdNWMFSl06wWPKz0WNIpOvL2TqgCP1dykYVY9y8nFybqd9a2LkAOUkloiTMEEdvdP4myURo98qqHLmMRf60+zM6X2l74o5JZ3t+vccL9F2HEqryz50s1CLPK9YoWaDwmeoiz6bEbgMIgrRf2D8Wu3D4+xHQ1djIlIgx9XMyHTcvZkUuyz1MFgNSNHDLfIiMvy4vkv6m8crg0VU4hyw23CJMrWuZCMoE39zKLB5wY3wuybUz0ki8a8a1CKTC0O8GHfQdiYE15L807EgMm2SWqcaLeOCupMX44w5z/kWyP6U90vP20OFUtQ/g33E1wz9GDQvkkD2WMFJ8wOJ3i+Lhvdg9b3qTzdF+TxtNRvDM5/JOQiM2fvROoQfH+vZmbEnLXlr9XfPcHC7hCwxD95dpxmgTz8tVrcSCCnecXn1Cf4FRwFOwiATqvXfjVR3vtoAQjlsDopFcvXEB0EbX1mXbdewDkWhDDbu9begmiR/RBpBhe222AlRUM=','378','2019-09-23','2019-09-23 15:00:00',NULL,1),(11,51,2,1,458,1,'kerwin','','123','2020-04-05','2020-04-07 16:28:47',NULL,1),(12,52,2,1,458,1,'kerwin','123456789','123','2020-04-05','2020-04-07 16:43:08',NULL,1),(13,53,2,1,458,1,'kerwin','123456789','258','2020-05-01','2020-04-09 17:10:00',NULL,1),(14,54,2,1,458,1,'kerwin','1234567899','356','2020-05-01','2020-04-20 18:44:05',NULL,1),(15,58,2,1,458,1,'kerwin','1234567899','258','2020-05-01','2020-04-22 17:51:15',NULL,1),(16,NULL,2,1,458,1,'kerwin','1234567899','258','2020-05-01','2020-04-22 19:14:15',NULL,1),(17,NULL,2,1,379,2,'kerwin','0aR3BvgcGcIQLhggw+hQP+F2BKfl9yPYmfA7VQ5M7tkPLFAmf2rvpQzmkRunHg2gRz2i9RhaxhX4FmdXyAt5MJbYoYSHQOEARoSRMMxgAOWuN2tIeK5pRjQFgjE9QxLMP+eUOZ0UVPA7aVLAniJKo5AzkMV457zCtClL0W4BRaqtxES5vYd6mYeVE3pOt/UWaspuZJVGuqHKlytsbzKzZeV7cOq/XMLGSlReSyDr8vRerwDJfiD83Rjkqpv6RCSmAgYQljb6pyRP5yPHl3jnpaFG2HbQSZVj3c30qWF2vRisxzEnmKsCqmWcrOT+mExNfPJp3GZalT0hFn39cE7O624FPSvHQp780vmwBbg5lwnXMqw1AGeLMsFuvZ4pmIMnMSWiej3F2omc7cevC62eDko1Nb3psZ144N3KwB99Dzh1/mQQcS/T8vISlbCJ1xxIxKhMJJ9FmvOSGb2JuaVSfeWpWe8Iz4/xncxCJhPJdk0KTHCycrAbSqyDpcRSpu/Bm7cLbDSS5II7Xpx6TOpKQhYbz9FxIJV6Ffu9u4Sc8gLO9ImbJ5XHhVOhv9iOXdog7ZODtNXvooR8yKH2QMaB/+2DlUGXG2X1hY/r2EdRkM2+2BJ59qZrrWTDn38g/AhOTCzrZLaMhCHvEeePaWaCd1SXhx8OXc2c2vBuam4zFR4NKFHbVwRSeei9ZwWjNkil8l1sTz1okA6OiM0No+QkMYhC+YZ8pmtJJ+kK20gKvyoHMhef5Cl92qmj9i1QhdzrlopIvouxytbxeoyLnHdm1x1mepk837W0ZHSrBLlja0iKTj9FXTK18b7V+AXyYBj+fk9dUZB7wTLVRJLkdz+Tw5LRVRHJrL1jcusmViNa/iLVsi+uSJcyCCGHZTv7L2x4lNZGQlsyfIDeyg266W8kAZiL3ownR68dGjsFlfB3JxgNfxb4Sk9oM+WsW+dgs15RADodtD5HbHQHoIR+WOIiltKso2x7RnlkT3QKeAPKqLHBKttGXaGv37HRfbDvFZ1KthiFRLSzFnTCbuBIvzH6LYN/wTdxt1R37ypH7wvIXCmB58TnJVYwiclHfQ4DGFIPGdMOnsEfDwqHu5p6my0Hj+dxibDW7nvvtJ3tsjp4/46lSstPN5F8VjQl+YoRp58BxTEFNing3MRHvWSmtmK2heVem1ZDaxbPQFkMRNK5/GA3snkBE21eQ8p2FL8NAJ/tdKcui07xPaY6nt99CpzmXMBXBTnXI4ksp8b4YwvGAMswdvnQ3MyO3x7wM8S8Bf8lPwlCafPAFxbElDsuN1bGkMNUEhv1x8G/L8lQfuqyAd7xYHMr/kGEVKWZYEJHMok8K3d0fK7CfbVdzGWsL7wtIx2tRvUsoWeG/fJDzvOYkFREvPQtJ/rwD3v9h8zHfPB+3kGgtgN1MS+gDMNG3etyZkaEHLX0hvU6xSThMUIG3G8Qr0JX2MtEB0f/YzmHzR2P59fAG8E72GTwnNrvyfZf0jJtdG8wA0bEjEU7k+ZBTprQeuj6Ke74qQzpoE0roXvl+PHT1KS+9vd/TVB7IUoBl64Bbx9nNJWP53NMdopUnssyduLoMpt8Z+f1P756fzxFOy7rKM39ZnrB4bliuX3zTBM45ov0YHaJO0kTu4My0ZnMirYE68UAN9xBBFm0WOWv/Ab+hHgmgIlQWzcE/MrC9G/Ljw2ynDAkLa9M+Z3gelwaeROwv4H+BJ9EuBHEUQPruPZYDp9KPo2EH4aOT0jEpZWlpzwYgk3dYGH84KvlfI8GAlpOZUgZo+XBi1Rp6HwArdsVWygUyxVIrcQ/kPowB9utxdLtB07kN6DM8hZIT1H4J0SXBPTfGt/qewiVZS36eLwFHS4BXbit3f4Yz6ys12MBnUafVPS9BmlnXnwQQxGkbfNebePaBAIjQ3KUtsWs34spTIpO6/bp7f71J02hnGLyUPgdRnVV66UtxZLjmFjKersY9PWHgWQk3QVLXDYkBXy9LvagifCNVPtka7yG25CAeFm0JWhE/bmWvOcpo517/EvTYd8f/rI2yJeBtONlDHQ5rs2RCmzvt8o10e3RQmYwU1ocO5cTRff7zt03vsudFjC5Ne1DyHrO/QKTIB0+24G7MiN5C5HGBvyGRdB2CAoZxCPigL8FOmI5Qnm1LViecBeeCEL71yLGcsP1oByf284lZ9ORPDeyoLg5zZzVTI8rpNmhGzx7IekE/UdcK/KIGQfAjYrmNXNNscuahuZNVzXv0eWskZccJ1pmrsz5KSJKiP+R66GD5g0zLXvAw3550YKaAFmzkonhBHVa+rhmaO55kpIYymZ8GxfFIdf1EOXb0SR0J4YLImTBknTatfYmW6PctBD347XeFPOqVQ0DgojaPDJLQyfVfdXkW4xBhUKQwQkCMFR/CKq+cIf+yAWLPZJZXP3mYCAyOY1kjZn1s46aOooaJkVRgTh6NeyBrhXhiTVRN1XGOS2NurecR7KnRtjy+xDZkdJgUFXsbqksuKjv0jI0HPKGEHNiOhP0xW05pJpB+zxpd6WC+CoMsQsdnUedCRlbB1JMtASbDyU9D/Bk8o+2EwWxDNSL7XO4DI8iyFHOnWJZobXxGQWnL1/LXguZoNvju2PpGRoE/QlupJhhlECgCDlQXVpTEZCj9CzEoav1S48cdDQy7DVJ1fqMk3KwTnBuEbiJnFO5U2o3nQIZql7j3FTtjNiiMfXb/YFUr/frjk3M+6CAy10krPj1DrLq4oyeZRYst3xnLndbU4nU7Vp14Y/2jLzv4WuzdeWCekn+qi+7Gtn9tg43PCSnAQ2NN288q2h9/opLONYH/O8+T88rvuoObYJARE525O+MuUPjU2LvRhQl8D4hgHXjgvVjUKgjH1XBDUT9tl3yi2apHuQ/uCdXesHL9Bwhqh3QBKnFySj+IShVcPWTyBaQZqWSTeDPd6TaFDZCXPD5bAPUVxzj3oIBEUmjKzZATwuwRa36A8v+JnzWOO4ZyKJ/N2E6GABn66FEPhf4MLxLaJvoqYG9gOHcM+j/P7o/NUFkA0+QWktcuNKnmovVEsqSAwGzdanA1Y0UIGtxset/Tbswnm9FhB/aA8r1Ae/p0HYFF4jaRjqGtoxwVUd8aYNrDuEsBpBucSW75ueOWHLZSkNNiM51Leznaqhg+0ltyB0Bxr0S6nnQn3ppckHb//2sj3RF5/R36SsfEhGFx6WlqvScd5i5ww3ZQpL4a9u85+ydDO3v6caOHMeA/cjlV5h2rbn8ExRB5rU3HCSSltAC1gFUhAE0FQroHvVe3iZLc+fCMlmXBoJgYMIDqgyAMt0vHnTGu5rYcYTr/JiUUfpXwfJMpgCme/U7mXi+wtQABFAEzEDpUfplA1B3LTinytt9Kx2RdGNMo8+lzTjU2Yi2kllFZT/jhOdCeE7BMSqXB+Dqf+CbtQ5lpcnh4I9J4e+ZnksFwAuhUSmaKjNlWRrltOXcv91jFw+iuJiqY02LvCPaj96bTaqnCx0y6lueCdHKCGb6aYtDMsRzwJr6HwWnpGugIna959m1ukRnRxKloVn0ZGthY2AZH/XBN8hjuqezGCRbBwhRf+/aOS+dFgmjxXSaxV7637bMpJSeZPgNGWhKlJiM6mUbAkdkWE1i3kq4hyKYvPXcrOSCiQrq42ZQGhE8bbRlbyFndxgbTTCOHGiTs1CFm1BJ4Lu5Dge/nqrvRGod1VdO5HMB8JeObZe3hYL+GSXOgObmtQ/w+Spao68L+ORwOI98D6yJk8sJk6K8E/chLtTcwDlr9RnE0+0+sDpTKtTm6gZkDpwpjAWucGs3geE7OAFY+Arvp4SoK6hn2mhEhfvgIsZAyHJVVMdHXbq6COgvbpWIBCiHGmnt0pWWwx7206FyLpKqKQ0ZGk0n0IjJQgTwnZOCkwGlKjy9kVw8xFksqzmfRAXOGtGLvwmDyBERNXCJlf/HGBexBUpb8yaCfz+LSmJZ2tOkQOR5MqIBzDVKc4WxyV20fBKeCcDU8RVd59N+hwYGd8s31dl7Lwj4yajrHU9Tig8BlLgvlA8I9GV+/g30rLD8rSkMN7K5slozEDIPsWFL9vmR0is5rUqosQj2Jb/l/QPDfWwKh61a9Z8nwFtPjtD+sgMhCGKIExRjRWJybUa/NX9gYUSj0UwN8txYbm58iroOIiMzbrVj1lmIzP4JNRQzoH/HClsfWpQ++F5mIMLvZbN3oLeQlFn6T4/pxOedykNPzn9/wuZzEfDL1tAiWwDHauGL72+aj0ZM/Adp2K4TbDP/paVV88wxX90I8RubqMqWP/TzRAMw++6GVS8Ll86MHr2G6aV5vbsQaExYwqeZkKjfe9FHyVieZ+LpY9OhDiPi1Y60g5HZiIlJA3GdqSlT7+Y756foATLwrZR6jZPmlqVGVKdfqQdbWT1/+km2R8Brb8Oj71cZ7iY6GTwGZ6luDAcqktAgO9dvzWqSC1LK1hq74lC0uwo8sbmlgvUTlkUTVhdLiUmiUqzjCHZBFzZuypf9CvIjvmoVXz7CkTO94CzYBD0B5825rQmlikM5Z1ipX+hrGyoWRVmmpEPxdQFB2v/R4ZWO4XcuA9zP9GTNRfN+wH0JpQWcUZ9Xs38qYn+0bn1CLakurxByu525KtiCclKgf/yYzN0p8/tt98cgqbi8Q2U1O1Yz8epGqkLC9DSty4kRW9yXzSwWhMW0p4W8G1pV4H7fIxY2aurB/34Al2BhAtaj3y9ESEvNnpRrGGX6jSJ8hiKDjgyR3HArisIJJdoXpeMJVamvJyXAx8ak5RSiXZWNBlAjk5IrqEJ/ENJ0TgM/NfBurNu7x6QdOcwScZ9dnrQcS6MA+7zNYPOmEDrX2fwPLoY5HtxbR06Zd+VCYwJX8UnwqmGspgSYlTRoVNdWEnHPOWs/MOQtM2BwO+fMWCkHYVyvn8KHYg9S2nKOhQOqrriPijVJO7g4Lqkg8Tjyh8SE64Sr7t7Huby3LUFoYTgUZjvv78pIkqwb6BFuMjS64j9NgE4izPf7WQrZ1Z3IdCffSp0DlUUw/Lo7TpeKkgUV+aD9cfkQXtTJJBJvpV9zHrs13sWKhvHQxs9rp1PIg4ITu5r0KIfroQkV8F8ruu68frBOS4P31cJmP789+84OQBzEzosSZIzokE7Ho8ARHIJH9fT7dHIUx7glqRsc3LRKcFrfdsgv4tZ2xGgGkRES8MAZ9vdYV0rs03vu2OUB95m8z03oz8qy93M/+Wo05WnKyeJRbnP+2FIR+yNk0mhe8/8JHonJC8S5aLBv3RviJODdK4bWYRgbOQ9GdnrofpS9X5mN8aQyCiZa+QlegwgyEjavSu3rjlH89G+FN1EX/bm6PjhfIExwrJmOy8Gx6fbUc+Mlz6L6DMtPh9XdWESc50hgTGlNfAHWViUPPK2c4g0FUhQ2Pd8D13/GFFU9bX8TAuLzgMJS9qILKhjrV0KoA9lXNql+YeoQmrLIdHRQ0kCBKhDAmWVZE9t1JgEFwOKNYR4LUxEuHp5ktHbsArqbz+zHFf37g0JUOp+pDQ9uB+Xm5fd3tJIAEJ4qdyYctjShmdN3EWsjevik/wiv/+8t+1x9LKjc86NcmHBHh/c7gkVMPWUOvLGqUtVgZNR3fte8jtG7OItwM5eWwhyo3upV9IRb+pB68YCn1XoLbXkYotMUmCeLL4xKzr8RkmEYmKe/+i5dxemQfx0fTmcLZbnC7P/S3tq3vK5ComKwpJ7ZPC9uglY5U9kOITDSvY/CQug5ptrE2aN62W3kcHFoDekqECB4j2IrNFLdlQHk8Xpi+Ak2mJfUsB8Z4kajiV7qdT2ncabjLoKrko7NxCGl+3lhdiXpORylv9QwdaCLZInvjQlckSXNQ7v6fESzhjf3e6U1kJKhFy+9ERIDr+n1bEmIS67hrElmXy2pyCvZ1z2Xgu/N38gyRjuZOqbYEzwwG02CiguhoaaDjFKvyKfYaFQUfjzeGnWKO0DRn1eCOEtUbrTI+KNxD/Cer6RSBd/kpRxKXVaiaFOiEpGwcXnEDzVspLxcXmE8UAlFOREQDL0MpcFBlzM2AVfRqsog/Y+kM1rFlUu4LF4ZDbzRQ0uwVVOd66AXVjwXjwWIFJIyc9q2OXJ4MQOh7VMsAT2O9A1trIn2SPh7U0N785EOaJ4jJncaXU1D7I7KPHLcvetlMGSuNb9KjMgRtCi2PxoxsXRQh+LFS/kv5IKpVkKiGwE0cjIDprpLhWNYb4c2bScvMbFeB5QrLw500SyzIGaXstJ9v8ii0GdUhmpKb1XQhisE+Oe32o8h4OSLHMHZ4/bC1514Bf99eccp+WME8BoeaV0ulhGeSJ/rvLJJe/j+9E9tIUka7QOmtBrWPK+A6so0UI3qOBKLr0aPg4djcuB+QZRasQJyqXvcmT1bXyReH6UmOgXBAAVDUuMiiTkfjOlnjv0DU+ogQKuA0fOlBINMoSB/JBrZ3I8e7r8YldtoPHOycpzBRmOnRHB1lCF+V858oDDF7ZCC0FiEWQsl2Yw0nLvzwQ+BGz1kJ0n5xjW9VaKAT6AV5VkNF8wYJAPjPyLGZ3HAw3MBXl6Xx2LsU6uaJt9GFf1xDUJps5qx5QAp9D8j+QDMYespSc+GQEfufK6qP08ai2KdX6DKKrL5Lwr5XfGTwt6U0uBvBus55xA0UjVq2bhiguqtNqnVKWx9583mBovRSMEK3cBDdE/pUFwFpmSyJsIoLG4HMr4/BUYud1j9UeF9ekZaofCXyKWfIDAQSIbSTwWu4dmWtZoMzr7EbX1EOVZdioi1CLPlk7aaRK/0YpBejUvVxovX53PRXoKxkB24v60G4XhjrWJHRoZNDYa2eaFdMzbhbSz/A7ytHbdvSGUtVJjqOuWNc9Q673fAQ+ZrLy4LsUWQi/cnJiq6z52BaM3VT3e1VbJxGjUxf9DW85v6iGpMjr1ir+ncvPgpywf+M7JTByFc0o3qnzA2RWC3NMnCNzfZhpyZIjMeCNKnQrTcAa8Nd+8VHEHvn4hcZtC3pwpDBNayb93STXcfSGZVB8KqiKmrQYJvZ1/eoBolsrMuhoaBaqYdLpxVWIOW5Lw293KpM/JspFUN12peGuXiL5kWCO31xNjsbjgzmYciRIMUB0z/uZysd3YTI9cMPfFdDYALIaVaDvrjink93O+RxfsKBM3G8XaxEFU6xiI7m3FnCdtYUbProYpPj6aA883dsIvOhdRhWAovhgZsFZ3zJ6J0GX+cyf0aQzp3DCAMTia7ybVzNeRENBP1u8yARsF7FCpo2ySLaA0yabPROXFu1rV+Oj2wTcSlHNIQrHbIkH+OmmwGEer6ew0tHwy3KXeRRZIuLYghO27G8uznjgwDOTCaqzDh//uCg2TQ6mXlWSKmqhYoImzgB5sWwvnk1iyaHyPQMSv2H7qklrJMt1QUF4ditrQr2wPtGAs7w0ARNIVGxOdsoMZWn/gqxPpWy2DqN+YcrMB2DOHg9ltI8ZchxqwgW7i3edzl63eqDbq/E5KqeApn8l6cseQ0F7r153fzRfCK9+uaerwSeGgNMfGbBe/VbrU5OJ5DRH02R8aJU4EVJq9fsRWVbwtzW8alpJ0dKpaaa8Kp9MSCtQRDYfK9buF4dGQVTI//SnrMygIkUipLdbJkN6bijAIYyr4mC+auUeaialR+jl8CQUg0lKKLumyuxYnH8gp+n+zqYLSroiUjU66i7KSDDx3RSM9UAeQNGGoz/9WRp0SQj4+N6sXEIKIiijuH3Pgtn5AlLVZtuv0+cZsxLcICKsCmetn1I/GliiMoZQ+qBU063hX+sDlutSPsL7R2Nc3osK2n0p+dqTztQNhSF8eO6Z6CvWPHS/vl0xZiSVk5hEDdSDMyYOky8Wqa/kYV4yH/aWekkFqd17YJz1EGQV4fxG82gsEmDEp40ngazMEu9dj/wpZfViBRjZbGtoK58xJKZYQIjeilDClWJB9/RNmbp1G9nxvZF7d67MBMNXgbWFpANnuuZvNjUr68P+k7Yj1CyHfzQKvEQ7f2KNkUKxAtbNg3NH2drRzYiOFezwcenWne4hF26isIERsvoa285vEYaCQslFRpI6JMxJz45mswjAgOueuwjWZFwWKJxIT8WuVWD60rvpCrhrt/q0wBqS7CNkVVx/iSzxxHrW0xu/ugpdSgGMN1iS8Q85WsfIWJ8iISac2xSjIA/TP4JX318rcngjb/pC92/VOv4y1hOOOah4xHNECXS4Mh+/fKpxGhtYOwt8Z4i/L0ih+omzEnwfHFuhcvx1yh/0z5NqXgUiCnF54MTkiefAhruDMVV8kNY49EtfFK5WA07LoHG9zgCRjUr06eYO7miy8SP+q7a42VE3MH7lTXIA7fwvmmSCpYeuB9zVKaPXK2gzeAkGP3VQRzYkl3CgMRVOO3nVjm0WqX94RhtWfemVJkRCapNNSnuO5Cv7SDkchBe+S7TmXGYd7dkSx7WKZH27o3mkTIjB4nyAzYFiTWSAGHqd6CjRfXRtKguY0u7eXBzq0qxAsP7M8Kl+VbQYbCF692v+/ycW3c3cOkFJem3HITK7uefUQaLKfR51dAXqPOwXjfUJSjKJipIvmMjY/GZUjkUbAYMX0vF62lO4/mLs0aws5i9XmmO3T6ygpjHUSpSgPenUfdrwo+D3X0oen5g2wP6yIy72vqrOLoQjGOfwQhpCLwWzbNPN3YNXFYUIFaLIfTDJhs8FjgtCFajf5eTeJSeQeGVqe02Rt3Z6wSSyBS2O2IhNJgXoQT5BdNMsRJHmWT13sWPXV514lqOc2qoffZmvy92t4qnaGL9P0UZekUbWF6Di8WDEd8Y1XWAT6hkOrWjU6R2Nf/MfXuyqAL1zpBjVzcqw7Axbguq/C4zuv3jI/u7+P7YCTlSm5vAHAXKR/oHCHvS6aJ0w7rpk/RXsaGMfG9DFL/AqOaCfyhi0XMCMMpS/6H0Qbc1egjdG0PrIuXLjhkbQqYGgU+GUWdYBbwuPjS2ybsx+D3WFmHG4SlNDo8IAyQA1eJh/jNVIW4H4c=','123','2027-05-01','2020-05-06 03:30:55',NULL,1);
/*!40000 ALTER TABLE `payment_info` ENABLE KEYS */;
UNLOCK TABLES;

--
-- Table structure for table `payment_integration_type`
--

DROP TABLE IF EXISTS `payment_integration_type`;
/*!40101 SET @saved_cs_client     = @@character_set_client */;
/*!40101 SET character_set_client = utf8 */;
CREATE TABLE `payment_integration_type` (
  `id` bigint(3) NOT NULL AUTO_INCREMENT,
  `name` varchar(45) NOT NULL,
  `enabled` tinyint(1) NOT NULL,
  PRIMARY KEY (`id`)
) ENGINE=InnoDB AUTO_INCREMENT=4 DEFAULT CHARSET=latin1;
/*!40101 SET character_set_client = @saved_cs_client */;

--
-- Dumping data for table `payment_integration_type`
--

LOCK TABLES `payment_integration_type` WRITE;
/*!40000 ALTER TABLE `payment_integration_type` DISABLE KEYS */;
INSERT INTO `payment_integration_type` VALUES (1,'WEB SERVICE',1),(2,'PAYMENT GATEWAY',1),(3,'PAYMENT GATEWAY',1);
/*!40000 ALTER TABLE `payment_integration_type` ENABLE KEYS */;
UNLOCK TABLES;

--
-- Table structure for table `payment_patner`
--

DROP TABLE IF EXISTS `payment_patner`;
/*!40101 SET @saved_cs_client     = @@character_set_client */;
/*!40101 SET character_set_client = utf8 */;
CREATE TABLE `payment_patner` (
  `id` bigint(3) NOT NULL AUTO_INCREMENT,
  `integrationTypeId` bigint(3) NOT NULL,
  `name` varchar(45) NOT NULL,
  `urlSubmit` varchar(255) DEFAULT NULL,
  `paymentUser` varchar(255) DEFAULT NULL,
  `encriptionKey` varchar(255) DEFAULT NULL,
  `urlResponse` varchar(255) DEFAULT NULL,
  `urlConfirmation` varchar(255) DEFAULT NULL,
  `testMode` tinyint(1) NOT NULL,
  `enabled` tinyint(1) NOT NULL,
  PRIMARY KEY (`id`),
  KEY `fk_payment_patner_integrationType1` (`integrationTypeId`),
  CONSTRAINT `fk_payment_patner_integrationType1` FOREIGN KEY (`integrationTypeId`) REFERENCES `payment_integration_type` (`id`) ON DELETE NO ACTION ON UPDATE NO ACTION
) ENGINE=InnoDB AUTO_INCREMENT=5 DEFAULT CHARSET=latin1;
/*!40101 SET character_set_client = @saved_cs_client */;

--
-- Dumping data for table `payment_patner`
--

LOCK TABLES `payment_patner` WRITE;
/*!40000 ALTER TABLE `payment_patner` DISABLE KEYS */;
INSERT INTO `payment_patner` VALUES (2,1,'Authorize.net',NULL,NULL,NULL,NULL,NULL,1,1),(3,2,'ALODIGA.COM',NULL,NULL,NULL,NULL,NULL,1,1),(4,3,'ALODIGA.COM',NULL,NULL,NULL,NULL,NULL,1,1);
/*!40000 ALTER TABLE `payment_patner` ENABLE KEYS */;
UNLOCK TABLES;

--
-- Table structure for table `payment_type`
--

DROP TABLE IF EXISTS `payment_type`;
/*!40101 SET @saved_cs_client     = @@character_set_client */;
/*!40101 SET character_set_client = utf8 */;
CREATE TABLE `payment_type` (
  `id` bigint(3) NOT NULL AUTO_INCREMENT,
  `name` varchar(45) NOT NULL,
  `enabled` tinyint(1) NOT NULL,
  PRIMARY KEY (`id`)
) ENGINE=InnoDB AUTO_INCREMENT=4 DEFAULT CHARSET=latin1;
/*!40101 SET character_set_client = @saved_cs_client */;

--
-- Dumping data for table `payment_type`
--

LOCK TABLES `payment_type` WRITE;
/*!40000 ALTER TABLE `payment_type` DISABLE KEYS */;
INSERT INTO `payment_type` VALUES (1,'CASH',1),(2,'CREDIT_CARD',1),(3,'CREDIT_CARD',1);
/*!40000 ALTER TABLE `payment_type` ENABLE KEYS */;
UNLOCK TABLES;

--
-- Table structure for table `period`
--

DROP TABLE IF EXISTS `period`;
/*!40101 SET @saved_cs_client     = @@character_set_client */;
/*!40101 SET character_set_client = utf8 */;
CREATE TABLE `period` (
  `id` bigint(3) NOT NULL AUTO_INCREMENT,
  `name` varchar(45) NOT NULL,
  `description` varchar(45) DEFAULT NULL,
  `days` int(11) NOT NULL,
  PRIMARY KEY (`id`)
) ENGINE=InnoDB DEFAULT CHARSET=latin1;
/*!40101 SET character_set_client = @saved_cs_client */;

--
-- Dumping data for table `period`
--

LOCK TABLES `period` WRITE;
/*!40000 ALTER TABLE `period` DISABLE KEYS */;
/*!40000 ALTER TABLE `period` ENABLE KEYS */;
UNLOCK TABLES;

--
-- Table structure for table `preference`
--

DROP TABLE IF EXISTS `preference`;
/*!40101 SET @saved_cs_client     = @@character_set_client */;
/*!40101 SET character_set_client = utf8 */;
CREATE TABLE `preference` (
  `id` bigint(10) NOT NULL AUTO_INCREMENT,
  `name` varchar(45) NOT NULL,
  `enabled` tinyint(1) NOT NULL,
  `description` text NOT NULL,
  PRIMARY KEY (`id`)
) ENGINE=InnoDB AUTO_INCREMENT=5 DEFAULT CHARSET=latin1;
/*!40101 SET character_set_client = @saved_cs_client */;

--
-- Dumping data for table `preference`
--

LOCK TABLES `preference` WRITE;
/*!40000 ALTER TABLE `preference` DISABLE KEYS */;
INSERT INTO `preference` VALUES (1,'session',1,'Values relacionados con las sesion'),(2,'background',1,'Can set default and not default values'),(3,'transaction',1,'All related to transaction.'),(4,'commission',1,'Value relacionados con la session');
/*!40000 ALTER TABLE `preference` ENABLE KEYS */;
UNLOCK TABLES;

--
-- Table structure for table `preference_control`
--

DROP TABLE IF EXISTS `preference_control`;
/*!40101 SET @saved_cs_client     = @@character_set_client */;
/*!40101 SET character_set_client = utf8 */;
CREATE TABLE `preference_control` (
  `id` bigint(3) NOT NULL AUTO_INCREMENT,
  `preferenceId` bigint(3) DEFAULT NULL,
  `customerId` bigint(3) DEFAULT NULL,
  `userId` bigint(3) DEFAULT NULL,
  `paramValue` varchar(255) NOT NULL,
  `creationDate` datetime NOT NULL,
  `accessCounter` bigint(3) NOT NULL DEFAULT '0',
  `preferenceFieldId` bigint(3) NOT NULL,
  PRIMARY KEY (`id`),
  KEY `fk_preferenceId` (`preferenceId`),
  KEY `fk_preferenceFieldId` (`preferenceFieldId`),
  CONSTRAINT `fk_preferenceFieldId` FOREIGN KEY (`preferenceFieldId`) REFERENCES `preference_field` (`id`) ON DELETE NO ACTION ON UPDATE NO ACTION
) ENGINE=InnoDB DEFAULT CHARSET=latin1;
/*!40101 SET character_set_client = @saved_cs_client */;

--
-- Dumping data for table `preference_control`
--

LOCK TABLES `preference_control` WRITE;
/*!40000 ALTER TABLE `preference_control` DISABLE KEYS */;
/*!40000 ALTER TABLE `preference_control` ENABLE KEYS */;
UNLOCK TABLES;

--
-- Table structure for table `preference_field`
--

DROP TABLE IF EXISTS `preference_field`;
/*!40101 SET @saved_cs_client     = @@character_set_client */;
/*!40101 SET character_set_client = utf8 */;
CREATE TABLE `preference_field` (
  `id` bigint(20) NOT NULL AUTO_INCREMENT,
  `name` varchar(45) NOT NULL,
  `preferenceId` bigint(20) NOT NULL,
  `enabled` tinyint(4) NOT NULL,
  `preferenceTypeId` bigint(20) NOT NULL,
  PRIMARY KEY (`id`),
  KEY `fk_preference_field_preference` (`preferenceId`),
  KEY `fk_preference_field_preference_type` (`preferenceTypeId`),
  CONSTRAINT `fk_preference_field_preference` FOREIGN KEY (`preferenceId`) REFERENCES `preference` (`id`) ON DELETE NO ACTION ON UPDATE NO ACTION,
  CONSTRAINT `fk_preference_field_preference_type` FOREIGN KEY (`preferenceTypeId`) REFERENCES `preference_type` (`id`) ON DELETE NO ACTION ON UPDATE NO ACTION
) ENGINE=InnoDB AUTO_INCREMENT=20 DEFAULT CHARSET=latin1;
/*!40101 SET character_set_client = @saved_cs_client */;

--
-- Dumping data for table `preference_field`
--

LOCK TABLES `preference_field` WRITE;
/*!40000 ALTER TABLE `preference_field` DISABLE KEYS */;
INSERT INTO `preference_field` VALUES (1,'TIMEOUT_INACTIVE_SESSION',1,1,1),(4,'MAX_TRANSACTION_AMOUNT_LIMIT',3,1,1),(5,'MAX_TRANSACTION_NUMBER_BY_ACCOUNT',3,1,1),(6,'MAX_TRANSACTION_NUMBER_BY_CUSTOMER',3,1,1),(7,'MAX_WRONG_LOGIN_INTENT_NUMBER',1,1,1),(8,'PERIOD',1,1,1),(9,'DISABLED_TRANSACTION',3,1,1),(10,'MAX_TRANSACTION_AMOUNT_DAILY_LIMIT',3,1,1),(11,'MAX_PROMOTION_TRANSACTION_DAILY_LIMIT',3,1,1),(12,'DEFAULT_SMS_PROVIDER',2,1,1),(13,'BILL_PAYMENT_PREPAY_NATION_RECHARGE',3,1,1),(19,'MIN_VALUE_BALANCE_TRANSFER_TO',3,1,1);
/*!40000 ALTER TABLE `preference_field` ENABLE KEYS */;
UNLOCK TABLES;

--
-- Table structure for table `preference_type`
--

DROP TABLE IF EXISTS `preference_type`;
/*!40101 SET @saved_cs_client     = @@character_set_client */;
/*!40101 SET character_set_client = utf8 */;
CREATE TABLE `preference_type` (
  `id` bigint(3) NOT NULL AUTO_INCREMENT,
  `type` varchar(45) DEFAULT NULL,
  PRIMARY KEY (`id`)
) ENGINE=InnoDB AUTO_INCREMENT=6 DEFAULT CHARSET=latin1;
/*!40101 SET character_set_client = @saved_cs_client */;

--
-- Dumping data for table `preference_type`
--

LOCK TABLES `preference_type` WRITE;
/*!40000 ALTER TABLE `preference_type` DISABLE KEYS */;
INSERT INTO `preference_type` VALUES (1,'INTEGER'),(2,'FLOAT'),(3,'STRING'),(4,'DATE'),(5,'PERIOD');
/*!40000 ALTER TABLE `preference_type` ENABLE KEYS */;
UNLOCK TABLES;

--
-- Table structure for table `preference_value`
--

DROP TABLE IF EXISTS `preference_value`;
/*!40101 SET @saved_cs_client     = @@character_set_client */;
/*!40101 SET character_set_client = utf8 */;
CREATE TABLE `preference_value` (
  `id` bigint(10) NOT NULL AUTO_INCREMENT,
  `value` varchar(45) NOT NULL,
  `beginningDate` datetime NOT NULL,
  `endingDate` datetime DEFAULT NULL,
  `preferenceFieldId` bigint(20) NOT NULL,
  `enterpriseId` bigint(20) NOT NULL,
  PRIMARY KEY (`id`),
  KEY `fk_preference_value_preference_type` (`preferenceFieldId`),
  KEY `fk_general_option_enterprise1` (`enterpriseId`),
  CONSTRAINT `fk_general_option_enterprise1` FOREIGN KEY (`enterpriseId`) REFERENCES `enterprise` (`id`) ON DELETE NO ACTION ON UPDATE NO ACTION,
  CONSTRAINT `fk_preference_value_preference_type` FOREIGN KEY (`preferenceFieldId`) REFERENCES `preference_field` (`id`)
) ENGINE=InnoDB AUTO_INCREMENT=129 DEFAULT CHARSET=latin1;
/*!40101 SET character_set_client = @saved_cs_client */;

--
-- Dumping data for table `preference_value`
--

LOCK TABLES `preference_value` WRITE;
/*!40000 ALTER TABLE `preference_value` DISABLE KEYS */;
INSERT INTO `preference_value` VALUES (1,'1','2012-04-03 14:40:46','2012-04-03 15:17:48',4,1),(2,'300','2012-04-03 14:40:46','2012-04-04 09:57:02',5,1),(3,'-1','2012-04-03 14:40:46','2012-04-03 15:17:48',6,1),(4,'-1','2012-04-03 14:40:46','2012-04-03 15:10:37',7,1),(5,'200','2012-04-03 14:40:46','2012-04-04 09:48:02',1,1),(6,'-1','2012-04-03 14:41:43','2012-04-03 14:41:43',4,2),(7,'-1','2012-04-03 14:41:43','2012-04-03 16:13:54',5,2),(8,'-1','2012-04-03 14:41:43','2012-04-03 15:18:05',6,2),(9,'3','2012-04-03 14:41:43',NULL,7,2),(10,'100','2012-04-03 14:41:43',NULL,1,2),(12,'500','2012-04-03 15:10:37','2012-04-04 09:51:07',7,1),(13,'4','2012-04-03 15:10:37','2012-05-11 19:46:11',8,1),(14,'4','2012-04-03 15:10:52',NULL,8,2),(15,'5000','2012-04-03 15:17:48','2012-04-26 19:51:40',4,1),(16,'100','2012-04-03 15:17:48','2012-07-03 21:38:50',6,1),(17,'15','2012-04-03 15:18:05',NULL,6,2),(18,'300','2012-04-03 16:13:54',NULL,5,2),(19,'100','2012-04-04 09:48:02','2012-04-04 09:49:34',1,1),(20,'200','2012-04-04 09:49:34','2012-04-04 09:49:35',1,1),(21,'100','2012-04-04 09:49:35','2012-04-04 09:51:07',1,1),(22,'200','2012-04-04 09:51:07','2012-04-04 09:51:07',1,1),(23,'150','2012-04-04 09:51:07','2012-04-04 09:51:51',7,1),(24,'100','2012-04-04 09:51:07','2012-04-04 09:51:51',1,1),(25,'500','2012-04-04 09:51:51','2012-04-04 09:51:52',7,1),(26,'200','2012-04-04 09:51:51','2012-04-04 09:51:52',1,1),(27,'150','2012-04-04 09:51:52','2012-04-04 09:53:09',7,1),(28,'100','2012-04-04 09:51:52','2012-04-04 09:53:09',1,1),(29,'500','2012-04-04 09:53:09','2012-04-04 09:53:10',7,1),(30,'200','2012-04-04 09:53:09','2012-04-04 09:53:10',1,1),(31,'150','2012-04-04 09:53:10','2012-04-04 09:57:02',7,1),(32,'100','2012-04-04 09:53:10','2012-04-04 09:57:02',1,1),(33,'500','2012-04-04 09:57:02','2012-04-04 09:57:02',7,1),(34,'200','2012-04-04 09:57:02','2012-04-04 09:57:02',1,1),(35,'50','2012-04-04 09:57:02','2012-04-04 09:58:46',5,1),(36,'150','2012-04-04 09:57:02','2012-04-04 09:58:46',7,1),(37,'100','2012-04-04 09:57:02','2012-04-04 09:58:46',1,1),(38,'300','2012-04-04 09:58:46','2012-04-04 09:58:47',5,1),(39,'500','2012-04-04 09:58:46','2012-04-04 09:58:47',7,1),(40,'200','2012-04-04 09:58:46','2012-04-04 09:58:47',1,1),(41,'50','2012-04-04 09:58:47','2012-04-04 10:00:00',5,1),(42,'150','2012-04-04 09:58:47','2012-04-04 10:00:00',7,1),(43,'100','2012-04-04 09:58:47','2012-04-04 10:00:00',1,1),(44,'300','2012-04-04 10:00:00','2012-04-04 10:00:02',5,1),(45,'500','2012-04-04 10:00:00','2012-04-04 10:00:02',7,1),(46,'200','2012-04-04 10:00:00','2012-04-04 10:00:02',1,1),(47,'50','2012-04-04 10:00:02','2012-04-04 10:02:56',5,1),(48,'150','2012-04-04 10:00:02','2012-04-04 12:21:30',7,1),(49,'100','2012-04-04 10:00:02','2012-04-04 10:20:43',1,1),(50,'100','2012-04-04 10:02:56','2012-04-04 10:11:13',5,1),(51,'20','2012-04-04 10:11:13','2012-04-04 10:17:29',5,1),(52,'10','2012-04-04 10:17:29','2012-04-04 10:36:49',5,1),(53,'20','2012-04-04 10:20:43','2012-04-04 10:36:43',1,1),(54,'100','2012-04-04 10:36:43','2012-04-04 10:36:48',1,1),(55,'20','2012-04-04 10:36:48','2012-04-04 10:38:37',1,1),(56,'11','2012-04-04 10:36:49','2012-04-04 10:38:37',5,1),(57,'10','2012-04-04 10:38:37','2012-04-04 10:38:47',5,1),(58,'100','2012-04-04 10:38:37','2012-04-04 10:38:47',1,1),(59,'20','2012-04-04 10:38:47',NULL,1,1),(60,'11','2012-04-04 10:38:47','2012-04-04 11:44:46',5,1),(61,'1','2012-04-04 11:44:39','2012-04-04 11:53:00',9,1),(62,'15','2012-04-04 11:44:46','2012-05-09 20:27:36',5,1),(63,'0','2012-04-04 11:44:58','2012-04-04 11:57:12',9,2),(64,'0','2012-04-04 11:53:00','2012-04-04 11:53:15',9,1),(65,'0','2012-04-04 11:53:15','2012-04-26 16:37:57',9,1),(67,'150','2012-04-04 12:21:30',NULL,7,1),(68,'3','2012-04-04 12:21:30','2012-07-03 21:38:50',7,1),(69,'10000','2012-04-04 12:21:30','2013-03-28 18:51:09',10,1),(70,'15000','2012-04-26 19:51:40','2012-06-28 16:39:20',4,1),(71,'1','2012-04-26 16:37:57','2012-04-26 16:38:00',9,1),(72,'0','2012-04-26 16:38:00','2012-04-26 16:40:05',9,1),(73,'1','2012-04-26 16:40:05','2012-04-26 16:40:21',9,1),(74,'0','2012-04-26 16:40:21','2012-04-26 16:41:05',9,1),(75,'1','2012-04-26 16:41:05','2012-04-26 16:41:37',9,1),(76,'0','2012-04-26 16:41:37','2012-05-10 19:56:40',9,1),(77,'15','2012-04-26 16:41:37','2012-04-30 14:43:52',11,1),(78,'20','2012-04-30 14:43:52','2012-04-30 14:50:09',11,1),(79,'30','2012-04-30 14:50:09','2012-04-30 14:51:12',11,1),(80,'45','2012-04-30 14:51:12','2012-05-09 20:22:23',11,1),(81,'3','2012-05-09 20:22:23','2012-05-10 14:23:25',11,1),(82,'5','2012-05-09 20:27:36','2012-05-09 20:29:31',5,1),(83,'10','2012-05-09 20:29:31','2012-05-11 21:56:38',5,1),(84,'6','2012-05-10 14:23:25','2012-05-11 21:56:38',11,1),(85,'1','2012-05-10 19:56:40','2012-05-10 19:56:43',9,1),(86,'0','2012-05-10 19:56:43','2012-05-10 19:56:43',9,1),(87,'1','2012-05-10 19:56:43','2012-05-10 16:53:09',9,1),(88,'0','2012-05-10 16:53:09','2012-05-10 16:53:11',9,1),(89,'1','2012-05-10 16:53:11','2012-05-10 16:53:12',9,1),(90,'0','2012-05-10 16:53:12','2012-05-10 21:16:57',9,1),(91,'1','2012-05-10 21:16:57','2012-10-31 11:53:17',9,1),(92,'2','2012-05-11 19:46:11','2012-05-16 19:03:43',8,1),(93,'2','2012-05-11 21:56:38','2012-05-11 21:56:41',5,1),(94,'2','2012-05-11 21:56:38','2012-05-21 14:21:54',11,1),(95,'3','2012-05-11 21:56:41','2012-05-11 22:08:42',5,1),(96,'5','2012-05-11 22:08:42','2012-05-21 14:21:54',5,1),(97,'4','2012-05-16 19:03:43','2012-05-21 14:21:54',8,1),(98,'2','2012-05-21 14:21:54','2012-05-21 15:46:55',5,1),(99,'2','2012-05-21 14:21:54','2014-04-01 15:38:06',8,1),(100,'1','2012-05-21 14:21:54','2012-05-21 15:46:55',11,1),(101,'100','2012-05-21 15:46:55','2012-07-03 21:38:50',5,1),(102,'10','2012-05-21 15:46:55','2012-10-24 15:51:52',11,1),(103,'100','2012-06-28 16:39:20','2012-06-28 17:57:03',4,1),(104,'500000','2012-06-28 17:57:03',NULL,4,1),(105,'1000','2012-07-03 21:38:50','2012-10-04 11:21:06',5,1),(106,'1000','2012-07-03 21:38:50','2012-10-26 13:50:01',6,1),(107,'5','2012-07-03 21:38:50',NULL,7,1),(108,'2000','2012-10-04 11:21:06','2012-10-26 13:50:01',5,1),(109,'100','2012-10-24 15:51:52','2012-10-26 13:50:01',11,1),(110,'10000','2012-10-26 13:50:01','2013-03-28 18:51:30',5,1),(111,'100','2012-10-26 13:50:01',NULL,6,1),(112,'500','2012-10-26 13:50:01','2013-04-05 16:31:12',11,1),(113,'0','2012-10-31 11:53:17','2012-10-31 11:55:14',9,1),(114,'1','2012-10-31 11:55:14','2013-02-25 16:27:18',9,1),(115,'0','2013-02-25 16:27:18','2013-02-25 16:27:20',9,1),(116,'1','2013-02-25 16:27:20',NULL,9,1),(117,'4','2013-04-03 14:40:46','2013-03-21 05:52:05',12,1),(118,'4','2013-04-03 14:40:46',NULL,12,2),(119,'5','2013-03-21 05:52:05','2013-03-21 05:52:56',12,1),(120,'4','2013-03-21 05:52:56','2013-07-06 11:11:36',12,1),(121,'150000','2013-03-28 18:51:09',NULL,10,1),(122,'1000','2013-03-28 18:51:30',NULL,5,1),(123,'10','2013-04-05 16:31:12','2013-10-23 19:36:01',11,1),(124,'5','2013-07-06 11:11:36','2013-07-06 17:34:58',12,1),(125,'4','2013-07-06 17:34:58',NULL,12,1),(126,'1.5','2013-07-11 09:00:00',NULL,13,1),(127,'15000','2013-10-23 19:36:01',NULL,11,1),(128,'1','2014-04-01 15:38:06',NULL,8,1);
/*!40000 ALTER TABLE `preference_value` ENABLE KEYS */;
UNLOCK TABLES;

--
-- Table structure for table `product`
--

DROP TABLE IF EXISTS `product`;
/*!40101 SET @saved_cs_client     = @@character_set_client */;
/*!40101 SET character_set_client = utf8 */;
CREATE TABLE `product` (
  `id` bigint(3) NOT NULL AUTO_INCREMENT,
  `enterpriseId` bigint(3) NOT NULL,
  `categoryId` bigint(3) NOT NULL,
  `productIntegrationTypeId` bigint(3) NOT NULL,
  `name` varchar(45) NOT NULL,
  `taxInclude` tinyint(1) NOT NULL,
  `enabled` tinyint(1) NOT NULL,
  `referenceCode` varchar(45) NOT NULL,
  `ratesUrl` varchar(255) DEFAULT NULL,
  `accessNumberUrl` varchar(255) DEFAULT NULL,
  `isFree` tinyint(1) NOT NULL DEFAULT '1',
  `isAlocashProduct` tinyint(1) NOT NULL,
  `symbol` varchar(255) NOT NULL,
  `isPayTopUp` tinyint(1) NOT NULL,
  `isExchangeProduct` tinyint(1) NOT NULL,
  `isRemettence` tinyint(1) NOT NULL,
  `isPaymentInfo` tinyint(1) NOT NULL,
  PRIMARY KEY (`id`),
  KEY `fk_product_service1` (`categoryId`),
  KEY `fk_product_integration_type1` (`productIntegrationTypeId`),
  KEY `fk_product_enterprise1` (`enterpriseId`),
  CONSTRAINT `fk_product_enterprise1` FOREIGN KEY (`enterpriseId`) REFERENCES `enterprise` (`id`) ON DELETE NO ACTION ON UPDATE NO ACTION,
  CONSTRAINT `fk_product_integrationType1` FOREIGN KEY (`productIntegrationTypeId`) REFERENCES `product_integration_type` (`id`),
  CONSTRAINT `fk_product_service1` FOREIGN KEY (`categoryId`) REFERENCES `category` (`id`) ON DELETE NO ACTION ON UPDATE NO ACTION
) ENGINE=InnoDB AUTO_INCREMENT=8 DEFAULT CHARSET=latin1;
/*!40101 SET character_set_client = @saved_cs_client */;

--
-- Dumping data for table `product`
--

LOCK TABLES `product` WRITE;
/*!40000 ALTER TABLE `product` DISABLE KEYS */;
INSERT INTO `product` VALUES (1,1,1,1,'Bolivares',0,1,'1001','htttp://www.alodiga.com','584241934005',0,1,'AL',1,1,1,0),(2,1,1,1,'Dolares',0,1,'1001','htttp://www.alodiga.com','584241934005',0,1,'SA',1,1,1,1),(3,1,1,1,'Tarjeta Prepagada',0,1,'1001','htttp://www.alodiga.com','584241934005',0,1,'TP',0,1,1,0),(4,1,1,1,'HealtCoin',0,0,'1002','htttp://www.alodiga.com','584241934005',0,1,'HC',0,0,0,0),(5,1,1,1,'Dolar',0,0,'1003','htttp://www.alodiga.com','584241934005',0,1,'DL',0,0,0,0),(6,1,1,1,'Bolvar',0,0,'1004','htttp://www.alodiga.com','584241934005',0,1,'BS',0,0,0,0),(7,1,1,1,'Top Up',0,0,'1005','htttp://www.alodiga.com','584241934005',0,1,'TP',1,0,0,0);
/*!40000 ALTER TABLE `product` ENABLE KEYS */;
UNLOCK TABLES;

--
-- Table structure for table `product_data`
--

DROP TABLE IF EXISTS `product_data`;
/*!40101 SET @saved_cs_client     = @@character_set_client */;
/*!40101 SET character_set_client = utf8 */;
CREATE TABLE `product_data` (
  `id` bigint(10) NOT NULL AUTO_INCREMENT,
  `productId` bigint(3) NOT NULL,
  `alias` varchar(45) NOT NULL,
  `description` varchar(255) NOT NULL,
  `languageId` bigint(3) NOT NULL DEFAULT '1',
  PRIMARY KEY (`id`),
  KEY `fk_product_data_product1` (`productId`),
  KEY `fk_product_data_language1` (`languageId`),
  CONSTRAINT `fk_product_data_language1` FOREIGN KEY (`languageId`) REFERENCES `language` (`id`),
  CONSTRAINT `fk_product_data_product1` FOREIGN KEY (`productId`) REFERENCES `product` (`id`) ON DELETE NO ACTION ON UPDATE NO ACTION
) ENGINE=InnoDB DEFAULT CHARSET=latin1;
/*!40101 SET character_set_client = @saved_cs_client */;

--
-- Dumping data for table `product_data`
--

LOCK TABLES `product_data` WRITE;
/*!40000 ALTER TABLE `product_data` DISABLE KEYS */;
/*!40000 ALTER TABLE `product_data` ENABLE KEYS */;
UNLOCK TABLES;

--
-- Table structure for table `product_has_provider`
--

DROP TABLE IF EXISTS `product_has_provider`;
/*!40101 SET @saved_cs_client     = @@character_set_client */;
/*!40101 SET character_set_client = utf8 */;
CREATE TABLE `product_has_provider` (
  `id` bigint(10) NOT NULL AUTO_INCREMENT,
  `productId` bigint(3) NOT NULL,
  `providerId` bigint(10) NOT NULL,
  PRIMARY KEY (`id`),
  KEY `fk_product_has_provider_product1` (`productId`),
  KEY `fk_product_has_provider_provider` (`providerId`)
) ENGINE=MyISAM AUTO_INCREMENT=8 DEFAULT CHARSET=latin1;
/*!40101 SET character_set_client = @saved_cs_client */;

--
-- Dumping data for table `product_has_provider`
--

LOCK TABLES `product_has_provider` WRITE;
/*!40000 ALTER TABLE `product_has_provider` DISABLE KEYS */;
/*!40000 ALTER TABLE `product_has_provider` ENABLE KEYS */;
UNLOCK TABLES;

--
-- Table structure for table `product_integration_type`
--

DROP TABLE IF EXISTS `product_integration_type`;
/*!40101 SET @saved_cs_client     = @@character_set_client */;
/*!40101 SET character_set_client = utf8 */;
CREATE TABLE `product_integration_type` (
  `id` bigint(3) NOT NULL AUTO_INCREMENT,
  `name` varchar(45) NOT NULL,
  PRIMARY KEY (`id`)
) ENGINE=InnoDB AUTO_INCREMENT=2 DEFAULT CHARSET=latin1;
/*!40101 SET character_set_client = @saved_cs_client */;

--
-- Dumping data for table `product_integration_type`
--

LOCK TABLES `product_integration_type` WRITE;
/*!40000 ALTER TABLE `product_integration_type` DISABLE KEYS */;
INSERT INTO `product_integration_type` VALUES (1,'Moneda Local');
/*!40000 ALTER TABLE `product_integration_type` ENABLE KEYS */;
UNLOCK TABLES;

--
-- Table structure for table `promotion`
--

DROP TABLE IF EXISTS `promotion`;
/*!40101 SET @saved_cs_client     = @@character_set_client */;
/*!40101 SET character_set_client = utf8 */;
CREATE TABLE `promotion` (
  `id` bigint(10) NOT NULL AUTO_INCREMENT,
  `productId` bigint(3) NOT NULL,
  `transactionTypeId` bigint(3) DEFAULT NULL,
  `periodId` bigint(3) DEFAULT NULL,
  `name` varchar(2000) NOT NULL DEFAULT ' ',
  `promotionType` enum('INITIAL_PURCHASE','ACCOUNT_CREATION','GOAL_ACCOMPLISHMENT') NOT NULL,
  `promotionalAction` enum('BONUS','DISCOUNT') NOT NULL,
  `beginningDate` datetime NOT NULL,
  `endingDate` datetime NOT NULL,
  `isPercentage` tinyint(1) NOT NULL DEFAULT '0',
  `goalAmount` float DEFAULT NULL,
  `promotionalAmount` float NOT NULL DEFAULT '0',
  `promotionValidityDays` int(11) NOT NULL DEFAULT '0',
  `enabled` tinyint(1) NOT NULL,
  PRIMARY KEY (`id`),
  KEY `fk_promotion_product` (`productId`),
  KEY `fk_promotion_transaction_type` (`transactionTypeId`),
  KEY `fk_promotion_period` (`periodId`),
  CONSTRAINT `fk_promotion_period` FOREIGN KEY (`periodId`) REFERENCES `period` (`id`),
  CONSTRAINT `fk_promotion_product` FOREIGN KEY (`productId`) REFERENCES `product` (`id`),
  CONSTRAINT `fk_promotion_transaction_type` FOREIGN KEY (`transactionTypeId`) REFERENCES `transaction_type` (`id`)
) ENGINE=InnoDB DEFAULT CHARSET=latin1;
/*!40101 SET character_set_client = @saved_cs_client */;

--
-- Dumping data for table `promotion`
--

LOCK TABLES `promotion` WRITE;
/*!40000 ALTER TABLE `promotion` DISABLE KEYS */;
/*!40000 ALTER TABLE `promotion` ENABLE KEYS */;
UNLOCK TABLES;

--
-- Table structure for table `promotion_data`
--

DROP TABLE IF EXISTS `promotion_data`;
/*!40101 SET @saved_cs_client     = @@character_set_client */;
/*!40101 SET character_set_client = utf8 */;
CREATE TABLE `promotion_data` (
  `id` bigint(20) NOT NULL AUTO_INCREMENT,
  `promotionId` bigint(20) NOT NULL,
  `languageId` bigint(20) NOT NULL,
  `smsText` varchar(160) NOT NULL,
  `mailText` text NOT NULL,
  PRIMARY KEY (`id`),
  KEY `new_fk_constraint` (`promotionId`),
  KEY `new_fk_constraint_language` (`languageId`),
  CONSTRAINT `new_fk_constraint` FOREIGN KEY (`promotionId`) REFERENCES `promotion` (`id`),
  CONSTRAINT `new_fk_constraint_language` FOREIGN KEY (`languageId`) REFERENCES `language` (`id`)
) ENGINE=InnoDB DEFAULT CHARSET=latin1;
/*!40101 SET character_set_client = @saved_cs_client */;

--
-- Dumping data for table `promotion_data`
--

LOCK TABLES `promotion_data` WRITE;
/*!40000 ALTER TABLE `promotion_data` DISABLE KEYS */;
/*!40000 ALTER TABLE `promotion_data` ENABLE KEYS */;
UNLOCK TABLES;

--
-- Table structure for table `promotion_item`
--

DROP TABLE IF EXISTS `promotion_item`;
/*!40101 SET @saved_cs_client     = @@character_set_client */;
/*!40101 SET character_set_client = utf8 */;
CREATE TABLE `promotion_item` (
  `id` bigint(10) NOT NULL AUTO_INCREMENT,
  `promotionId` bigint(10) DEFAULT NULL,
  `transactionId` bigint(10) DEFAULT NULL,
  `promotionalAmount` float NOT NULL,
  `promotionApplicationDate` datetime NOT NULL,
  `comments` varchar(5000) DEFAULT NULL,
  PRIMARY KEY (`id`),
  KEY `fk_promotion_item_promotion` (`promotionId`),
  KEY `fk_promotion_item_transacction_item1` (`transactionId`),
  CONSTRAINT `fk_promotion_item_promotion` FOREIGN KEY (`promotionId`) REFERENCES `promotion` (`id`),
  CONSTRAINT `fk_promotion_item_transacction_item1` FOREIGN KEY (`transactionId`) REFERENCES `transaction` (`id`)
) ENGINE=InnoDB DEFAULT CHARSET=latin1;
/*!40101 SET character_set_client = @saved_cs_client */;

--
-- Dumping data for table `promotion_item`
--

LOCK TABLES `promotion_item` WRITE;
/*!40000 ALTER TABLE `promotion_item` DISABLE KEYS */;
/*!40000 ALTER TABLE `promotion_item` ENABLE KEYS */;
UNLOCK TABLES;

--
-- Table structure for table `promotion_notification`
--

DROP TABLE IF EXISTS `promotion_notification`;
/*!40101 SET @saved_cs_client     = @@character_set_client */;
/*!40101 SET character_set_client = utf8 */;
CREATE TABLE `promotion_notification` (
  `id` bigint(3) NOT NULL AUTO_INCREMENT,
  `languageId` bigint(3) NOT NULL,
  `promotionType` enum('INITIAL_PURCHASE','ACCOUNT_CREATION','GOAL_ACCOMPLISHMENT') NOT NULL,
  `ackMailFrom` varchar(50) NOT NULL,
  `ackMailSubject` varchar(100) NOT NULL,
  `ackMailHtml` text NOT NULL,
  `ackSmsFrom` varchar(20) NOT NULL,
  `ackSmsText` varchar(140) NOT NULL,
  `enabled` tinyint(1) NOT NULL,
  PRIMARY KEY (`id`),
  KEY `fk_promotion_notification_language` (`languageId`),
  CONSTRAINT `fk_promotion_notification_language` FOREIGN KEY (`languageId`) REFERENCES `language` (`id`)
) ENGINE=InnoDB DEFAULT CHARSET=latin1;
/*!40101 SET character_set_client = @saved_cs_client */;

--
-- Dumping data for table `promotion_notification`
--

LOCK TABLES `promotion_notification` WRITE;
/*!40000 ALTER TABLE `promotion_notification` DISABLE KEYS */;
/*!40000 ALTER TABLE `promotion_notification` ENABLE KEYS */;
UNLOCK TABLES;

--
-- Table structure for table `provider`
--

DROP TABLE IF EXISTS `provider`;
/*!40101 SET @saved_cs_client     = @@character_set_client */;
/*!40101 SET character_set_client = utf8 */;
CREATE TABLE `provider` (
  `id` bigint(10) NOT NULL AUTO_INCREMENT,
  `name` varchar(45) NOT NULL,
  `url` varchar(255) NOT NULL,
  `isSMSProvider` tinyint(1) NOT NULL DEFAULT '0',
  `enabled` tinyint(1) NOT NULL DEFAULT '1',
  `aditionalPercent` float DEFAULT '0',
  PRIMARY KEY (`id`)
) ENGINE=InnoDB AUTO_INCREMENT=2 DEFAULT CHARSET=latin1;
/*!40101 SET character_set_client = @saved_cs_client */;

--
-- Dumping data for table `provider`
--

LOCK TABLES `provider` WRITE;
/*!40000 ALTER TABLE `provider` DISABLE KEYS */;
INSERT INTO `provider` VALUES (1,'transferto','www',0,1,20);
/*!40000 ALTER TABLE `provider` ENABLE KEYS */;
UNLOCK TABLES;

--
-- Table structure for table `report`
--

DROP TABLE IF EXISTS `report`;
/*!40101 SET @saved_cs_client     = @@character_set_client */;
/*!40101 SET character_set_client = utf8 */;
CREATE TABLE `report` (
  `id` bigint(10) NOT NULL AUTO_INCREMENT,
  `name` varchar(45) NOT NULL,
  `description` text NOT NULL,
  `reportTypeId` bigint(3) NOT NULL,
  `query` text,
  `webServiceUrl` varchar(255) DEFAULT NULL,
  `enabled` tinyint(1) NOT NULL,
  PRIMARY KEY (`id`),
  KEY `fk_reportTypeId_ReportType` (`reportTypeId`),
  CONSTRAINT `fk_reportTypeId_ReportType` FOREIGN KEY (`reportTypeId`) REFERENCES `report_type` (`id`)
) ENGINE=InnoDB DEFAULT CHARSET=latin1;
/*!40101 SET character_set_client = @saved_cs_client */;

--
-- Dumping data for table `report`
--

LOCK TABLES `report` WRITE;
/*!40000 ALTER TABLE `report` DISABLE KEYS */;
/*!40000 ALTER TABLE `report` ENABLE KEYS */;
UNLOCK TABLES;

--
-- Table structure for table `report_parameter`
--

DROP TABLE IF EXISTS `report_parameter`;
/*!40101 SET @saved_cs_client     = @@character_set_client */;
/*!40101 SET character_set_client = utf8 */;
CREATE TABLE `report_parameter` (
  `id` bigint(10) NOT NULL AUTO_INCREMENT,
  `parameterTypeId` bigint(3) NOT NULL,
  `reportId` bigint(10) NOT NULL,
  `name` varchar(45) NOT NULL,
  `required` tinyint(1) NOT NULL,
  `indexOrder` int(11) NOT NULL,
  `defaultValue` varchar(255) DEFAULT NULL,
  PRIMARY KEY (`id`),
  KEY `fk_report_parameter_parameter_type1` (`parameterTypeId`),
  KEY `fk_report_parameter_report1` (`reportId`),
  CONSTRAINT `fk_report_parameter_parameter_type1` FOREIGN KEY (`parameterTypeId`) REFERENCES `parameter_type` (`id`) ON DELETE NO ACTION ON UPDATE NO ACTION,
  CONSTRAINT `fk_report_parameter_report1` FOREIGN KEY (`reportId`) REFERENCES `report` (`id`) ON DELETE NO ACTION ON UPDATE NO ACTION
) ENGINE=InnoDB DEFAULT CHARSET=latin1;
/*!40101 SET character_set_client = @saved_cs_client */;

--
-- Dumping data for table `report_parameter`
--

LOCK TABLES `report_parameter` WRITE;
/*!40000 ALTER TABLE `report_parameter` DISABLE KEYS */;
/*!40000 ALTER TABLE `report_parameter` ENABLE KEYS */;
UNLOCK TABLES;

--
-- Table structure for table `report_type`
--

DROP TABLE IF EXISTS `report_type`;
/*!40101 SET @saved_cs_client     = @@character_set_client */;
/*!40101 SET character_set_client = utf8 */;
CREATE TABLE `report_type` (
  `id` bigint(3) NOT NULL AUTO_INCREMENT,
  `name` varchar(100) DEFAULT NULL,
  `description` varchar(200) NOT NULL,
  PRIMARY KEY (`id`)
) ENGINE=InnoDB DEFAULT CHARSET=latin1;
/*!40101 SET character_set_client = @saved_cs_client */;

--
-- Dumping data for table `report_type`
--

LOCK TABLES `report_type` WRITE;
/*!40000 ALTER TABLE `report_type` DISABLE KEYS */;
/*!40000 ALTER TABLE `report_type` ENABLE KEYS */;
UNLOCK TABLES;

--
-- Table structure for table `sms`
--

DROP TABLE IF EXISTS `sms`;
/*!40101 SET @saved_cs_client     = @@character_set_client */;
/*!40101 SET character_set_client = utf8 */;
CREATE TABLE `sms` (
  `id` int(11) NOT NULL AUTO_INCREMENT,
  `userId` bigint(10) DEFAULT NULL,
  `integratorName` varchar(45) DEFAULT NULL,
  `sender` varchar(45) DEFAULT NULL,
  `destination` varchar(45) DEFAULT NULL,
  `content` varchar(1000) DEFAULT NULL,
  `creationDate` datetime NOT NULL,
  `additional` varchar(4000) DEFAULT NULL,
  `status` varchar(45) NOT NULL,
  PRIMARY KEY (`id`)
) ENGINE=InnoDB AUTO_INCREMENT=310 DEFAULT CHARSET=latin1;
/*!40101 SET character_set_client = @saved_cs_client */;

--
-- Dumping data for table `sms`
--

LOCK TABLES `sms` WRITE;
/*!40000 ALTER TABLE `sms` DISABLE KEYS */;
INSERT INTO `sms` VALUES (1,379,'Simbox','584125992035','584125992035','Billetera Alodiga, Usted a realizado un intercambio de producto el dia: 2019-11-04 09:14:48 producto origen: Alocoin  producto destino: Saldo Alodiga por un monto de: 2.0 Bs.','2019-11-04 09:14:48','Respuesta [fechaHora=Mon Nov 04 09:14:48 VET 2019, codigoRespuesta=00, mensajeRespuesta=EXITO]','Enviado'),(2,379,'Simbox','584125992035','584125992035','Billetera Alodiga, Usted a realizado un intercambio de producto el dia: 2019-11-04 09:25:27 producto origen: Alocoin  producto destino: Saldo Alodiga por un monto de: 2.0 Bs.','2019-11-04 09:25:28','{\"error_code\":202,\"sn\":\"db39-0408-1054-0106\",\"sms_in_queue\":1,\"task_id\":20}\r','Enviado'),(3,379,'Simbox','584125992035','584125992035','Billetera Alodiga, Usted a realizado un intercambio de producto el dia: 2019-11-04 11:15:42 producto origen: Alocoin  producto destino: Saldo Alodiga por un monto de: 2.0 Bs.','2019-11-04 11:15:42','{\"error_code\":202,\"sn\":\"db39-0408-1054-0106\",\"sms_in_queue\":1,\"task_id\":27}\r','Enviado'),(4,379,'Simbox','584125992035','584125992035','Billetera Alodiga, Usted a realizado un intercambio de producto el dia: 2019-11-04 11:32:10 producto origen: Alocoin  producto destino: Saldo Alodiga por un monto de: 2.0 Bs.','2019-11-04 11:32:11','{\"error_code\":202,\"sn\":\"db39-0408-1054-0106\",\"sms_in_queue\":1,\"task_id\":33}\r','Enviado'),(5,379,'Simbox','584125992035','584125992035','Billetera Alodiga, Usted a realizado un intercambio de producto el dia: 2019-11-04 11:33:09 producto origen: Alocoin  producto destino: Saldo Alodiga por un monto de: 2.0 Bs.','2019-11-04 11:33:10','{\"error_code\":202,\"sn\":\"db39-0408-1054-0106\",\"sms_in_queue\":1,\"task_id\":34}\r','Enviado'),(6,379,'Simbox','584125992035','584125992035','Billetera Alodiga, Usted a realizado un intercambio de producto el dia: 2019-11-04 11:36:28 producto origen: Alocoin  producto destino: Saldo Alodiga por un monto de: 2.0 Bs.','2019-11-04 11:36:29','<html><head><title>Document Error: Forbidden</title></head>\r		<body><h2>Access Error: Forbidden</h2>\r		<p>Access Denied\rProhibited User</p></body></html>\r\r','Enviado'),(7,435,'Simbox','584126157526','584126157526','Billetera Alodiga, Usted a realizado un intercambio de producto el dia: 2019-11-04 11:56:30 producto origen: Alocoin  producto destino: Saldo Alodiga por un monto de: 2.0 Bs.','2019-11-04 11:56:30','<html><head><title>Document Error: Forbidden</title></head>\r		<body><h2>Access Error: Forbidden</h2>\r		<p>Access Denied\rProhibited User</p></body></html>\r\r','Enviado'),(8,435,'Simbox','584126157526','584126157526','Billetera Alodiga, Usted a efectuado un retiro el dia: 2019-11-04 12:01:18 por un monto de: 10.0 Bs.','2019-11-04 12:01:18','<html><head><title>Document Error: Forbidden</title></head>\r		<body><h2>Access Error: Forbidden</h2>\r		<p>Access Denied\rProhibited User</p></body></html>\r\r','Enviado'),(9,379,'Simbox','584125992035','584125992035','Billetera Alodiga, Usted a realizado una transferencia el dia: 2019-11-04 12:01:41 por un monto de: 10.0 Bs.','2019-11-04 12:01:41','<html><head><title>Document Error: Forbidden</title></head>\r		<body><h2>Access Error: Forbidden</h2>\r		<p>Access Denied\rProhibited User</p></body></html>\r\r','Enviado'),(10,435,'Simbox','584126157526','584126157526','Billetera Alodiga, Usted a recibido una transferencia el dia: 2019-11-04 12:01:41 por un monto de: 10.0 Bs.','2019-11-04 12:01:41','<html><head><title>Document Error: Forbidden</title></head>\r		<body><h2>Access Error: Forbidden</h2>\r		<p>Access Denied\rProhibited User</p></body></html>\r\r','Enviado'),(11,379,'Simbox','584125992035','584125992035','Billetera Alodiga, Usted a efectuado un retiro el dia: 2019-11-08 11:00:36 por un monto de: 0.1 Bs.','2019-11-08 11:00:37','{\"error_code\":202,\"sn\":\"db39-0408-1054-0106\",\"sms_in_queue\":1,\"task_id\":2}\r','Enviado'),(12,379,'Simbox','584125992035','584125992035','Billetera Alodiga, Usted a realizado una transferencia el dia: 2019-11-11 09:00:41 por un monto de: 10.0 Bs.','2019-11-11 09:00:42','{\"error_code\":202,\"sn\":\"db39-0408-1054-0106\",\"sms_in_queue\":1,\"task_id\":3}\r','Enviado'),(13,410,'Simbox','584146625498','584146625498','Billetera Alodiga, Usted a recibido una transferencia el dia: 2019-11-11 09:00:42 por un monto de: 10.0 Bs.','2019-11-11 09:00:43','<html><head><title>Document Error: Forbidden</title></head>\r		<body><h2>Access Error: Forbidden</h2>\r		<p>Access Denied\rProhibited User</p></body></html>\r\r','Enviado'),(14,379,'Simbox','584125992035','584125992035','Billetera Alodiga, Usted a realizado una transferencia el dia: 2019-11-11 09:23:14 por un monto de: 10.0 Bs.','2019-11-11 09:23:14','<html><head><title>Document Error: Forbidden</title></head>\r		<body><h2>Access Error: Forbidden</h2>\r		<p>Access Denied\rProhibited User</p></body></html>\r\r','Enviado'),(15,410,'Simbox','584146625498','584146625498','Billetera Alodiga, Usted a recibido una transferencia el dia: 2019-11-11 09:23:14 por un monto de: 10.0 Bs.','2019-11-11 09:23:14','<html><head><title>Document Error: Forbidden</title></head>\r		<body><h2>Access Error: Forbidden</h2>\r		<p>Access Denied\rProhibited User</p></body></html>\r\r','Enviado'),(16,379,'Simbox','584125992035','584125992035','Billetera Alodiga, Usted a realizado una transferencia el dia: 2019-11-11 09:25:11 por un monto de: 10.0 Bs.','2019-11-11 09:25:11','<html><head><title>Document Error: Forbidden</title></head>\r		<body><h2>Access Error: Forbidden</h2>\r		<p>Access Denied\rProhibited User</p></body></html>\r\r','Enviado'),(17,410,'Simbox','584146625498','584146625498','Billetera Alodiga, Usted a recibido una transferencia el dia: 2019-11-11 09:25:11 por un monto de: 10.0 Bs.','2019-11-11 09:25:11','<html><head><title>Document Error: Forbidden</title></head>\r		<body><h2>Access Error: Forbidden</h2>\r		<p>Access Denied\rProhibited User</p></body></html>\r\r','Enviado'),(18,379,'Simbox','584125992035','584125992035','Billetera Alodiga, Usted a efectuado un pago el dia: 2019-11-11 09:35:54 por un monto de: 10.0 Bs.','2019-11-11 09:35:54','<html><head><title>Document Error: Forbidden</title></head>\r		<body><h2>Access Error: Forbidden</h2>\r		<p>Access Denied\rProhibited User</p></body></html>\r\r','Enviado'),(19,410,'Simbox','584146625498','584146625498','Billetera Alodiga, Usted a recibido un pago el dia: 2019-11-11 09:35:54 por un monto de: 10.0 Bs.','2019-11-11 09:35:54','<html><head><title>Document Error: Forbidden</title></head>\r		<body><h2>Access Error: Forbidden</h2>\r		<p>Access Denied\rProhibited User</p></body></html>\r\r','Enviado'),(20,379,'Simbox','584125992035','584125992035','Billetera Alodiga, Usted a efectuado un pago el dia: 2019-11-11 09:47:47 por un monto de: 1.0 Bs.','2019-11-11 09:47:47','<html><head><title>Document Error: Forbidden</title></head>\r		<body><h2>Access Error: Forbidden</h2>\r		<p>Access Denied\rProhibited User</p></body></html>\r\r','Enviado'),(21,410,'Simbox','584146625498','584146625498','Billetera Alodiga, Usted a recibido un pago el dia: 2019-11-11 09:47:47 por un monto de: 1.0 Bs.','2019-11-11 09:47:47','<html><head><title>Document Error: Forbidden</title></head>\r		<body><h2>Access Error: Forbidden</h2>\r		<p>Access Denied\rProhibited User</p></body></html>\r\r','Enviado'),(22,379,'Simbox','584125992035','584125992035','Billetera Alodiga, Usted a realizado una transferencia el dia: 2019-11-11 09:58:37 por un monto de: 10.0 Bs.','2019-11-11 09:58:37','<html><head><title>Document Error: Forbidden</title></head>\r		<body><h2>Access Error: Forbidden</h2>\r		<p>Access Denied\rProhibited User</p></body></html>\r\r','Enviado'),(23,410,'Simbox','584146625498','584146625498','Billetera Alodiga, Usted a recibido una transferencia el dia: 2019-11-11 09:58:37 por un monto de: 10.0 Bs.','2019-11-11 09:58:37','<html><head><title>Document Error: Forbidden</title></head>\r		<body><h2>Access Error: Forbidden</h2>\r		<p>Access Denied\rProhibited User</p></body></html>\r\r','Enviado'),(24,379,'Simbox','584125992035','584125992035','Billetera Alodiga, Usted a efectuado un Top Up el dia: 2019-11-11 10:05:03 por un monto de: 4.41 Bs. al numero de destino: 584142748070','2019-11-11 10:05:03','<html><head><title>Document Error: Forbidden</title></head>\r		<body><h2>Access Error: Forbidden</h2>\r		<p>Access Denied\rProhibited User</p></body></html>\r\r','Enviado'),(25,379,'Simbox','584125992035','584125992035','Billetera Alodiga, Usted a realizado un intercambio de producto el dia: 2019-11-11 10:44:40 producto origen: Alocoin  producto destino: Saldo Alodiga por un monto de: 10.0 Bs.','2019-11-11 10:44:40','<html><head><title>Document Error: Forbidden</title></head>\r		<body><h2>Access Error: Forbidden</h2>\r		<p>Access Denied\rProhibited User</p></body></html>\r\r','Enviado'),(26,379,'Simbox','584125992035','584125992035','Billetera Alodiga, Usted a efectuado un pago el dia: 2019-11-11 14:32:09 por un monto de: 10.0 Bs.','2019-11-11 14:32:09','<html><head><title>Document Error: Forbidden</title></head>\r		<body><h2>Access Error: Forbidden</h2>\r		<p>Access Denied\rProhibited User</p></body></html>\r\r','Enviado'),(27,410,'Simbox','584146625498','584146625498','Billetera Alodiga, Usted a recibido un pago el dia: 2019-11-11 14:32:09 por un monto de: 10.0 Bs.','2019-11-11 14:32:09','<html><head><title>Document Error: Forbidden</title></head>\r		<body><h2>Access Error: Forbidden</h2>\r		<p>Access Denied\rProhibited User</p></body></html>\r\r','Enviado'),(28,379,'Simbox','584125992035','584125992035','Billetera Alodiga, Usted a realizado una transferencia el dia: 2019-11-11 14:40:28 por un monto de: 11.11 Bs.','2019-11-11 14:40:28','<html><head><title>Document Error: Forbidden</title></head>\r		<body><h2>Access Error: Forbidden</h2>\r		<p>Access Denied\rProhibited User</p></body></html>\r\r','Enviado'),(29,410,'Simbox','584146625498','584146625498','Billetera Alodiga, Usted a recibido una transferencia el dia: 2019-11-11 14:40:28 por un monto de: 11.11 Bs.','2019-11-11 14:40:28','<html><head><title>Document Error: Forbidden</title></head>\r		<body><h2>Access Error: Forbidden</h2>\r		<p>Access Denied\rProhibited User</p></body></html>\r\r','Enviado'),(30,379,'Simbox','584125992035','584125992035','Billetera Alodiga, Usted a efectuado un pago el dia: 2019-11-11 15:06:25 por un monto de: 10.0 Bs.','2019-11-11 15:06:25','<html><head><title>Document Error: Forbidden</title></head>\r		<body><h2>Access Error: Forbidden</h2>\r		<p>Access Denied\rProhibited User</p></body></html>\r\r','Enviado'),(31,410,'Simbox','584146625498','584146625498','Billetera Alodiga, Usted a recibido un pago el dia: 2019-11-11 15:06:25 por un monto de: 10.0 Bs.','2019-11-11 15:06:25','<html><head><title>Document Error: Forbidden</title></head>\r		<body><h2>Access Error: Forbidden</h2>\r		<p>Access Denied\rProhibited User</p></body></html>\r\r','Enviado'),(32,379,'Simbox','584125992035','584125992035','Billetera Alodiga, Usted a efectuado un pago el dia: 2019-11-11 15:15:12 por un monto de: 1.0 Bs.','2019-11-11 15:15:12','<html><head><title>Document Error: Forbidden</title></head>\r		<body><h2>Access Error: Forbidden</h2>\r		<p>Access Denied\rProhibited User</p></body></html>\r\r','Enviado'),(33,410,'Simbox','584146625498','584146625498','Billetera Alodiga, Usted a recibido un pago el dia: 2019-11-11 15:15:12 por un monto de: 1.0 Bs.','2019-11-11 15:15:12','<html><head><title>Document Error: Forbidden</title></head>\r		<body><h2>Access Error: Forbidden</h2>\r		<p>Access Denied\rProhibited User</p></body></html>\r\r','Enviado'),(34,379,'Simbox','584125992035','584125992035','Billetera Alodiga, Usted a realizado una transferencia el dia: 2019-11-11 15:16:08 por un monto de: 1.0 Bs.','2019-11-11 15:16:08','<html><head><title>Document Error: Forbidden</title></head>\r		<body><h2>Access Error: Forbidden</h2>\r		<p>Access Denied\rProhibited User</p></body></html>\r\r','Enviado'),(35,410,'Simbox','584146625498','584146625498','Billetera Alodiga, Usted a recibido una transferencia el dia: 2019-11-11 15:16:08 por un monto de: 1.0 Bs.','2019-11-11 15:16:08','<html><head><title>Document Error: Forbidden</title></head>\r		<body><h2>Access Error: Forbidden</h2>\r		<p>Access Denied\rProhibited User</p></body></html>\r\r','Enviado'),(36,379,'Simbox','584125992035','584125992035','Billetera Alodiga, Usted a efectuado un retiro el dia: 2019-11-11 15:52:13 por un monto de: 10.0 Bs.','2019-11-11 15:52:13','<html><head><title>Document Error: Forbidden</title></head>\r		<body><h2>Access Error: Forbidden</h2>\r		<p>Access Denied\rProhibited User</p></body></html>\r\r','Enviado'),(37,379,'Simbox','584125992035','584125992035','Billetera Alodiga, Usted a realizado un intercambio de producto el dia: 2019-11-12 13:27:57 producto origen: Alocoin  producto destino: Saldo Alodiga por un monto de: 9.75 Bs.','2019-11-12 13:27:58','<html><head><title>Document Error: Forbidden</title></head>\r		<body><h2>Access Error: Forbidden</h2>\r		<p>Access Denied\rProhibited User</p></body></html>\r\r','Enviado'),(38,379,'Simbox','584125992035','584125992035','Billetera Alodiga, Usted a realizado un intercambio de producto el dia: 2019-11-12 13:27:58 producto origen: Alocoin  producto destino: Saldo Alodiga por un monto de: 9.75 Bs.','2019-11-12 13:27:58','<html><head><title>Document Error: Forbidden</title></head>\r		<body><h2>Access Error: Forbidden</h2>\r		<p>Access Denied\rProhibited User</p></body></html>\r\r','Enviado'),(39,379,'Simbox','584125992035','584125992035','Billetera Alodiga, Usted a realizado un intercambio de producto el dia: 2019-11-12 13:31:23 producto origen: Alocoin  producto destino: Saldo Alodiga por un monto de: 9.75 Bs.','2019-11-12 13:31:24','<html><head><title>Document Error: Forbidden</title></head>\r		<body><h2>Access Error: Forbidden</h2>\r		<p>Access Denied\rProhibited User</p></body></html>\r\r','Enviado'),(40,379,'Simbox','584125992035','584125992035','Billetera Alodiga, Usted a realizado un intercambio de producto el dia: 2019-11-12 13:35:24 producto origen: Alocoin  producto destino: Saldo Alodiga por un monto de: 100.0 Bs.','2019-11-12 13:35:24','<html><head><title>Document Error: Forbidden</title></head>\r		<body><h2>Access Error: Forbidden</h2>\r		<p>Access Denied\rProhibited User</p></body></html>\r\r','Enviado'),(41,379,'Simbox','584125992035','584125992035','Billetera Alodiga, Usted a efectuado una recarga el dia: 2019-11-12 13:39:30 por un monto de: 55.55 Bs. numero de referencia: 555555','2019-11-12 13:39:30','<html><head><title>Document Error: Forbidden</title></head>\r		<body><h2>Access Error: Forbidden</h2>\r		<p>Access Denied\rProhibited User</p></body></html>\r\r','Enviado'),(42,379,'Simbox','584125992035','584125992035','Billetera Alodiga, Usted a realizado un intercambio de producto el dia: 2019-11-12 16:39:09 producto origen: Alocoin  producto destino: Saldo Alodiga por un monto de: 2.0 Bs.','2019-11-12 16:39:09','{\"error_code\":202,\"sn\":\"db39-0408-1054-0106\",\"sms_in_queue\":1,\"task_id\":0}\r','Enviado'),(43,379,'Simbox','584125992035','584125992035','Billetera Alodiga, Usted a efectuado un Top Up el dia: 2019-11-13 09:28:41 por un monto de: 58.54 Bs. al numero de destino: 584241934005','2019-11-13 09:28:42','{\"error_code\":202,\"sn\":\"db39-0408-1054-0106\",\"sms_in_queue\":1,\"task_id\":1}\r','Enviado'),(44,435,'Simbox','584126157526','584126157526','Billetera Alodiga, Usted a realizado un intercambio de producto el dia: 2019-11-13 10:48:18 producto origen: Alocoin  producto destino: Saldo Alodiga por un monto de: 2.0 Bs.','2019-11-13 10:48:19','{\"error_code\":202,\"sn\":\"db39-0408-1054-0106\",\"sms_in_queue\":1,\"task_id\":2}\r','Enviado'),(45,379,'Simbox','584125992035','584125992035','Billetera Alodiga, Usted a efectuado un retiro el dia: 2019-11-13 15:34:50 por un monto de: 10.0 Bs.','2019-11-13 15:34:50','{\"error_code\":202,\"sn\":\"db39-0408-1054-0106\",\"sms_in_queue\":1,\"task_id\":0}\r','Enviado'),(46,379,'Simbox','584125992035','584125992035','Billetera Alodiga, Usted a efectuado un retiro el dia: 2019-11-13 15:35:37 por un monto de: 10.0 Bs.','2019-11-13 15:35:37','{\"error_code\":202,\"sn\":\"db39-0408-1054-0106\",\"sms_in_queue\":1,\"task_id\":1}\r','Enviado'),(47,379,'Simbox','584125992035','584125992035','Billetera Alodiga, Usted a efectuado un retiro el dia: 2019-11-13 15:38:21 por un monto de: 640.0 Bs.','2019-11-13 15:38:22','{\"error_code\":202,\"sn\":\"db39-0408-1054-0106\",\"sms_in_queue\":1,\"task_id\":2}\r','Enviado'),(48,379,'Simbox','584125992035','584125992035','Billetera Alodiga, Usted a realizado un intercambio de producto el dia: 2019-11-13 17:49:52 producto origen: Alocoin  producto destino: Saldo Alodiga por un monto de: 2.0 Bs.','2019-11-13 17:49:53','{\"error_code\":202,\"sn\":\"db39-0408-1054-0106\",\"sms_in_queue\":1,\"task_id\":3}\r','Enviado'),(49,435,'Simbox','584126157526','584126157526','Billetera Alodiga, Usted a realizado un intercambio de producto el dia: 2019-11-13 17:50:21 producto origen: Alocoin  producto destino: Saldo Alodiga por un monto de: 2.0 Bs.','2019-11-13 17:50:22','{\"error_code\":202,\"sn\":\"db39-0408-1054-0106\",\"sms_in_queue\":1,\"task_id\":4}\r','Enviado'),(50,435,'Simbox','584126157526','584126157526','Billetera Alodiga, Usted a realizado un intercambio de producto el dia: 2019-11-15 12:10:08 producto origen: Alocoin  producto destino: Saldo Alodiga por un monto de: 2.0 Bs.','2019-11-15 12:10:08',NULL,'Enviado'),(51,435,'Simbox','584126157526','584126157526','Billetera Alodiga, Usted a realizado un intercambio de producto el dia: 2019-11-15 12:10:34 producto origen: Alocoin  producto destino: Saldo Alodiga por un monto de: 2.0 Bs.','2019-11-15 12:10:34',NULL,'Enviado'),(52,435,'Simbox','584126157526','584126157526','Billetera Alodiga, Usted a realizado un intercambio de producto el dia: 2019-11-15 12:10:42 producto origen: Alocoin  producto destino: Saldo Alodiga por un monto de: 2.0 Bs.','2019-11-15 12:10:42',NULL,'Enviado'),(53,435,'Simbox','584126157526','584126157526','Billetera Alodiga, Usted a realizado un intercambio de producto el dia: 2019-11-15 12:25:18 producto origen: Alocoin  producto destino: Saldo Alodiga por un monto de: 2.0 Bs.','2019-11-15 12:25:23',NULL,'Enviado'),(54,435,'Simbox','584126157526','584126157526','Billetera Alodiga, Usted a realizado un intercambio de producto el dia: 2019-11-15 12:27:49 producto origen: Alocoin  producto destino: Saldo Alodiga por un monto de: 2.0 Bs.','2019-11-15 12:27:51',NULL,'Enviado'),(55,435,'Simbox','584126157526','584126157526','Billetera Alodiga, Usted a realizado un intercambio de producto el dia: 2019-11-15 12:28:02 producto origen: Alocoin  producto destino: Saldo Alodiga por un monto de: 2.0 Bs.','2019-11-15 12:28:04',NULL,'Enviado'),(56,435,'Simbox','584126157526','584126157526','Billetera Alodiga, Usted a efectuado una recarga el dia: 2019-11-15 12:28:37 por un monto de: 10.0 Bs. numero de referencia: 123456','2019-11-15 12:28:39',NULL,'Enviado'),(57,379,'Simbox','584125992035','584125992035','Billetera Alodiga, Usted a realizado un intercambio de producto el dia: 2019-11-19 10:29:49 producto origen: Alocoin  producto destino: Saldo Alodiga por un monto de: 2.0 Bs.','2019-11-19 10:29:49',NULL,'Enviado'),(58,379,'Simbox','584125992035','584125992035','Billetera Alodiga, Usted a efectuado un Top Up el dia: 2019-11-20 16:50:51 por un monto de: 1.01 Bs. al numero de destino: 542612594080','2019-11-20 16:50:51',NULL,'Enviado'),(59,379,'Simbox','584125992035','584125992035','Billetera Alodiga, Usted a realizado un intercambio de producto el dia: 2019-11-20 16:57:55 producto origen: Alocoin  producto destino: Saldo Alodiga por un monto de: 2.0 Bs.','2019-11-20 16:57:55',NULL,'Enviado'),(60,379,'Simbox','584125992035','584125992035','Billetera Alodiga, Usted a realizado una transferencia el dia: 2019-11-20 17:12:27 por un monto de: 10.0 Bs.','2019-11-20 17:12:27',NULL,'Enviado'),(61,435,'Simbox','584126157526','584126157526','Billetera Alodiga, Usted a recibido una transferencia el dia: 2019-11-20 17:12:27 por un monto de: 10.0 Bs.','2019-11-20 17:12:27',NULL,'Enviado'),(62,379,'Simbox','584125992035','584125992035','Billetera Alodiga, Usted a efectuado un pago el dia: 2019-11-20 17:44:22 por un monto de: 20.0 Bs.','2019-11-20 17:44:22',NULL,'Enviado'),(63,380,'Simbox','584241934066','584241934066','Billetera Alodiga, Usted a recibido un pago el dia: 2019-11-20 17:44:22 por un monto de: 20.0 Bs.','2019-11-20 17:44:22',NULL,'Enviado'),(64,379,'Simbox','584125992035','584125992035','Billetera Alodiga, Usted a realizado una transferencia el dia: 2019-11-20 17:45:01 por un monto de: 10.0 Bs.','2019-11-20 17:45:01',NULL,'Enviado'),(65,435,'Simbox','584126157526','584126157526','Billetera Alodiga, Usted a recibido una transferencia el dia: 2019-11-20 17:45:01 por un monto de: 10.0 Bs.','2019-11-20 17:45:01',NULL,'Enviado'),(66,379,'Simbox','584125992035','584125992035','Billetera Alodiga, Usted a realizado un intercambio de producto el dia: 2019-11-20 17:45:24 producto origen: Alocoin  producto destino: Saldo Alodiga por un monto de: 2.0 Bs.','2019-11-20 17:45:24',NULL,'Enviado'),(67,379,'Simbox','584125992035','584125992035','Billetera Alodiga, Usted a efectuado un retiro el dia: 2019-11-20 17:46:16 por un monto de: 10.0 Bs.','2019-11-20 17:46:16',NULL,'Enviado'),(68,379,'Simbox','584125992035','584125992035','Billetera Alodiga, Usted a efectuado una recarga el dia: 2019-11-20 17:46:44 por un monto de: 10.0 Bs. numero de referencia: 123456','2019-11-20 17:46:44',NULL,'Enviado'),(69,379,'Simbox','584125992035','584125992035','Billetera Alodiga, Usted a realizado un intercambio de producto el dia: 2019-11-20 17:46:57 producto origen: Alocoin  producto destino: Saldo Alodiga por un monto de: 2.0 Bs.','2019-11-20 17:46:57',NULL,'Enviado'),(70,379,'Simbox','584125992035','584125992035','Billetera Alodiga, Usted a efectuado un Top Up el dia: 2019-11-20 17:48:32 por un monto de: 1.01 Bs. al numero de destino: 542612594080','2019-11-20 17:48:32',NULL,'Enviado'),(71,379,'Simbox','584125992035','584125992035','Billetera Alodiga, Usted a efectuado un pago el dia: 2019-11-20 17:48:56 por un monto de: 20.0 Bs.','2019-11-20 17:48:56',NULL,'Enviado'),(72,380,'Simbox','584241934066','584241934066','Billetera Alodiga, Usted a recibido un pago el dia: 2019-11-20 17:48:56 por un monto de: 20.0 Bs.','2019-11-20 17:48:56',NULL,'Enviado'),(73,379,'Simbox','584125992035','584125992035','Billetera Alodiga, Usted a efectuado un pago el dia: 2019-11-20 17:52:29 por un monto de: 20.0 Bs.','2019-11-20 17:52:29',NULL,'Enviado'),(74,380,'Simbox','584241934066','584241934066','Billetera Alodiga, Usted a recibido un pago el dia: 2019-11-20 17:52:29 por un monto de: 20.0 Bs.','2019-11-20 17:52:29',NULL,'Enviado'),(75,379,'Simbox','584125992035','584125992035','Billetera Alodiga, Usted a efectuado un pago el dia: 2019-11-20 18:14:18 por un monto de: 20.0 Bs.','2019-11-20 18:14:18',NULL,'Enviado'),(76,380,'Simbox','584241934066','584241934066','Billetera Alodiga, Usted a recibido un pago el dia: 2019-11-20 18:14:18 por un monto de: 20.0 Bs.','2019-11-20 18:14:18',NULL,'Enviado'),(77,379,'Simbox','584125992035','584125992035','Billetera Alodiga, Usted a efectuado un pago el dia: 2019-11-20 18:18:16 por un monto de: 20.0 Bs.','2019-11-20 18:18:16',NULL,'Enviado'),(78,380,'Simbox','584241934066','584241934066','Billetera Alodiga, Usted a recibido un pago el dia: 2019-11-20 18:18:16 por un monto de: 20.0 Bs.','2019-11-20 18:18:16',NULL,'Enviado'),(79,379,'Simbox','584125992035','584125992035','Billetera Alodiga, Usted a efectuado un retiro el dia: 2019-11-20 18:18:28 por un monto de: 10.0 Bs.','2019-11-20 18:18:28',NULL,'Enviado'),(80,379,'Simbox','584125992035','584125992035','Billetera Alodiga, Usted a realizado una transferencia el dia: 2019-11-22 09:34:30 por un monto de: 10.0 Bs.','2019-11-22 09:34:30',NULL,'Enviado'),(81,435,'Simbox','584126157526','584126157526','Billetera Alodiga, Usted a recibido una transferencia el dia: 2019-11-22 09:34:30 por un monto de: 10.0 Bs.','2019-11-22 09:34:30',NULL,'Enviado'),(82,379,'Simbox','584125992035','584125992035','Billetera Alodiga, Usted a efectuado un pago el dia: 2019-11-22 09:46:03 por un monto de: 20.0 Bs.','2019-11-22 09:46:03',NULL,'Enviado'),(83,380,'Simbox','584241934066','584241934066','Billetera Alodiga, Usted a recibido un pago el dia: 2019-11-22 09:46:03 por un monto de: 20.0 Bs.','2019-11-22 09:46:03',NULL,'Enviado'),(84,379,'Simbox','584125992035','584125992035','Billetera Alodiga, Usted a efectuado un pago el dia: 2019-11-22 09:50:31 por un monto de: 1.23 Bs.','2019-11-22 09:50:31',NULL,'Enviado'),(85,435,'Simbox','584126157526','584126157526','Billetera Alodiga, Usted a recibido un pago el dia: 2019-11-22 09:50:31 por un monto de: 1.23 Bs.','2019-11-22 09:50:31',NULL,'Enviado'),(86,379,'Simbox','584125992035','584125992035','Billetera Alodiga, Usted a efectuado un pago el dia: 2019-11-22 09:53:33 por un monto de: 0.13 Bs.','2019-11-22 09:53:33',NULL,'Enviado'),(87,435,'Simbox','584126157526','584126157526','Billetera Alodiga, Usted a recibido un pago el dia: 2019-11-22 09:53:33 por un monto de: 0.13 Bs.','2019-11-22 09:53:33',NULL,'Enviado'),(88,379,'Simbox','584125992035','584125992035','Billetera Alodiga, Usted a efectuado un pago el dia: 2019-11-22 09:59:37 por un monto de: 12.34 Bs.','2019-11-22 09:59:37',NULL,'Enviado'),(89,435,'Simbox','584126157526','584126157526','Billetera Alodiga, Usted a recibido un pago el dia: 2019-11-22 09:59:37 por un monto de: 12.34 Bs.','2019-11-22 09:59:37',NULL,'Enviado'),(90,379,'Simbox','584125992035','584125992035','Billetera Alodiga, Usted a efectuado un pago el dia: 2019-11-22 10:04:34 por un monto de: 1.24 Bs.','2019-11-22 10:04:34',NULL,'Enviado'),(91,435,'Simbox','584126157526','584126157526','Billetera Alodiga, Usted a recibido un pago el dia: 2019-11-22 10:04:34 por un monto de: 1.24 Bs.','2019-11-22 10:04:34',NULL,'Enviado'),(92,379,'Simbox','584125992035','584125992035','Billetera Alodiga, Usted a efectuado un pago el dia: 2019-11-22 10:11:57 por un monto de: 12.34 Bs.','2019-11-22 10:11:57',NULL,'Enviado'),(93,435,'Simbox','584126157526','584126157526','Billetera Alodiga, Usted a recibido un pago el dia: 2019-11-22 10:11:57 por un monto de: 12.34 Bs.','2019-11-22 10:11:57',NULL,'Enviado'),(94,379,'Simbox','584125992035','584125992035','Billetera Alodiga, Usted a efectuado una recarga el dia: 2019-11-22 10:18:46 por un monto de: 0.56 Bs. numero de referencia: 5555','2019-11-22 10:18:46',NULL,'Enviado'),(95,379,'Simbox','584125992035','584125992035','Billetera Alodiga, Usted a efectuado un retiro el dia: 2019-11-22 10:19:21 por un monto de: 0.56 Bs.','2019-11-22 10:19:21',NULL,'Enviado'),(96,379,'Simbox','584125992035','584125992035','Billetera Alodiga, Usted a realizado un intercambio de producto el dia: 2019-11-22 10:23:15 producto origen: Alocoin  producto destino: Saldo Alodiga por un monto de: 1.12 Bs.','2019-11-22 10:23:15',NULL,'Enviado'),(97,379,'Simbox','584125992035','584125992035','Billetera Alodiga, Usted a realizado un intercambio de producto el dia: 2019-11-22 10:23:18 producto origen: Alocoin  producto destino: Saldo Alodiga por un monto de: 1.12 Bs.','2019-11-22 10:23:18',NULL,'Enviado'),(98,379,'Simbox','584125992035','584125992035','Billetera Alodiga, Usted a realizado una transferencia el dia: 2019-11-22 10:31:48 por un monto de: 8.88 Bs.','2019-11-22 10:31:48',NULL,'Enviado'),(99,435,'Simbox','584126157526','584126157526','Billetera Alodiga, Usted a recibido una transferencia el dia: 2019-11-22 10:31:48 por un monto de: 8.88 Bs.','2019-11-22 10:31:48',NULL,'Enviado'),(100,379,'Simbox','584125992035','584125992035','Billetera Alodiga, Usted a efectuado un Top Up el dia: 2019-11-22 10:40:02 por un monto de: 3.5 Bs. al numero de destino: 584142748070','2019-11-22 10:40:02',NULL,'Enviado'),(101,379,'Simbox','584125992035','584125992035','Billetera Alodiga, Usted a realizado un intercambio de producto el dia: 2019-11-22 14:51:49 producto origen: Alocoin  producto destino: Saldo Alodiga por un monto de: 1.23 Bs.','2019-11-22 14:51:49',NULL,'Enviado'),(102,379,'Simbox','584125992035','584125992035','Billetera Alodiga, Usted a realizado un intercambio de producto el dia: 2019-11-22 14:52:33 producto origen: Alocoin  producto destino: Saldo Alodiga por un monto de: 1.23 Bs.','2019-11-22 14:52:33',NULL,'Enviado'),(103,379,'Simbox','584125992035','584125992035','Billetera Alodiga, Usted a realizado un intercambio de producto el dia: 2019-11-22 14:54:05 producto origen: Alocoin  producto destino: Saldo Alodiga por un monto de: 1.24 Bs.','2019-11-22 14:54:05',NULL,'Enviado'),(104,379,'Simbox','584125992035','584125992035','Billetera Alodiga, Usted a realizado un intercambio de producto el dia: 2019-11-22 14:55:11 producto origen: Alocoin  producto destino: Saldo Alodiga por un monto de: 1.23 Bs.','2019-11-22 14:55:11',NULL,'Enviado'),(105,379,'Simbox','584125992035','584125992035','Billetera Alodiga, Usted a realizado un intercambio de producto el dia: 2019-11-22 14:55:29 producto origen: Alocoin  producto destino: Saldo Alodiga por un monto de: 12.34 Bs.','2019-11-22 14:55:29',NULL,'Enviado'),(106,379,'Simbox','584125992035','584125992035','Billetera Alodiga, Usted a realizado un intercambio de producto el dia: 2019-11-22 14:55:32 producto origen: Alocoin  producto destino: Saldo Alodiga por un monto de: 12.34 Bs.','2019-11-22 14:55:32',NULL,'Enviado'),(107,379,'Simbox','584125992035','584125992035','Billetera Alodiga, Usted a realizado un intercambio de producto el dia: 2019-11-22 14:56:04 producto origen: Alocoin  producto destino: Saldo Alodiga por un monto de: 1.23 Bs.','2019-11-22 14:56:04',NULL,'Enviado'),(108,379,'Simbox','584125992035','584125992035','Billetera Alodiga, Usted a realizado un intercambio de producto el dia: 2019-11-22 14:59:02 producto origen: Alocoin  producto destino: Saldo Alodiga por un monto de: 1.24 Bs.','2019-11-22 14:59:02',NULL,'Enviado'),(109,379,'Simbox','584125992035','584125992035','Billetera Alodiga, Usted a realizado un intercambio de producto el dia: 2019-11-22 14:59:05 producto origen: Alocoin  producto destino: Saldo Alodiga por un monto de: 1.24 Bs.','2019-11-22 14:59:05',NULL,'Enviado'),(110,379,'Simbox','584125992035','584125992035','Billetera Alodiga, Usted a realizado un intercambio de producto el dia: 2019-11-22 15:03:38 producto origen: Alocoin  producto destino: Saldo Alodiga por un monto de: 12.34 Bs.','2019-11-22 15:03:38',NULL,'Enviado'),(111,379,'Simbox','584125992035','584125992035','Billetera Alodiga, Usted a realizado un intercambio de producto el dia: 2019-11-22 15:03:42 producto origen: Alocoin  producto destino: Saldo Alodiga por un monto de: 12.34 Bs.','2019-11-22 15:03:42',NULL,'Enviado'),(112,379,'Simbox','584125992035','584125992035','Billetera Alodiga, Usted a realizado un intercambio de producto el dia: 2019-11-22 15:13:51 producto origen: Alocoin  producto destino: Saldo Alodiga por un monto de: 1.23 Bs.','2019-11-22 15:13:51',NULL,'Enviado'),(113,379,'Simbox','584125992035','584125992035','Billetera Alodiga, Usted a realizado un intercambio de producto el dia: 2019-11-22 15:14:09 producto origen: Alocoin  producto destino: Saldo Alodiga por un monto de: 0.12 Bs.','2019-11-22 15:14:09',NULL,'Enviado'),(114,379,'Simbox','584125992035','584125992035','Billetera Alodiga, Usted a realizado un intercambio de producto el dia: 2019-11-22 15:15:26 producto origen: Alocoin  producto destino: Saldo Alodiga por un monto de: 1.26 Bs.','2019-11-22 15:15:26',NULL,'Enviado'),(115,379,'Simbox','584125992035','584125992035','Billetera Alodiga, Usted a realizado un intercambio de producto el dia: 2019-11-22 15:15:29 producto origen: Alocoin  producto destino: Saldo Alodiga por un monto de: 1.26 Bs.','2019-11-22 15:15:29',NULL,'Enviado'),(116,379,'Simbox','584125992035','584125992035','Billetera Alodiga, Usted a realizado un intercambio de producto el dia: 2019-11-22 15:15:31 producto origen: Alocoin  producto destino: Saldo Alodiga por un monto de: 1.26 Bs.','2019-11-22 15:15:31',NULL,'Enviado'),(117,379,'Simbox','584125992035','584125992035','Billetera Alodiga, Usted a realizado un intercambio de producto el dia: 2019-11-22 15:20:52 producto origen: Alocoin  producto destino: Saldo Alodiga por un monto de: 1.24 Bs.','2019-11-22 15:20:52',NULL,'Enviado'),(118,379,'Simbox','584125992035','584125992035','Billetera Alodiga, Usted a realizado un intercambio de producto el dia: 2019-11-22 15:20:56 producto origen: Alocoin  producto destino: Saldo Alodiga por un monto de: 1.24 Bs.','2019-11-22 15:20:56',NULL,'Enviado'),(119,379,'Simbox','584125992035','584125992035','Billetera Alodiga, Usted a realizado un intercambio de producto el dia: 2019-11-22 15:23:03 producto origen: Alocoin  producto destino: Saldo Alodiga por un monto de: 1.23 Bs.','2019-11-22 15:23:03',NULL,'Enviado'),(120,379,'Simbox','584125992035','584125992035','Billetera Alodiga, Usted a realizado un intercambio de producto el dia: 2019-11-22 15:23:43 producto origen: Alocoin  producto destino: Saldo Alodiga por un monto de: 1.23 Bs.','2019-11-22 15:23:43',NULL,'Enviado'),(121,379,'Simbox','584125992035','584125992035','Billetera Alodiga, Usted a realizado un intercambio de producto el dia: 2019-11-22 15:23:47 producto origen: Alocoin  producto destino: Saldo Alodiga por un monto de: 1.23 Bs.','2019-11-22 15:23:47',NULL,'Enviado'),(122,379,'Simbox','584125992035','584125992035','Billetera Alodiga, Usted a realizado un intercambio de producto el dia: 2019-11-22 15:23:49 producto origen: Alocoin  producto destino: Saldo Alodiga por un monto de: 1.23 Bs.','2019-11-22 15:23:49',NULL,'Enviado'),(123,379,'Simbox','584125992035','584125992035','Billetera Alodiga, Usted a realizado un intercambio de producto el dia: 2019-11-22 15:31:19 producto origen: Alocoin  producto destino: Saldo Alodiga por un monto de: 12.34 Bs.','2019-11-22 15:31:19',NULL,'Enviado'),(124,379,'Simbox','584125992035','584125992035','Billetera Alodiga, Usted a realizado un intercambio de producto el dia: 2019-11-22 15:43:42 producto origen: Alocoin  producto destino: Saldo Alodiga por un monto de: 12.34 Bs.','2019-11-22 15:43:42',NULL,'Enviado'),(125,379,'Simbox','584125992035','584125992035','Billetera Alodiga, Usted a realizado un intercambio de producto el dia: 2019-11-22 15:46:57 producto origen: Alocoin  producto destino: Saldo Alodiga por un monto de: 12.34 Bs.','2019-11-22 15:46:57',NULL,'Enviado'),(126,379,'Simbox','584125992035','584125992035','Billetera Alodiga, Usted a realizado un intercambio de producto el dia: 2019-11-22 15:47:24 producto origen: Alocoin  producto destino: Saldo Alodiga por un monto de: 1.24 Bs.','2019-11-22 15:47:24',NULL,'Enviado'),(127,379,'Simbox','584125992035','584125992035','Billetera Alodiga, Usted a realizado un intercambio de producto el dia: 2019-11-22 15:47:50 producto origen: Alocoin  producto destino: Saldo Alodiga por un monto de: 1.23 Bs.','2019-11-22 15:47:50',NULL,'Enviado'),(128,379,'Simbox','584125992035','584125992035','Billetera Alodiga, Usted a realizado un intercambio de producto el dia: 2019-11-22 15:54:17 producto origen: Alocoin  producto destino: Saldo Alodiga por un monto de: 1.23 Bs.','2019-11-22 15:54:17',NULL,'Enviado'),(129,379,'Simbox','584125992035','584125992035','Billetera Alodiga, Usted a realizado un intercambio de producto el dia: 2019-11-22 15:54:20 producto origen: Alocoin  producto destino: Saldo Alodiga por un monto de: 1.23 Bs.','2019-11-22 15:54:20',NULL,'Enviado'),(130,379,'Simbox','584125992035','584125992035','Billetera Alodiga, Usted a realizado un intercambio de producto el dia: 2019-11-22 15:54:41 producto origen: Alocoin  producto destino: Saldo Alodiga por un monto de: 12.34 Bs.','2019-11-22 15:54:41',NULL,'Enviado'),(131,379,'Simbox','584125992035','584125992035','Billetera Alodiga, Usted a realizado un intercambio de producto el dia: 2019-11-22 15:54:44 producto origen: Alocoin  producto destino: Saldo Alodiga por un monto de: 12.34 Bs.','2019-11-22 15:54:44',NULL,'Enviado'),(132,379,'Simbox','584125992035','584125992035','Billetera Alodiga, Usted a realizado un intercambio de producto el dia: 2019-11-22 15:58:22 producto origen: Alocoin  producto destino: Saldo Alodiga por un monto de: 0.12 Bs.','2019-11-22 15:58:22',NULL,'Enviado'),(133,379,'Simbox','584125992035','584125992035','Billetera Alodiga, Usted a realizado un intercambio de producto el dia: 2019-11-22 15:58:24 producto origen: Alocoin  producto destino: Saldo Alodiga por un monto de: 0.12 Bs.','2019-11-22 15:58:24',NULL,'Enviado'),(134,379,'Simbox','584125992035','584125992035','Billetera Alodiga, Usted a realizado un intercambio de producto el dia: 2019-11-22 15:58:27 producto origen: Alocoin  producto destino: Saldo Alodiga por un monto de: 0.12 Bs.','2019-11-22 15:58:27',NULL,'Enviado'),(135,379,'Simbox','584125992035','584125992035','Billetera Alodiga, Usted a realizado un intercambio de producto el dia: 2019-11-22 15:58:29 producto origen: Alocoin  producto destino: Saldo Alodiga por un monto de: 0.12 Bs.','2019-11-22 15:58:29',NULL,'Enviado'),(136,379,'Simbox','584125992035','584125992035','Billetera Alodiga, Usted a realizado un intercambio de producto el dia: 2019-11-22 16:02:05 producto origen: Alocoin  producto destino: Saldo Alodiga por un monto de: 1.23 Bs.','2019-11-22 16:02:05',NULL,'Enviado'),(137,379,'Simbox','584125992035','584125992035','Billetera Alodiga, Usted a realizado un intercambio de producto el dia: 2019-11-22 16:07:25 producto origen: Alocoin  producto destino: Saldo Alodiga por un monto de: 1.23 Bs.','2019-11-22 16:07:25',NULL,'Enviado'),(138,379,'Simbox','584125992035','584125992035','Billetera Alodiga, Usted a realizado un intercambio de producto el dia: 2019-11-22 16:09:15 producto origen: Alocoin  producto destino: Saldo Alodiga por un monto de: 0.12 Bs.','2019-11-22 16:09:15',NULL,'Enviado'),(139,379,'Simbox','584125992035','584125992035','Billetera Alodiga, Usted a realizado un intercambio de producto el dia: 2019-11-22 16:11:54 producto origen: Alocoin  producto destino: Saldo Alodiga por un monto de: 12.34 Bs.','2019-11-22 16:11:54',NULL,'Enviado'),(140,379,'Simbox','584125992035','584125992035','Billetera Alodiga, Usted a realizado un intercambio de producto el dia: 2019-11-22 16:14:14 producto origen: Alocoin  producto destino: Saldo Alodiga por un monto de: 1.23 Bs.','2019-11-22 16:14:14',NULL,'Enviado'),(141,379,'Simbox','584125992035','584125992035','Billetera Alodiga, Usted a realizado un intercambio de producto el dia: 2019-11-22 16:14:17 producto origen: Alocoin  producto destino: Saldo Alodiga por un monto de: 1.23 Bs.','2019-11-22 16:14:17',NULL,'Enviado'),(142,379,'Simbox','584125992035','584125992035','Billetera Alodiga, Usted a realizado un intercambio de producto el dia: 2019-11-22 16:17:04 producto origen: Alocoin  producto destino: Saldo Alodiga por un monto de: 1.23 Bs.','2019-11-22 16:17:04',NULL,'Enviado'),(143,379,'Simbox','584125992035','584125992035','Billetera Alodiga, Usted a realizado un intercambio de producto el dia: 2019-11-22 16:20:41 producto origen: Alocoin  producto destino: Saldo Alodiga por un monto de: 1.23 Bs.','2019-11-22 16:20:41',NULL,'Enviado'),(144,379,'Simbox','584125992035','584125992035','Billetera Alodiga, Usted a realizado un intercambio de producto el dia: 2019-11-22 16:20:43 producto origen: Alocoin  producto destino: Saldo Alodiga por un monto de: 1.23 Bs.','2019-11-22 16:20:43',NULL,'Enviado'),(145,379,'Simbox','584125992035','584125992035','Billetera Alodiga, Usted a realizado un intercambio de producto el dia: 2019-11-22 16:20:46 producto origen: Alocoin  producto destino: Saldo Alodiga por un monto de: 1.23 Bs.','2019-11-22 16:20:46',NULL,'Enviado'),(146,379,'Simbox','584125992035','584125992035','Billetera Alodiga, Usted a realizado un intercambio de producto el dia: 2019-11-22 16:20:48 producto origen: Alocoin  producto destino: Saldo Alodiga por un monto de: 1.23 Bs.','2019-11-22 16:20:48',NULL,'Enviado'),(147,379,'Simbox','584125992035','584125992035','Billetera Alodiga, Usted a realizado un intercambio de producto el dia: 2019-11-22 16:20:50 producto origen: Alocoin  producto destino: Saldo Alodiga por un monto de: 1.23 Bs.','2019-11-22 16:20:50',NULL,'Enviado'),(148,379,'Simbox','584125992035','584125992035','Billetera Alodiga, Usted a realizado un intercambio de producto el dia: 2019-11-22 16:20:54 producto origen: Alocoin  producto destino: Saldo Alodiga por un monto de: 1.23 Bs.','2019-11-22 16:20:54',NULL,'Enviado'),(149,379,'Simbox','584125992035','584125992035','Billetera Alodiga, Usted a realizado un intercambio de producto el dia: 2019-11-22 16:20:56 producto origen: Alocoin  producto destino: Saldo Alodiga por un monto de: 1.23 Bs.','2019-11-22 16:20:56',NULL,'Enviado'),(150,379,'Simbox','584125992035','584125992035','Billetera Alodiga, Usted a realizado un intercambio de producto el dia: 2019-11-22 16:21:31 producto origen: Alocoin  producto destino: Saldo Alodiga por un monto de: 12.34 Bs.','2019-11-22 16:21:31',NULL,'Enviado'),(151,379,'Simbox','584125992035','584125992035','Billetera Alodiga, Usted a realizado un intercambio de producto el dia: 2019-11-22 16:21:33 producto origen: Alocoin  producto destino: Saldo Alodiga por un monto de: 12.34 Bs.','2019-11-22 16:21:33',NULL,'Enviado'),(152,379,'Simbox','584125992035','584125992035','Billetera Alodiga, Usted a realizado un intercambio de producto el dia: 2019-11-22 16:21:35 producto origen: Alocoin  producto destino: Saldo Alodiga por un monto de: 12.34 Bs.','2019-11-22 16:21:35',NULL,'Enviado'),(153,379,'Simbox','584125992035','584125992035','Billetera Alodiga, Usted a realizado un intercambio de producto el dia: 2019-11-22 16:21:38 producto origen: Alocoin  producto destino: Saldo Alodiga por un monto de: 12.34 Bs.','2019-11-22 16:21:38',NULL,'Enviado'),(154,379,'Simbox','584125992035','584125992035','Billetera Alodiga, Usted a realizado un intercambio de producto el dia: 2019-11-22 16:21:40 producto origen: Alocoin  producto destino: Saldo Alodiga por un monto de: 12.34 Bs.','2019-11-22 16:21:40',NULL,'Enviado'),(155,379,'Simbox','584125992035','584125992035','Billetera Alodiga, Usted a realizado un intercambio de producto el dia: 2019-11-22 16:23:51 producto origen: Alocoin  producto destino: Saldo Alodiga por un monto de: 1.23 Bs.','2019-11-22 16:23:51',NULL,'Enviado'),(156,379,'Simbox','584125992035','584125992035','Billetera Alodiga, Usted a realizado un intercambio de producto el dia: 2019-11-22 16:25:28 producto origen: Alocoin  producto destino: Saldo Alodiga por un monto de: 1.23 Bs.','2019-11-22 16:25:28',NULL,'Enviado'),(157,379,'Simbox','584125992035','584125992035','Billetera Alodiga, Usted a realizado un intercambio de producto el dia: 2019-11-22 16:28:21 producto origen: Alocoin  producto destino: Saldo Alodiga por un monto de: 1.23 Bs.','2019-11-22 16:28:21',NULL,'Enviado'),(158,379,'Simbox','584125992035','584125992035','Billetera Alodiga, Usted a realizado un intercambio de producto el dia: 2019-11-22 16:31:11 producto origen: Alocoin  producto destino: Saldo Alodiga por un monto de: 1.23 Bs.','2019-11-22 16:31:11',NULL,'Enviado'),(159,379,'Simbox','584125992035','584125992035','Billetera Alodiga, Usted a realizado un intercambio de producto el dia: 2019-11-22 16:31:32 producto origen: Alocoin  producto destino: Saldo Alodiga por un monto de: 0.12 Bs.','2019-11-22 16:31:32',NULL,'Enviado'),(160,379,'Simbox','584125992035','584125992035','Billetera Alodiga, Usted a realizado un intercambio de producto el dia: 2019-11-22 16:34:56 producto origen: Alocoin  producto destino: Saldo Alodiga por un monto de: 1.23 Bs.','2019-11-22 16:34:56',NULL,'Enviado'),(161,379,'Simbox','584125992035','584125992035','Billetera Alodiga, Usted a realizado un intercambio de producto el dia: 2019-11-22 16:36:31 producto origen: Alocoin  producto destino: Saldo Alodiga por un monto de: 1.34 Bs.','2019-11-22 16:36:31',NULL,'Enviado'),(162,379,'Simbox','584125992035','584125992035','Billetera Alodiga, Usted a realizado un intercambio de producto el dia: 2019-11-22 16:36:55 producto origen: Alocoin  producto destino: Saldo Alodiga por un monto de: 12.34 Bs.','2019-11-22 16:36:55',NULL,'Enviado'),(163,379,'Simbox','584125992035','584125992035','Billetera Alodiga, Usted a realizado un intercambio de producto el dia: 2019-11-22 16:37:25 producto origen: Alocoin  producto destino: Saldo Alodiga por un monto de: 1.24 Bs.','2019-11-22 16:37:25',NULL,'Enviado'),(164,379,'Simbox','584125992035','584125992035','Billetera Alodiga, Usted a realizado un intercambio de producto el dia: 2019-11-22 16:42:34 producto origen: Alocoin  producto destino: Saldo Alodiga por un monto de: 12.34 Bs.','2019-11-22 16:42:34',NULL,'Enviado'),(165,379,'Simbox','584125992035','584125992035','Billetera Alodiga, Usted a realizado un intercambio de producto el dia: 2019-11-22 16:44:39 producto origen: Alocoin  producto destino: Saldo Alodiga por un monto de: 1.23 Bs.','2019-11-22 16:44:39',NULL,'Enviado'),(166,379,'Simbox','584125992035','584125992035','Billetera Alodiga, Usted a realizado un intercambio de producto el dia: 2019-11-22 16:46:18 producto origen: Alocoin  producto destino: Saldo Alodiga por un monto de: 1.23 Bs.','2019-11-22 16:46:18',NULL,'Enviado'),(167,379,'Simbox','584125992035','584125992035','Billetera Alodiga, Usted a efectuado un retiro el dia: 2019-11-27 14:41:21 por un monto de: 0.55 Bs.','2019-11-27 14:41:21',NULL,'Enviado'),(168,379,'Massiva','584125992035','584125992035','Billetera Alodiga, Usted a realizado un intercambio de producto el dia: 2019-12-04 09:42:39 producto origen: Alocoin  producto destino: Saldo Alodiga por un monto de: 2.0 Bs.','2019-12-04 09:42:39',NULL,'Enviado'),(169,379,'Massiva','584125992035','584125992035','Billetera Alodiga, Usted a realizado un intercambio de producto el dia: 2019-12-04 09:50:08 producto origen: Alocoin  producto destino: Saldo Alodiga por un monto de: 2.0 Bs.','2019-12-04 09:50:09',NULL,'Enviado'),(170,379,'Massiva','584125992035','584125992035','Billetera Alodiga, Usted a realizado un intercambio de producto el dia: 2019-12-04 09:53:21 producto origen: Alocoin  producto destino: Saldo Alodiga por un monto de: 2.0 Bs.','2019-12-04 09:53:21',NULL,'Enviado'),(171,379,'Massiva','584125992035','584125992035','Billetera Alodiga, Usted a realizado un intercambio de producto el dia: 2019-12-04 10:11:23 producto origen: Alocoin  producto destino: Saldo Alodiga por un monto de: 2.0 Bs.','2019-12-04 10:11:23','584125992035000420191204100840','Enviado'),(172,379,'Massiva','584125992035','584125992035','Billetera Alodiga, Usted a realizado una transferencia el dia: 2020-01-17 14:19:03 por un monto de: 1.0 Bs.','2020-01-17 14:19:04','584125992035000420200117141633','Enviado'),(173,435,'Massiva','584126157526','584126157526','Billetera Alodiga, Usted a recibido una transferencia el dia: 2020-01-17 14:19:04 por un monto de: 1.0 Bs.','2020-01-17 14:19:04','584126157526000420200117141633','Enviado'),(174,379,'Massiva','584125992035','584125992035','Billetera Alodiga, Usted a realizado una transferencia el dia: 2020-01-17 14:55:32 por un monto de: 0.12 Bs.','2020-01-17 14:55:33','584125992035000420200117145302','Enviado'),(175,435,'Massiva','584126157526','584126157526','Billetera Alodiga, Usted a recibido una transferencia el dia: 2020-01-17 14:55:33 por un monto de: 0.12 Bs.','2020-01-17 14:55:33','584126157526000420200117145302','Enviado'),(176,379,'Massiva','584125992035','584125992035','Billetera Alodiga, Usted a realizado una transferencia el dia: 2020-01-17 14:57:43 por un monto de: 0.55 Bs.','2020-01-17 14:57:43','584125992035000420200117145512','Enviado'),(177,435,'Massiva','584126157526','584126157526','Billetera Alodiga, Usted a recibido una transferencia el dia: 2020-01-17 14:57:43 por un monto de: 0.55 Bs.','2020-01-17 14:57:43','584126157526000420200117145513','Enviado'),(178,379,'Massiva','584125992035','584125992035','Billetera Alodiga, Usted a realizado una transferencia el dia: 2020-01-17 15:02:42 por un monto de: 0.55 Bs.','2020-01-17 15:02:43','584125992035000420200117150012','Enviado'),(179,435,'Massiva','584126157526','584126157526','Billetera Alodiga, Usted a recibido una transferencia el dia: 2020-01-17 15:02:43 por un monto de: 0.55 Bs.','2020-01-17 15:02:43','584126157526000420200117150012','Enviado'),(180,379,'Massiva','584125992035','584125992035','Billetera Alodiga, Usted a efectuado una recarga el dia: 2020-01-17 15:09:57 por un monto de: 0.22 Bs. numero de referencia: 1222333','2020-01-17 15:09:58','584125992035000420200117150727','Enviado'),(181,379,'Massiva','584125992035','584125992035','Billetera Alodiga, Usted a efectuado un retiro el dia: 2020-01-17 15:10:18 por un monto de: 12.33 Bs.','2020-01-17 15:10:18','584125992035000420200117150747','Enviado'),(182,379,'Massiva','584125992035','584125992035','Billetera Alodiga, Usted a realizado una transferencia el dia: 2020-01-17 15:11:07 por un monto de: 0.05 Bs.','2020-01-17 15:11:07','584125992035000420200117150837','Enviado'),(183,435,'Massiva','584126157526','584126157526','Billetera Alodiga, Usted a recibido una transferencia el dia: 2020-01-17 15:11:07 por un monto de: 0.05 Bs.','2020-01-17 15:11:08','584126157526000420200117150837','Enviado'),(184,379,'Massiva','584125992035','584125992035','Billetera Alodiga, Usted a realizado una transferencia el dia: 2020-01-17 15:13:00 por un monto de: 0.05 Bs.','2020-01-17 15:13:01','584125992035000420200117151030','Enviado'),(185,435,'Massiva','584126157526','584126157526','Billetera Alodiga, Usted a recibido una transferencia el dia: 2020-01-17 15:13:01 por un monto de: 0.05 Bs.','2020-01-17 15:13:01','584126157526000420200117151030','Enviado'),(186,379,'Massiva','584125992035','584125992035','Billetera Alodiga, Usted a realizado una transferencia el dia: 2020-01-17 16:49:38 por un monto de: 0.55 Bs.','2020-01-17 16:49:38','584125992035000420200117164708','Enviado'),(187,435,'Massiva','584126157526','584126157526','Billetera Alodiga, Usted a recibido una transferencia el dia: 2020-01-17 16:49:38 por un monto de: 0.55 Bs.','2020-01-17 16:49:39','584126157526000420200117164708','Enviado'),(188,379,'Massiva','584125992035','584125992035','Billetera Alodiga, Usted a realizado una transferencia el dia: 2020-01-17 16:58:43 por un monto de: 0.55 Bs.','2020-01-17 16:58:43','584125992035000420200117165613','Enviado'),(189,435,'Massiva','584126157526','584126157526','Billetera Alodiga, Usted a recibido una transferencia el dia: 2020-01-17 16:58:43 por un monto de: 0.55 Bs.','2020-01-17 16:58:44','584126157526000420200117165613','Enviado'),(190,379,'Massiva','584125992035','584125992035','Billetera Alodiga, Usted a realizado un intercambio de producto el dia: 2020-01-17 17:03:33 producto origen: Alocoin  producto destino: Saldo Alodiga por un monto de: 1.95 Bs.','2020-01-17 17:03:33','584125992035000420200117170103','Enviado'),(191,379,'Massiva','584125992035','584125992035','Billetera Alodiga, Usted a realizado un intercambio de producto el dia: 2020-01-17 17:09:14 producto origen: Tarjeta Prepagada  producto destino: Saldo Alodiga por un monto de: 11.11 Bs.','2020-01-17 17:09:14','584125992035000420200117170643','Enviado'),(192,379,'Massiva','584125992035','584125992035','Billetera Alodiga, Usted a efectuado un retiro el dia: 2020-01-18 14:25:57 por un monto de: 10.0 Bs.','2020-01-18 14:25:58','584125992035000420200118142327','Enviado'),(193,379,'Massiva','584125992035','584125992035','Billetera Alodiga, Usted a efectuado una recarga el dia: 2020-01-18 15:12:29 por un monto de: 10.0 Bs. numero de referencia: 1000','2020-01-18 15:12:29','584125992035000420200118150959','Enviado'),(194,379,'Massiva','584125992035','584125992035','Billetera Alodiga, Usted a efectuado un retiro el dia: 2020-01-18 15:12:52 por un monto de: 1500.0 Bs.','2020-01-18 15:12:52','584125992035000420200118151022','Enviado'),(195,379,'Massiva','584125992035','584125992035','Billetera Alodiga, Usted a realizado un intercambio de producto el dia: 2020-01-18 15:13:17 producto origen: Tarjeta Prepagada  producto destino: Saldo Alodiga por un monto de: 9.8 Bs.','2020-01-18 15:13:17','584125992035000420200118151047','Enviado'),(196,379,'Massiva','584125992035','584125992035','Billetera Alodiga, Usted a efectuado una recarga el dia: 2020-01-18 16:06:25 por un monto de: 10.0 Bs. numero de referencia: 123456','2020-01-18 16:06:26','584125992035000420200118160356','Enviado'),(197,379,'Massiva','584125992035','584125992035','Billetera Alodiga, Usted a realizado un intercambio de producto el dia: 2020-01-18 16:12:25 producto origen: Tarjeta Prepagada  producto destino: Saldo Alodiga por un monto de: 98.0 Bs.','2020-01-18 16:12:25','584125992035000420200118160955','Enviado'),(198,379,'Massiva','584125992035','584125992035','Billetera Alodiga, Usted a realizado una transferencia el dia: 2020-01-18 16:16:50 por un monto de: 200.0 Bs.','2020-01-18 16:16:51','584125992035000420200118161420','Enviado'),(199,435,'Massiva','584126157526','584126157526','Billetera Alodiga, Usted a recibido una transferencia el dia: 2020-01-18 16:16:51 por un monto de: 200.0 Bs.','2020-01-18 16:16:51','584126157526000420200118161421','Enviado'),(200,379,'Massiva','584125992035','584125992035','Billetera Alodiga, Usted a realizado una transferencia el dia: 2020-01-18 16:18:33 por un monto de: 100.0 Bs.','2020-01-18 16:18:34','584125992035000420200118161603','Enviado'),(201,435,'Massiva','584126157526','584126157526','Billetera Alodiga, Usted a recibido una transferencia el dia: 2020-01-18 16:18:34 por un monto de: 100.0 Bs.','2020-01-18 16:18:34','584126157526000420200118161604','Enviado'),(202,379,'Massiva','584125992035','584125992035','Billetera Alodiga, Usted a efectuado un Top Up el dia: 2020-01-18 16:21:34 por un monto de: 1.49 Bs. al numero de destino: 584241934005','2020-01-18 16:21:35','584125992035000420200118161905','Enviado'),(203,379,'Massiva','584125992035','584125992035','Billetera Alodiga, Usted a efectuado un Top Up el dia: 2020-01-18 16:24:26 por un monto de: 0.4 Bs. al numero de destino: 584168148361','2020-01-18 16:24:27','584125992035000420200118162157','Enviado'),(204,379,'Massiva','584125992035','584125992035','Billetera Alodiga, Usted a efectuado un retiro el dia: 2020-01-19 13:56:54 por un monto de: 180.0 Bs.','2020-01-19 13:56:55','584125992035000420200119135425','Enviado'),(207,379,'Massiva','584125992035','584125992035','Billetera Alodiga, Usted a efectuado un Top Up el dia: 2020-01-19 16:39:35 por un monto de: 1.49 Bs. al numero de destino: 584241934005','2020-01-19 16:39:36','584125992035000420200119163949','Enviado'),(208,379,'Massiva','584125992035','584125992035','Billetera Alodiga, Usted a realizado una transferencia el dia: 2020-01-19 16:40:41 por un monto de: 20.0 Bs.','2020-01-19 16:40:42','584125992035000420200119164056','Enviado'),(209,441,'Massiva','584241934005','584241934005','Billetera Alodiga, Usted a recibido una transferencia el dia: 2020-01-19 16:40:42 por un monto de: 20.0 Bs.','2020-01-19 16:40:43','584241934005000420200119164057','Enviado'),(210,379,'Massiva','584125992035','584125992035','Billetera Alodiga, Usted a realizado un intercambio de producto el dia: 2020-01-19 16:41:18 producto origen: Alocoin  producto destino: Saldo Alodiga por un monto de: 19.5 Bs.','2020-01-19 16:41:19','584125992035000420200119164133','Enviado'),(211,379,'Massiva','584125992035','584125992035','Billetera Alodiga, Usted a efectuado un Top Up el dia: 2020-01-19 16:46:44 por un monto de: 11.0 Bs. al numero de destino: 5353693280','2020-01-19 16:46:44','584125992035000420200119164658','Enviado'),(212,379,'Massiva','584125992035','584125992035','Billetera Alodiga, Usted a efectuado un Top Up el dia: 2020-01-22 11:39:14 por un monto de: 2.0 Bs. al numero de destino: 59898119191','2020-01-22 11:39:14','584125992035000420200122113648','Enviado'),(213,379,'Massiva','584125992035','584125992035','Billetera Alodiga, Usted a efectuado un Top Up el dia: 2020-01-22 11:43:18 por un monto de: 10.0 Bs. al numero de destino: 5353693280','2020-01-22 11:43:19','584125992035000420200122114052','Enviado'),(214,379,'Massiva','584125992035','584125992035','Billetera Alodiga, Usted a efectuado un Top Up el dia: 2020-01-22 13:44:57 por un monto de: 10.0 Bs. al numero de destino: 59898119191','2020-01-22 13:44:58','584125992035000420200122134231','Enviado'),(215,379,'Massiva','584125992035','584125992035','Billetera Alodiga, Usted a realizado una transferencia  el dia: 2020-01-27 12:55:20 por un monto de: 1.0 Bs.','2020-01-27 12:55:21','584125992035000420200127125256','Enviado'),(216,458,'Massiva','584142748071','584142748071','Billetera Alodiga, Usted a recibido una transferencia el dia: 2020-01-27 12:55:21 por un monto de: 1.0 Bs.','2020-01-27 12:55:21','584142748071000420200127125256','Enviado'),(217,379,'Massiva','584125992035','584125992035','Billetera Alodiga, Usted a realizado una transferencia  el dia: 2020-01-27 13:21:55 por un monto de: 1.0 Bs.','2020-01-27 13:21:56','584125992035000420200127131931','Enviado'),(218,458,'Massiva','584142748071','584142748071','Billetera Alodiga, Usted a recibido una transferencia el dia: 2020-01-27 13:21:56 por un monto de: 1.0 Bs.','2020-01-27 13:21:56','584142748071000420200127131932','Enviado'),(219,379,'Massiva','584125992035','584125992035','Billetera Alodiga, Usted a realizado una transferencia  el dia: 2020-01-27 13:30:26 por un monto de: 1.0 Bs.','2020-01-27 13:30:26','584125992035000420200127132802','Enviado'),(220,458,'Massiva','584142748071','584142748071','Billetera Alodiga, Usted a recibido una transferencia el dia: 2020-01-27 13:30:26 por un monto de: 1.0 Bs.','2020-01-27 13:30:27','584142748071000420200127132802','Enviado'),(221,379,'Massiva','584125992035','584125992035','Billetera Alodiga, Usted a realizado una transferencia  el dia: 2020-01-27 14:56:01 por un monto de: 0.01 Bs.','2020-01-27 14:56:02','584125992035000420200127145337','Enviado'),(222,458,'Massiva','584142748071','584142748071','Billetera Alodiga, Usted a recibido una transferencia el dia: 2020-01-27 14:56:02 por un monto de: 0.01 Bs.','2020-01-27 14:56:02','584142748071000420200127145337','Enviado'),(223,456,'Massiva','58053319768','58053319768','Billetera Alodiga, Usted a realizado una transferencia  el dia: 2020-01-27 15:09:57 por un monto de: 0.01 Bs.','2020-01-27 15:09:57',NULL,'Failed'),(224,458,'Massiva','584142748071','584142748071','Billetera Alodiga, Usted a recibido una transferencia el dia: 2020-01-27 15:09:57 por un monto de: 0.01 Bs.','2020-01-27 15:09:58','584142748071000420200127150733','Enviado'),(225,456,'Massiva','58053319768','58053319768','Billetera Alodiga, Usted a realizado una transferencia  el dia: 2020-01-27 15:15:29 por un monto de: 0.01 Bs.','2020-01-27 15:15:29',NULL,'Failed'),(226,379,'Massiva','584125992035','584125992035','Billetera Alodiga, Usted a recibido una transferencia el dia: 2020-01-27 15:15:29 por un monto de: 0.01 Bs.','2020-01-27 15:15:29','584125992035000420200127151305','Enviado'),(227,458,'Massiva','584142748071','584142748071','Billetera Alodiga, Usted a realizado una transferencia  el dia: 2020-01-27 15:18:33 por un monto de: 0.01 Bs.','2020-01-27 15:18:33','584142748071000420200127151608','Enviado'),(228,379,'Massiva','584125992035','584125992035','Billetera Alodiga, Usted a recibido una transferencia el dia: 2020-01-27 15:18:33 por un monto de: 0.01 Bs.','2020-01-27 15:18:33','584125992035000420200127151609','Enviado'),(229,458,'Massiva','584142748071','584142748071','Billetera Alodiga, Usted a realizado una transferencia  el dia: 2020-01-27 15:25:28 por un monto de: 0.01 Bs.','2020-01-27 15:25:29','584142748071000420200127152304','Enviado'),(230,379,'Massiva','584125992035','584125992035','Billetera Alodiga, Usted a recibido una transferencia el dia: 2020-01-27 15:25:29 por un monto de: 0.01 Bs.','2020-01-27 15:25:29','584125992035000420200127152304','Enviado'),(231,379,'Massiva','584125992035','584125992035','Billetera Alodiga, Usted a realizado una transferencia  el dia: 2020-01-27 15:30:58 por un monto de: 0.01 Bs.','2020-01-27 15:30:59','584125992035000420200127152834','Enviado'),(232,458,'Massiva','584142748071','584142748071','Billetera Alodiga, Usted a recibido una transferencia el dia: 2020-01-27 15:30:59 por un monto de: 0.01 Bs.','2020-01-27 15:30:59','584142748071000420200127152834','Enviado'),(233,458,'Massiva','584142748071','584142748071','Billetera Alodiga, Usted a realizado una transferencia  el dia: 2020-01-27 15:50:42 por un monto de: 0.01 Bs.','2020-01-27 15:50:42','584142748071000420200127154818','Enviado'),(234,379,'Massiva','584125992035','584125992035','Billetera Alodiga, Usted a recibido una transferencia el dia: 2020-01-27 15:50:42 por un monto de: 0.01 Bs.','2020-01-27 15:50:43','584125992035000420200127154818','Enviado'),(235,458,'Massiva','584142748071','584142748071','Billetera Alodiga, Usted a realizado una transferencia  el dia: 2020-01-27 16:17:27 por un monto de: 0.01 Bs.','2020-01-27 16:17:27','584142748071000420200127161503','Enviado'),(236,379,'Massiva','584125992035','584125992035','Billetera Alodiga, Usted a recibido una transferencia el dia: 2020-01-27 16:17:27 por un monto de: 0.01 Bs.','2020-01-27 16:17:27','584125992035000420200127161503','Enviado'),(237,458,'Massiva','584142748071','584142748071','Billetera Alodiga, Usted a realizado una transferencia  el dia: 2020-01-28 09:29:19 por un monto de: 0.01 Bs.','2020-01-28 09:29:19','584142748071000420200128092655','Enviado'),(238,379,'Massiva','584125992035','584125992035','Billetera Alodiga, Usted a recibido una transferencia el dia: 2020-01-28 09:29:19 por un monto de: 0.01 Bs.','2020-01-28 09:29:19','584125992035000420200128092655','Enviado'),(239,379,'Massiva','584125992035','584125992035','Billetera Alodiga, Usted a realizado una transferencia  el dia: 2020-02-04 16:28:03 por un monto de: 1.0 Bs.','2020-02-04 16:28:04','584125992035000420200204162546','Enviado'),(240,456,'Massiva','58053319768','58053319768','Billetera Alodiga, Usted a recibido una transferencia el dia: 2020-02-04 16:28:04 por un monto de: 1.0 Bs.','2020-02-04 16:28:04',NULL,'Failed'),(241,379,'Massiva','584125992035','584125992035','Billetera Alodiga, Usted a realizado una transferencia  el dia: 2020-02-07 10:56:45 por un monto de: 0.01 Bs.','2020-02-07 10:56:45','584125992035000420200207105429','Enviado'),(242,456,'Massiva','58053319768','58053319768','Billetera Alodiga, Usted a recibido una transferencia el dia: 2020-02-07 10:56:45 por un monto de: 0.01 Bs.','2020-02-07 10:56:46',NULL,'Failed'),(243,379,'Massiva','584125992035','584125992035','Billetera Alodiga, Usted a realizado una transferencia  el dia: 2020-02-07 11:01:19 por un monto de: 0.01 Bs.','2020-02-07 11:01:20','584125992035000420200207105903','Enviado'),(244,458,'Massiva','584142748071','584142748071','Billetera Alodiga, Usted a recibido una transferencia el dia: 2020-02-07 11:01:20 por un monto de: 0.01 Bs.','2020-02-07 11:01:20','584142748071000420200207105904','Enviado'),(245,379,'Massiva','584125992035','584125992035','Billetera Alodiga, Usted a efectuado un Top Up el dia: 2020-02-10 10:01:09 por un monto de: 1.46 Bs. al numero de destino: 584241934005','2020-02-10 10:01:09','584125992035000420200210095854','Enviado'),(246,379,'Massiva','584125992035','584125992035','Billetera Alodiga, Usted a realizado un intercambio de producto el dia: 2020-02-10 10:02:23 producto origen: Saldo NV  producto destino: Alocoin por un monto de: 97.5 Bs.','2020-02-10 10:02:23','584125992035000420200210100008','Enviado'),(247,379,'Massiva','584125992035','584125992035','Billetera Alodiga, Usted a realizado una transferencia el dia: 2020-02-10 10:03:47 por un monto de: 10.0 Bs.','2020-02-10 10:03:48','584125992035000420200210100132','Enviado'),(248,458,'Massiva','584142748071','584142748071','Billetera Alodiga, Usted a recibido una transferencia el dia: 2020-02-10 10:03:48 por un monto de: 10.0 Bs.','2020-02-10 10:03:48','584142748071000420200210100133','Enviado'),(249,379,'Massiva','584125992035','584125992035','Billetera Alodiga, Usted a efectuado una recarga el dia: 2020-03-04 14:35:41 por un monto de: 5.55 Bs. numero de referencia: 1452369880','2020-03-04 14:35:41','584125992035000420200304143242','Enviado'),(250,379,'Massiva','584125992035','584125992035','Billetera Alodiga, Usted a efectuado un retiro el dia: 2020-03-04 14:37:20 por un monto de: 55.55 Bs.','2020-03-04 14:37:20','584125992035000420200304143421','Enviado'),(251,379,'Massiva','584125992035','584125992035','Billetera Alodiga, Usted a realizado un intercambio de producto el dia: 2020-03-04 14:40:13 producto origen: Alocoin  producto destino: Saldo NV por un monto de: 4.329 Bs.','2020-03-04 14:40:14','584125992035000420200304143715','Enviado'),(252,379,'Massiva','584125992035','584125992035','Billetera Alodiga, Usted a realizado una transferencia el dia: 2020-03-04 14:44:22 por un monto de: 0.11 Bs.','2020-03-04 14:44:22','584125992035000420200304144124','Enviado'),(253,458,'Massiva','584142748071','584142748071','Billetera Alodiga, Usted a recibido una transferencia el dia: 2020-03-04 14:44:22 por un monto de: 0.11 Bs.','2020-03-04 14:44:23','584142748071000420200304144124','Enviado'),(254,379,'Massiva','584125992035','584125992035','Billetera Alodiga, Usted a efectuado un Top Up el dia: 2020-03-04 14:48:06 por un monto de: 3.87 Bs. al numero de destino: 584142745678','2020-03-04 14:48:07','584125992035000420200304144508','Enviado'),(255,379,'Massiva','584125992035','584125992035','Billetera Alodiga, Usted a realizado un intercambio de producto el dia: 2020-03-04 16:16:54 producto origen: Banplus Puerto Rico  producto destino: Banplus Venezuela por un monto de: 1000.0 Bs.','2020-03-04 16:16:54','584125992035000420200304161355','Enviado'),(256,379,'Massiva','584125992035','584125992035','Billetera Alodiga, Usted a realizado un intercambio de producto el dia: 2020-03-04 16:17:44 producto origen: Banplus Venezuela  producto destino: Banplus Puerto Rico por un monto de: 48.75 Bs.','2020-03-04 16:17:45','584125992035000420200304161446','Enviado'),(257,379,'Massiva','584125992035','584125992035','Billetera Alodiga, Usted a efectuado una recarga el dia: 2020-03-04 20:19:34 por un monto de: 0.01 Bs. numero de referencia: 12345','2020-03-04 20:19:35','584125992035000420200304201636','Enviado'),(258,379,'Massiva','584125992035','584125992035','Billetera Alodiga, Usted a efectuado un retiro el dia: 2020-03-04 20:21:41 por un monto de: 0.01 Bs.','2020-03-04 20:21:42','584125992035000420200304201843','Enviado'),(259,379,'Massiva','584125992035','584125992035','Billetera Alodiga, Usted a realizado un intercambio de producto el dia: 2020-03-04 20:22:22 producto origen: Banplus Venezuela  producto destino: Banplus Puerto Rico por un monto de: 10.0 Bs.','2020-03-04 20:22:23','584125992035000420200304201924','Enviado'),(260,379,'Massiva','584125992035','584125992035','Billetera Alodiga, Usted a realizado una transferencia el dia: 2020-03-04 20:23:05 por un monto de: 10.0 Bs.','2020-03-04 20:23:06','584125992035000420200304202007','Enviado'),(261,458,'Massiva','584142748071','584142748071','Billetera Alodiga, Usted a recibido una transferencia el dia: 2020-03-04 20:23:06 por un monto de: 10.0 Bs.','2020-03-04 20:23:06','584142748071000420200304202007','Enviado'),(262,379,'Massiva','584125992035','584125992035','Billetera Alodiga, Usted a efectuado un Top Up el dia: 2020-03-04 20:24:17 por un monto de: 3.87 Bs. al numero de destino: 584241934005','2020-03-04 20:24:17','584125992035000420200304202118','Enviado'),(263,379,'Massiva','584125992035','584125992035','Billetera Alodiga, Usted a efectuado un pago el dia: 2020-03-04 20:27:29 por un monto de: 1.0 Bs.','2020-03-04 20:27:29','584125992035000420200304202430','Enviado'),(264,402,'Massiva','584241532632','584241532632','Billetera Alodiga, Usted a recibido un pago el dia: 2020-03-04 20:27:29 por un monto de: 1.0 Bs.','2020-03-04 20:27:30','584241532632000420200304202431','Enviado'),(265,379,'Massiva','584125992035','584125992035','Billetera Alodiga, Usted a realizado un intercambio de producto el dia: 2020-03-05 09:41:17 producto origen: Banplus Venezuela (Bs)  producto destino: Banplus Puerto Rico ($) por un monto de: 150000.0 Bs.','2020-03-05 09:41:17','584125992035000420200305093818','Enviado'),(266,379,'Massiva','584125992035','584125992035','Billetera Alodiga, Usted a realizado un intercambio de producto el dia: 2020-03-05 09:45:44 producto origen: Banplus Venezuela (Bs)  producto destino: Banplus Puerto Rico ($) por un monto de: 70000.0 Bs.','2020-03-05 09:45:44','584125992035000420200305094245','Enviado'),(267,379,'Massiva','584125992035','584125992035','Billetera Alodiga, Usted a realizado un intercambio de producto el dia: 2020-03-05 10:57:13 producto origen: Tarjeta Prepagada  producto destino: Banplus Venezuela (Bs) por un monto de: 1.0 Bs.','2020-03-05 10:57:13','584125992035000420200305105415','Enviado'),(268,379,'Massiva','584125992035','584125992035','Billetera Alodiga, Usted a efectuado un pago el dia: 2020-03-05 11:22:21 por un monto de: 100.0 Bs.','2020-03-05 11:22:22','584125992035000420200305111923','Enviado'),(269,402,'Massiva','584241532632','584241532632','Billetera Alodiga, Usted a recibido un pago el dia: 2020-03-05 11:22:22 por un monto de: 100.0 Bs.','2020-03-05 11:22:22','584241532632000420200305111923','Enviado'),(270,379,'Massiva','584125992035','584125992035','Billetera Alodiga, Usted a realizado un intercambio de producto el dia: 2020-03-05 11:36:43 producto origen: Banplus Venezuela (Bs)  producto destino: Banplus Puerto Rico ($) por un monto de: 20000.0 Bs.','2020-03-05 11:36:43','584125992035000420200305113344','Enviado'),(271,379,'Massiva','584125992035','584125992035','Billetera Alodiga, Usted a realizado una transferencia el dia: 2020-03-05 11:39:11 por un monto de: 0.01 Bs.','2020-03-05 11:39:11','584125992035000420200305113612','Enviado'),(272,458,'Massiva','584142748071','584142748071','Billetera Alodiga, Usted a recibido una transferencia el dia: 2020-03-05 11:39:11 por un monto de: 0.01 Bs.','2020-03-05 11:39:12','584142748071000420200305113613','Enviado'),(273,379,'Massiva','584125992035','584125992035','Billetera Alodiga, Usted a realizado una transferencia el dia: 2020-04-20 21:58:57 por un monto de: 10.0 Bs.','2020-04-20 21:59:09','584125992035','Enviado'),(274,435,'Massiva','5804149010637','5804149010637','Billetera Alodiga, Usted a recibido una transferencia el dia: 2020-04-20 21:59:09 por un monto de: 10.0 Bs.','2020-04-20 21:59:10',NULL,'Failed'),(275,379,'Massiva','584125992035','584125992035','Billetera Alodiga, Usted a efectuado una recarga el dia: 2020-05-01 15:22:18 por un monto de: 10.0 Bs. numero de referencia: 123456','2020-05-01 15:22:19','584125992035','Enviado'),(276,379,'Massiva','584125992035','584125992035','Billetera Alodiga, Usted a realizado una transferencia el dia: 2020-05-06 01:51:02 por un monto de: 10.0 Bs.','2020-05-06 01:51:03','584125992035','Enviado'),(277,435,'Massiva','5804149010637','5804149010637','Billetera Alodiga, Usted a recibido una transferencia el dia: 2020-05-06 01:51:02 por un monto de: 10.0 Bs.','2020-05-06 01:51:03',NULL,'Failed'),(278,379,'Massiva','584125992035','584125992035','Billetera Alodiga, Usted a efectuado un pago el dia: 2020-05-06 02:07:59 por un monto de: 20.0 Bs.','2020-05-06 02:08:00','584125992035','Enviado'),(279,435,'Massiva','5804149010637','5804149010637','Billetera Alodiga, Usted a recibido un pago el dia: 2020-05-06 02:07:59 por un monto de: 20.0 Bs.','2020-05-06 02:08:00',NULL,'Failed'),(280,379,'Massiva','584125992035','584125992035','Billetera Alodiga, Usted a realizado una transferencia el dia: 2020-05-06 02:36:53 por un monto de: 200.0 Bs.','2020-05-06 02:36:54','584125992035','Enviado'),(281,458,'Massiva','584142748071','584142748071','Billetera Alodiga, Usted a recibido una transferencia el dia: 2020-05-06 02:36:53 por un monto de: 200.0 Bs.','2020-05-06 02:36:54','584142748071','Enviado'),(282,379,'Massiva','584125992035','584125992035','Billetera Alodiga, Usted a realizado una transferencia el dia: 2020-05-06 02:37:54 por un monto de: 200.0 Bs.','2020-05-06 02:37:55','584125992035','Enviado'),(283,458,'Massiva','584142748071','584142748071','Billetera Alodiga, Usted a recibido una transferencia el dia: 2020-05-06 02:37:54 por un monto de: 200.0 Bs.','2020-05-06 02:37:55','584142748071','Enviado'),(284,379,'Massiva','584125992035','584125992035','Billetera Alodiga, Usted a efectuado una recarga el dia: 2020-05-06 02:38:56 por un monto de: 2000.0 Bs. numero de referencia: 222222','2020-05-06 02:38:57','584125992035','Enviado'),(285,379,'Massiva','584125992035','584125992035','Billetera Alodiga, Usted a efectuado un retiro el dia: 2020-05-06 03:32:07 por un monto de: 2.0 Bs.','2020-05-06 03:32:08','584125992035','Enviado'),(286,379,'Massiva','584125992035','584125992035','Billetera Alodiga, Usted a realizado un intercambio de producto el dia: 2020-05-06 03:32:51 producto origen: Tarjeta Prepagada  producto destino: Dolares por un monto de: 196.0 Bs.','2020-05-06 03:32:52','584125992035','Enviado'),(287,379,'Massiva','584125992035','584125992035','Billetera Alodiga, Usted a efectuado un Top Up el dia: 2020-05-06 05:11:19 por un monto de: 1.64 Bs. al numero de destino: 584241934005','2020-05-06 05:11:20','584125992035','Enviado'),(288,379,'Massiva','584125992035','584125992035','Billetera Alodiga, Usted a efectuado una recarga el dia: 2020-05-06 07:46:15 por un monto de: 9.56 Bs. numero de referencia: 6465','2020-05-06 07:46:16','584125992035','Enviado'),(289,379,'Massiva','584125992035','584125992035','Billetera Alodiga, Usted a realizado una transferencia el dia: 2020-05-06 07:47:49 por un monto de: 20.0 Bs.','2020-05-06 07:47:50','584125992035','Enviado'),(290,458,'Massiva','584142748071','584142748071','Billetera Alodiga, Usted a recibido una transferencia el dia: 2020-05-06 07:47:49 por un monto de: 20.0 Bs.','2020-05-06 07:47:50','584142748071','Enviado'),(291,379,'Massiva','584125992035','584125992035','Billetera Alodiga, Usted a realizado un intercambio de producto el dia: 2020-05-06 07:48:24 producto origen: Tarjeta Prepagada  producto destino: Bolivares por un monto de: 196.0 Bs.','2020-05-06 07:48:25','584125992035','Enviado'),(292,379,'Massiva','584125992035','584125992035','Billetera Alodiga, Usted a efectuado una recarga el dia: 2020-05-10 09:57:55 por un monto de: 5000.0 Bs. numero de referencia: 1234555','2020-05-10 09:57:56','584125992035','Enviado'),(293,379,'Massiva','584125992035','584125992035','Billetera Alodiga, Usted a realizado un intercambio de producto el dia: 2020-05-10 09:59:30 producto origen: Tarjeta Prepagada  producto destino: Bolivares por un monto de: 9.8 Bs.','2020-05-10 09:59:31','584125992035','Enviado'),(294,379,'Massiva','584125992035','584125992035','Billetera Alodiga, Usted a realizado una transferencia el dia: 2020-05-10 10:00:28 por un monto de: 200.0 Bs.','2020-05-10 10:00:29','584125992035','Enviado'),(295,458,'Massiva','584142748071','584142748071','Billetera Alodiga, Usted a recibido una transferencia el dia: 2020-05-10 10:00:28 por un monto de: 200.0 Bs.','2020-05-10 10:00:29','584142748071','Enviado'),(296,379,'Massiva','584125992035','584125992035','Billetera Alodiga, Usted a efectuado un Top Up el dia: 2020-05-10 10:02:30 por un monto de: 2.07 Bs. al numero de destino: 584241934005','2020-05-10 10:02:31','584125992035','Enviado'),(297,379,'Massiva','584125992035','584125992035','Billetera Alodiga, Usted a realizado un intercambio de producto el dia: 2020-05-11 13:52:58 producto origen: Tarjeta Prepagada  producto destino: Bolivares por un monto de: 10.0 Bs.','2020-05-11 13:52:59','584125992035','Enviado'),(298,379,'Massiva','584125992035','584125992035','Billetera Alodiga, Usted a efectuado una recarga el dia: 2020-05-18 22:25:34 por un monto de: 200.0 Bs. numero de referencia: 12000','2020-05-18 22:25:35','584125992035','Enviado'),(299,379,'Massiva','584125992035','584125992035','Billetera Alodiga, Usted a efectuado un retiro el dia: 2020-05-18 22:27:20 por un monto de: 20.0 Bs.','2020-05-18 22:27:21','584125992035','Enviado'),(300,379,'Massiva','584125992035','584125992035','Billetera Alodiga, Usted a realizado un intercambio de producto el dia: 2020-05-18 22:28:26 producto origen: Bolivares  producto destino: Dolares por un monto de: 200.0 Bs.','2020-05-18 22:28:27','584125992035','Enviado'),(301,379,'Massiva','584125992035','584125992035','Billetera Alodiga, Usted a realizado una transferencia el dia: 2020-05-18 22:29:23 por un monto de: 2000.0 Bs.','2020-05-18 22:29:24','584125992035','Enviado'),(302,458,'Massiva','584142748071','584142748071','Billetera Alodiga, Usted a recibido una transferencia el dia: 2020-05-18 22:29:24 por un monto de: 2000.0 Bs.','2020-05-18 22:29:25','584142748071','Enviado'),(303,379,'Massiva','584125992035','584125992035','Billetera Alodiga, Usted a efectuado un Top Up el dia: 2020-05-18 22:31:15 por un monto de: 1.97 Bs. al numero de destino: 584241934005','2020-05-18 22:31:16','584125992035','Enviado'),(304,462,'Massiva','584245600868','584245600868','Billetera Alodiga, Usted a efectuado una recarga el dia: 2020-05-20 00:50:08 por un monto de: 1000.0 Bs. numero de referencia: 12345','2020-05-20 00:50:09','584245600868','Enviado'),(305,462,'Massiva','584245600868','584245600868','Billetera Alodiga, Usted a efectuado una recarga el dia: 2020-05-20 00:50:55 por un monto de: 1000.0 Bs. numero de referencia: 1452','2020-05-20 00:50:56','584245600868','Enviado'),(306,462,'Massiva','584245600868','584245600868','Billetera Alodiga, Usted a efectuado un retiro el dia: 2020-05-20 00:57:30 por un monto de: 0.01 Bs.','2020-05-20 00:57:31','584245600868','Enviado'),(307,462,'Massiva','584245600868','584245600868','Billetera Alodiga, Usted a realizado un intercambio de producto el dia: 2020-05-20 00:58:42 producto origen: Bolivares  producto destino: Dolares por un monto de: 0.00975 Bs.','2020-05-20 00:58:43','584245600868','Enviado'),(308,462,'Massiva','584245600868','584245600868','Billetera Alodiga, Usted a realizado una transferencia el dia: 2020-05-20 00:59:32 por un monto de: 0.01 Bs.','2020-05-20 00:59:33','584245600868','Enviado'),(309,379,'Massiva','584125992035','584125992035','Billetera Alodiga, Usted a recibido una transferencia el dia: 2020-05-20 00:59:33 por un monto de: 0.01 Bs.','2020-05-20 00:59:34','584125992035','Enviado');
/*!40000 ALTER TABLE `sms` ENABLE KEYS */;
UNLOCK TABLES;

--
-- Table structure for table `sms_provider`
--

DROP TABLE IF EXISTS `sms_provider`;
/*!40101 SET @saved_cs_client     = @@character_set_client */;
/*!40101 SET character_set_client = utf8 */;
CREATE TABLE `sms_provider` (
  `id` bigint(10) NOT NULL AUTO_INCREMENT,
  `name` tinyint(1) NOT NULL,
  `description` varchar(45) DEFAULT NULL,
  `addres` varchar(45) NOT NULL,
  `port` varchar(45) NOT NULL,
  `wsdl` varchar(45) DEFAULT NULL,
  `integrationType` varchar(45) DEFAULT NULL,
  `countryId` bigint(10) NOT NULL,
  PRIMARY KEY (`id`),
  KEY `fk_sms_provider_countryId_idx` (`countryId`),
  CONSTRAINT `fk_sms_provider_countryId` FOREIGN KEY (`countryId`) REFERENCES `country` (`id`) ON DELETE NO ACTION ON UPDATE NO ACTION
) ENGINE=InnoDB DEFAULT CHARSET=latin1;
/*!40101 SET character_set_client = @saved_cs_client */;

--
-- Dumping data for table `sms_provider`
--

LOCK TABLES `sms_provider` WRITE;
/*!40000 ALTER TABLE `sms_provider` DISABLE KEYS */;
/*!40000 ALTER TABLE `sms_provider` ENABLE KEYS */;
UNLOCK TABLES;

--
-- Table structure for table `state`
--

DROP TABLE IF EXISTS `state`;
/*!40101 SET @saved_cs_client     = @@character_set_client */;
/*!40101 SET character_set_client = utf8 */;
CREATE TABLE `state` (
  `id` bigint(10) NOT NULL AUTO_INCREMENT,
  `countryId` bigint(3) NOT NULL,
  `name` varchar(255) NOT NULL,
  PRIMARY KEY (`id`),
  KEY `fk_state_country1` (`countryId`),
  CONSTRAINT `fk_state_country1` FOREIGN KEY (`countryId`) REFERENCES `country` (`id`) ON DELETE NO ACTION ON UPDATE NO ACTION
) ENGINE=InnoDB AUTO_INCREMENT=4 DEFAULT CHARSET=latin1;
/*!40101 SET character_set_client = @saved_cs_client */;

--
-- Dumping data for table `state`
--

LOCK TABLES `state` WRITE;
/*!40000 ALTER TABLE `state` DISABLE KEYS */;
INSERT INTO `state` VALUES (1,1,'dtto. capital'),(2,2,'AMAZONAS'),(3,3,'APURE');
/*!40000 ALTER TABLE `state` ENABLE KEYS */;
UNLOCK TABLES;

--
-- Table structure for table `top_up_country`
--

DROP TABLE IF EXISTS `top_up_country`;
/*!40101 SET @saved_cs_client     = @@character_set_client */;
/*!40101 SET character_set_client = utf8 */;
CREATE TABLE `top_up_country` (
  `id` bigint(3) NOT NULL AUTO_INCREMENT,
  `name` varchar(255) NOT NULL,
  `shortName` varchar(5) DEFAULT NULL,
  `code` varchar(5) DEFAULT NULL,
  `alternativeName1` varchar(255) DEFAULT NULL,
  `alternativeName2` varchar(255) DEFAULT NULL,
  `alternativeName3` varchar(255) DEFAULT NULL,
  PRIMARY KEY (`id`)
) ENGINE=InnoDB AUTO_INCREMENT=171 DEFAULT CHARSET=latin1;
/*!40101 SET character_set_client = @saved_cs_client */;

--
-- Dumping data for table `top_up_country`
--

LOCK TABLES `top_up_country` WRITE;
/*!40000 ALTER TABLE `top_up_country` DISABLE KEYS */;
INSERT INTO `top_up_country` VALUES (1,'VENEZUELA','VE','58',NULL,NULL,'VENEZUELA'),(2,'AFGANISTN','AF','93',NULL,NULL,'AFGANISTAN'),(3,'ALBANIA','AL','355',NULL,NULL,'ALBANIA'),(4,'ALEMANIA','DE','49',NULL,NULL,'GERMANY'),(5,'ANDORRA','AD','376',NULL,NULL,'ANDORRA'),(6,'ANGOLA','AO','244',NULL,NULL,'ANGOLA'),(7,'ANGUILA','AI','1264',NULL,NULL,'ANGUILA'),(8,'ANTIGUA','AG','1268','','','ANTIGUA'),(9,'ANTILLAS HOLANDESAS','AN','599','BONAIRE','','NETHERLANDS ANTILLES'),(10,'ANTRTICA','','672',NULL,NULL,'ANTRTICA'),(11,'ARABIA SAUDITA','SA','966',NULL,NULL,'SAUDI ARABIA'),(12,'ARGELIA','DZ','21',NULL,NULL,'ARGELIA'),(13,'ARGENTINA','AR','54',NULL,NULL,'ARGENTINA'),(14,'ARMENIA','AM','374',NULL,NULL,'ARMENIA'),(15,'ARUBA','AW','297',NULL,NULL,'ARUBA'),(16,'AUSTRALIA','AU','61',NULL,NULL,'AUSTRALIA'),(17,'AUSTRIA','AT','43',NULL,NULL,'AUSTRIA'),(18,'AZERBAIJAN','','994',NULL,NULL,'AZERBAIJAN'),(19,'BAHAMAS','BS','1242',NULL,NULL,'BAHAMAS'),(20,'BAHRAIN','','973',NULL,NULL,'BAHRAIN'),(21,'BANGLADESH','BD','880','BANGLALINK BANGLA','','BANGLADESH'),(22,'BARBADOS','BB','1246',NULL,NULL,'BARBADOS'),(23,'BELICE','BZ','501',NULL,NULL,'BELIZE'),(24,'BERMUDA','','809',NULL,NULL,'BERMUDA'),(25,'BOLIVIA','BO','591',NULL,NULL,'BOLIVIA'),(26,'BRASIL','BR','55',NULL,NULL,'BRAZIL'),(27,'BULGARIA','BG','359',NULL,NULL,'BULGARIA'),(28,'BURKINA FASO','BF','226',NULL,NULL,'BURKINA FASO'),(29,'B?LGICA','BE','32',NULL,NULL,'BELGIUM'),(30,'CAMBOYA','KH','855',NULL,NULL,'CAMBODIA'),(31,'CANAD','CA','1',NULL,NULL,'CANAD'),(32,'CHILE','CL','56',NULL,NULL,'CHILE'),(33,'CHINA','CN','86',NULL,NULL,'CHINA'),(34,'CHIPRE','CY','357','CYPRUS','','CYPRUS'),(35,'COLOMBIA','CO','57',NULL,NULL,'COLOMBIA'),(36,'COREA','','82',NULL,NULL,'SOUTH KOREA'),(37,'COSTA RICA','CR','506',NULL,NULL,'COSTA RICA'),(38,'CROACIA','HR','385',NULL,NULL,'CROATIA'),(39,'CUBA','CU','53',NULL,NULL,'CUBA'),(40,'DINAMARCA','DK','45',NULL,NULL,'DENMARK'),(41,'DOMINICA','DM','767',NULL,NULL,'DOMINICA'),(42,'ECUADOR','EC','593',NULL,NULL,'ECUADOR'),(43,'EGIPTO','EG','20',NULL,NULL,'EGYPT'),(44,'EL SALVADOR','SV','503',NULL,NULL,'EL SALVADOR'),(45,'EMIRATOS RABES UNIDOS','AE','971',NULL,NULL,'UNITED ARAB EMIRATES'),(46,'ESPA?A','ES','34',NULL,NULL,'SPAIN'),(47,'ESTADOS UNIDOS','US','1',NULL,NULL,'UNITED STATES'),(48,'ESTONIA','EE','372',NULL,NULL,'ESTONIA'),(49,'FINLANDIA','FI','358',NULL,NULL,'FINLAND'),(50,'FRANCIA','FR','33',NULL,NULL,'FRANCE'),(51,'GAB?N','GA','241',NULL,NULL,'GABON'),(52,'GRECIA','GR','30',NULL,NULL,'GREECE'),(53,'GUADALUPE','GP','590',NULL,NULL,'GUADALUPE'),(54,'GUATEMALA','GT','502',NULL,NULL,'GUATEMALA'),(55,'GUYANA','GY','592',NULL,NULL,'GUYANA'),(56,'GUYANA FRANCESA','','594',NULL,NULL,'FRENCH GUIANA'),(57,'HAIT','HT','509',NULL,NULL,'HAIT'),(58,'HOLANDA','','31',NULL,NULL,'NETHERLANDS'),(59,'HONDURAS','HN','504',NULL,NULL,'HONDURAS'),(60,'HONG KONG','HK','852',NULL,NULL,'HONG KONG'),(61,'HUNGRA','HU','36',NULL,NULL,'HUNGARY'),(62,'INDIA','IN','91',NULL,NULL,'INDIA'),(63,'INDIAS BRITNICAS','','246',NULL,NULL,'BRITISH INDIES'),(64,'INDONESIA','ID','62',NULL,NULL,'INDONESIA'),(65,'INGLATERRA','','44',NULL,NULL,'ENGLAND'),(66,'IRAK','IQ','964',NULL,NULL,'IRAK'),(67,'IRLANDA','IE','353',NULL,NULL,'IRELAND'),(68,'ISLANDIA','IS','354',NULL,NULL,'ICELAND'),(69,'ISLAS CAIMN','KY','1',NULL,NULL,'CAYMAN ISLANDS'),(70,'ISLAS PERIF?RICAS DE LOS E.U.A','','1',NULL,NULL,'ISLAS PERIF?RICAS DE LOS E.U.A'),(71,'ISLAS VRGENES','','1',NULL,NULL,'VIRGIN ISLANDS'),(72,'ISLAS VRGENES BRITNICAS','VG','1',NULL,NULL,'BRITISH VIRGIN ISLANDS'),(73,'ISRAEL','IL','972',NULL,NULL,'ISRAEL'),(74,'ITALIA','IT','39',NULL,NULL,'ITALY'),(75,'JAMAICA','JM','1',NULL,NULL,'JAMAICA'),(76,'JAP?N','JP','81',NULL,NULL,'JAPAN'),(77,'JORDANIA','JO','962',NULL,NULL,'JORDAN'),(78,'KENYA','','254',NULL,NULL,'KENYA'),(79,'LETONIA','LV','371',NULL,NULL,'LETONIA'),(80,'LUXEMBURGO','LU','352',NULL,NULL,'LUXEMBURGO'),(81,'LBANO','LB','961',NULL,NULL,'LEBANON'),(82,'MALASIA','MY','60',NULL,NULL,'MALASIA'),(83,'MARRUECOS','MA','212',NULL,NULL,'MORROCO'),(84,'MICRONESIA','FM','691',NULL,NULL,'MICRONESIA'),(85,'M?XICO','MX','52',NULL,NULL,'MEXICO'),(86,'M?NACO','MC','377',NULL,NULL,'MONACO'),(87,'NICARAGUA','NI','505',NULL,NULL,'NICARAGUA'),(88,'NIGERIA','NG','234',NULL,NULL,'NIGERIA'),(89,'NORUEGA','NO','47',NULL,NULL,'NORWAY'),(90,'NUEVA ZELANDA','NZ','64',NULL,NULL,'NEW ZELAND'),(91,'OMN','OM','968',NULL,NULL,'OMAN'),(92,'OTRO','OTR','1234',NULL,NULL,'OTRO'),(93,'PAKISTN','PK','92',NULL,NULL,'PAKISTAN'),(94,'PANAM','PA','507',NULL,NULL,'PANAMA'),(95,'PAP?A/NUEVA GUINEA','PG','675','','','NEW GUINEA - PAPUA ISLAND'),(96,'PARAGUAY','PY','595',NULL,NULL,'PARAGUAY'),(97,'PER?','PE','51',NULL,NULL,'PERU'),(98,'POLONIA','PL','48',NULL,NULL,'POLAND'),(99,'PORTUGAL','PT','351',NULL,NULL,'PORTUGAL'),(100,'PUERTO RICO','PR','1787',NULL,NULL,'PUERTO RICO'),(101,'REINO UNIDO','GB','44',NULL,NULL,'UNITED KINGDOM'),(102,'REP?BLICA CHECA','CZ','420',NULL,NULL,'CZECH REPUBLIC'),(103,'REP?BLICA DOMINICANA','DO','1',NULL,NULL,'DOMINICAN REPUBLIC'),(104,'RUMANIA','RO','40',NULL,NULL,'ROMANIA'),(105,'RUSIA','RU','7',NULL,NULL,'RUSSIA'),(106,'SAMOA','WS','685',NULL,NULL,'SAMOA'),(107,'SAMOA AMERICANA','AS','684',NULL,NULL,'AMERICAN SAMOA'),(108,'SAN VICENTE Y LAS GRANADINAS','VC','784','ST VINCENT GRENADINES',NULL,'ST VINCENT AND THE GRENADINES'),(109,'SINGAPUR','SG','65',NULL,NULL,'SINGAPORE'),(110,'SUDFRICA','ZA','27',NULL,NULL,'SOUTH AFRICA'),(111,'SUECIA','SE','46',NULL,NULL,'SWEDEN'),(112,'SUIZA','CH','41',NULL,NULL,'SWETZERLAND'),(113,'SURINAM','SR','597',NULL,NULL,'SURINAM'),(114,'TAILANDIA','TH','66',NULL,NULL,'THAILAND'),(115,'TAIWN','TW','886',NULL,NULL,'TAIWAN'),(116,'TRINIDAD Y TOBAGO','TT','868',NULL,NULL,'TRINIDAD AND TOBAGO'),(117,'TURQUA','TR','90',NULL,NULL,'TURKEY'),(118,'UCRANIA','UA','380',NULL,NULL,'UKRAINE'),(119,'UGANDA','UG','256',NULL,NULL,'UGANDA'),(120,'URUGUAY','UY','598',NULL,NULL,'URUGUAY'),(121,'VANUATU','VU','678',NULL,NULL,'VANUATU'),(122,'VATICANO','','396',NULL,NULL,'VATICAN CITY'),(123,'VIETNAM','VN','84',NULL,NULL,'VIETNAM'),(124,'ZIMBABWE','ZW','263',NULL,NULL,'ZIMBABWE'),(125,'CONGO','','242',NULL,NULL,'CONGO'),(126,'FILIPINAS','PH','63',NULL,NULL,'PHILIPPINES'),(127,'GHANA','GH','233',NULL,NULL,'GHANA'),(128,'GUINEA','GN','224','REPUBLICA DE GUINEA','GUINEA REPUBLIC','GUINEA'),(129,'GUINEA BISSAU','','245',NULL,NULL,'GUINEA BISSAU'),(130,'GUINEA ECUATORIAL','GQ','240',NULL,NULL,'EQUATORIAL GUINEA'),(131,'LAOS','LO','856',NULL,NULL,'LAOS'),(132,'LIBERIA','LR','231',NULL,NULL,'LIBERIA'),(133,'MADAGASCAR','MG','261',NULL,NULL,'MADAGASCAR'),(134,'MALI','ML','223',NULL,NULL,'MALI'),(135,'MOZAMBIQUE','MZ','258',NULL,NULL,'MOZAMBIQUE'),(136,'NIGER','NE','227',NULL,NULL,'NIGER'),(137,'PALESTINA','PS','930','','','PALESTINA'),(138,'REPUBLICA CENTROAFRICANA','CF','236',NULL,NULL,'CENTRAL AFRICAN REPUBLIC'),(139,'REPUBLICA DEMOCRATICA DEL CONGO','CD','243',NULL,NULL,'DEMOCRATIC REPUBLIC OF CONGO'),(140,'SENEGAL','SN','221',NULL,NULL,'SENEGAL'),(141,'SIRIA','SY','963',NULL,NULL,'SYRIA'),(142,'SUDAN','SD','249',NULL,NULL,'SUDAN'),(143,'TUNEZ','TN','216','TUNISIA',NULL,'TUNISIA'),(144,'YEMEN','YE','967',NULL,NULL,'YEMEN'),(145,'BURUNDI','BI','257',NULL,NULL,'BURUNDI'),(146,'CAMEROON','CM','237','','','CAMEROON'),(147,'FIJI','FJ','679','Digicel Fiji','','FIJI'),(148,'GRENADA','GD','1','','','GRENADA'),(149,'COSTA DE MARFIL','CI','225','','','IVORY COAST'),(150,'KAZAKHSTAN','','7',NULL,NULL,'KAZAKHSTAN'),(151,'MONTSERRAT','MS','664',NULL,NULL,'MONTSERRAT'),(152,'NEPAL','NP','977',NULL,NULL,'NEPAL'),(153,'RWANDA','','250',NULL,NULL,'RWANDA'),(154,'SOMALIA','SO','252',NULL,NULL,'SOMALIA'),(155,'SRI LANKA','LK','94',NULL,NULL,'SRI LANKA'),(156,'SAINT KITTS AND NEVIS','KN','1','ST KITTS AND NEVIS','','SAINT KITTS AND NEVIS'),(157,'SAINT LUCIA','LC','1','ST LUCIA','','SAINT LUCIA'),(158,'TANZANIA','TZ','255',NULL,NULL,'TANZANIA'),(159,'TURKS AND CAICOS','TC','1649','','','TURKS AND CAICOS'),(160,'ZAMBIA',' ','260','ZAMBIA','REPUBLICA  DE ZAMBIA','ZAMBIA'),(161,'BENIN',' ','229','BENIN','Republica de Benin','BENIN'),(162,'GAMBIA','GM','220','','','GAMBIA'),(163,'TOGO','TG','228','TOGO','TOGOLESA REPUBLIC','TOGO'),(164,'Swaziland','SZ','268','Swaziland','Reino de Swaziland','SWAZILAND'),(165,'CURACAO','CB','599','','','CURACAO'),(166,'KUWAIT','KW','965','KUWAIT','','KUWAIT'),(167,'MOLDOVA','MD','373','','','MOLDOVA'),(168,'NAURU','NR','674','','','NAURU'),(169,'SIERRA LEONE','SL','232','','','SIERRA LEONE'),(170,'TONGA','TO','676','','','TONGA');
/*!40000 ALTER TABLE `top_up_country` ENABLE KEYS */;
UNLOCK TABLES;

--
-- Table structure for table `transaction`
--

DROP TABLE IF EXISTS `transaction`;
/*!40101 SET @saved_cs_client     = @@character_set_client */;
/*!40101 SET character_set_client = utf8 */;
CREATE TABLE `transaction` (
  `id` bigint(20) NOT NULL AUTO_INCREMENT,
  `userSourceId` bigint(10) DEFAULT NULL,
  `userDestinationId` bigint(20) DEFAULT NULL,
  `productId` bigint(20) DEFAULT NULL,
  `paymentInfoId` bigint(20) DEFAULT NULL,
  `transactionTypeId` bigint(3) NOT NULL,
  `transactionSourceId` bigint(3) NOT NULL,
  `creationDate` datetime NOT NULL,
  `amount` float(20,2) NOT NULL,
  `transactionStatus` varchar(45) NOT NULL,
  `totalTax` float(20,2) DEFAULT NULL,
  `totalAmount` float(20,2) DEFAULT NULL,
  `promotionAmount` float(20,2) DEFAULT '0.00',
  `totalAlopointsUsed` float(20,2) DEFAULT NULL,
  `topUpDescription` varchar(1000) DEFAULT NULL,
  `billPaymentDescription` varchar(1000) DEFAULT NULL,
  `externalId` varchar(255) DEFAULT NULL,
  `additional` varchar(500) DEFAULT NULL,
  `additional2` varchar(500) DEFAULT NULL,
  `closeId` bigint(20) DEFAULT NULL,
  `concept` varchar(60) DEFAULT NULL,
  PRIMARY KEY (`id`),
  KEY `fk_transaction_payment_info1` (`paymentInfoId`),
  KEY `fk_transaction_transaction_source1` (`transactionSourceId`),
  KEY `fk_transaction_transaction_type1` (`transactionTypeId`),
  KEY `ind_transaction_status_1` (`transactionStatus`),
  KEY `ind_transaction_creationDate_1` (`creationDate`),
  KEY `fk_transaction_has_product` (`productId`),
  KEY `fk_transaction_has_close_id` (`closeId`),
  CONSTRAINT `fk_transaction_has_close_id` FOREIGN KEY (`closeId`) REFERENCES `close` (`id`),
  CONSTRAINT `fk_transaction_has_product` FOREIGN KEY (`productId`) REFERENCES `product` (`id`),
  CONSTRAINT `fk_transaction_payment_info1` FOREIGN KEY (`paymentInfoId`) REFERENCES `payment_info` (`id`) ON DELETE NO ACTION ON UPDATE NO ACTION,
  CONSTRAINT `fk_transaction_transaction_source1` FOREIGN KEY (`transactionSourceId`) REFERENCES `transaction_source` (`id`) ON DELETE NO ACTION ON UPDATE NO ACTION,
  CONSTRAINT `fk_transaction_transaction_type1` FOREIGN KEY (`transactionTypeId`) REFERENCES `transaction_type` (`id`)
) ENGINE=InnoDB AUTO_INCREMENT=854 DEFAULT CHARSET=latin1;
/*!40101 SET character_set_client = @saved_cs_client */;

--
-- Dumping data for table `transaction`
--

LOCK TABLES `transaction` WRITE;
/*!40000 ALTER TABLE `transaction` DISABLE KEYS */;
INSERT INTO `transaction` VALUES (5,379,410,NULL,3,1,1,'2012-07-26 14:39:06',0.00,'20.00',0.00,0.00,20.00,0.00,'0.00','null',NULL,NULL,NULL,NULL,NULL),(12,379,410,NULL,3,1,1,'2019-09-20 14:39:06',0.00,'150.00',0.00,0.00,150.00,0.00,'0.00','null',NULL,NULL,NULL,NULL,NULL),(13,379,410,NULL,3,1,1,'2019-09-20 14:39:06',0.00,'200.00',0.00,0.00,150.00,0.00,'0.00','null',NULL,NULL,NULL,NULL,NULL),(14,379,410,NULL,3,1,1,'2019-09-20 14:39:06',0.00,'200.00',0.00,0.00,150.00,0.00,'0.00','null',NULL,NULL,NULL,NULL,NULL),(15,379,410,NULL,3,1,1,'2019-09-20 14:39:06',0.00,'500.00',0.00,0.00,150.00,0.00,'0.00','null',NULL,NULL,NULL,NULL,NULL),(16,379,410,3,3,1,1,'2019-09-20 14:39:06',0.00,'800.00',0.00,0.00,350.00,0.00,'0.00','null',NULL,NULL,NULL,NULL,NULL),(17,379,410,3,3,1,1,'2019-09-20 14:39:06',0.00,'350.00',0.00,0.00,850.00,0.00,'0.00','null',NULL,NULL,NULL,NULL,NULL),(18,379,410,3,3,1,1,'2019-09-20 14:39:06',0.00,'200.00',0.00,0.00,250.00,0.00,'0.00','null',NULL,NULL,NULL,NULL,NULL),(19,379,410,3,NULL,2,2,'2019-09-20 00:00:00',0.00,'500.00',0.00,0.00,500.00,0.00,'0.00',NULL,NULL,NULL,NULL,NULL,NULL),(20,379,410,3,NULL,2,2,'2019-09-20 00:00:00',0.00,'500.00',0.00,0.00,500.00,0.00,'0.00',NULL,NULL,NULL,NULL,NULL,NULL),(21,379,410,3,NULL,2,2,'2019-09-20 00:00:00',0.00,'500.00',0.00,0.00,500.00,0.00,'0.00',NULL,NULL,NULL,NULL,NULL,NULL),(22,379,410,3,NULL,2,2,'2019-09-20 00:00:00',0.00,'500.00',0.00,0.00,500.00,0.00,'0.00',NULL,NULL,NULL,NULL,NULL,NULL),(23,379,410,3,NULL,2,2,'2019-09-20 00:00:00',0.00,'500.00',0.00,0.00,500.00,0.00,'0.00',NULL,NULL,NULL,NULL,NULL,NULL),(24,379,410,3,NULL,2,2,'2019-09-20 00:00:00',0.00,'500.00',0.00,0.00,500.00,0.00,'0.00',NULL,NULL,NULL,NULL,NULL,NULL),(26,379,410,3,NULL,2,2,'2019-09-23 00:00:00',0.00,'500.00',0.00,0.00,500.00,0.00,'0.00',NULL,NULL,NULL,NULL,NULL,NULL),(27,379,410,3,NULL,2,2,'2019-09-23 00:00:00',0.00,'500.00',0.00,0.00,500.00,0.00,'0.00',NULL,NULL,NULL,NULL,NULL,NULL),(28,379,410,3,NULL,2,2,'2019-09-23 10:32:47',0.00,'500.00',0.00,0.00,500.00,0.00,'0.00',NULL,NULL,NULL,NULL,NULL,NULL),(29,379,410,3,NULL,2,2,'2019-09-23 10:47:09',0.00,'500.00',0.00,0.00,500.00,0.00,'0.00',NULL,NULL,NULL,NULL,NULL,NULL),(30,379,410,3,NULL,2,2,'2019-09-23 10:52:40',0.00,'500.00',0.00,0.00,500.00,0.00,'0.00',NULL,NULL,NULL,NULL,NULL,NULL),(32,379,410,3,NULL,2,2,'2019-09-23 11:54:36',0.00,'500.00',0.00,0.00,500.00,0.00,'0.00',NULL,NULL,NULL,NULL,NULL,NULL),(34,379,410,3,NULL,2,2,'2019-09-23 12:01:54',0.00,'500.00',0.00,0.00,500.00,0.00,'0.00',NULL,NULL,NULL,NULL,NULL,NULL),(35,379,410,3,NULL,2,2,'2019-09-23 12:09:42',0.00,'500.00',0.00,0.00,500.00,0.00,'0.00',NULL,NULL,NULL,NULL,NULL,NULL),(36,379,410,3,NULL,2,2,'2019-09-23 13:40:45',0.00,'500.00',0.00,0.00,500.00,0.00,'0.00',NULL,NULL,NULL,NULL,NULL,NULL),(38,379,410,3,NULL,2,2,'2019-09-23 14:05:21',0.00,'500.00',0.00,0.00,500.00,0.00,'0.00',NULL,NULL,NULL,NULL,NULL,NULL),(39,379,410,3,NULL,2,2,'2019-09-23 14:35:39',0.00,'500.00',0.00,0.00,500.00,0.00,'0.00',NULL,NULL,NULL,NULL,NULL,NULL),(40,379,410,3,NULL,2,2,'2019-09-24 09:07:53',0.00,'500.00',0.00,0.00,500.00,0.00,'0.00',NULL,NULL,NULL,NULL,NULL,NULL),(46,379,410,3,NULL,2,2,'2019-09-24 10:40:34',0.00,'500.00',0.00,0.00,500.00,0.00,'0.00',NULL,NULL,NULL,NULL,NULL,NULL),(47,379,410,3,NULL,2,2,'2019-09-24 10:41:11',0.00,'500.00',0.00,0.00,500.00,0.00,'0.00',NULL,NULL,NULL,NULL,NULL,NULL),(48,379,410,3,NULL,2,2,'2019-09-24 10:42:22',0.00,'500.00',0.00,0.00,500.00,0.00,'0.00',NULL,NULL,NULL,NULL,NULL,NULL),(49,379,410,3,NULL,2,2,'2019-09-24 10:44:44',0.00,'500.00',0.00,0.00,500.00,0.00,'0.00',NULL,NULL,NULL,NULL,NULL,NULL),(50,379,410,3,NULL,2,2,'2019-09-24 10:46:06',0.00,'500.00',0.00,0.00,500.00,0.00,'0.00',NULL,NULL,NULL,NULL,NULL,NULL),(51,379,410,3,NULL,2,2,'2019-09-24 10:48:04',0.00,'500.00',0.00,0.00,500.00,0.00,'0.00',NULL,NULL,NULL,NULL,NULL,NULL),(52,379,410,3,NULL,2,2,'2019-09-24 13:53:40',0.00,'500.00',0.00,0.00,500.00,0.00,'0.00',NULL,NULL,NULL,NULL,NULL,NULL),(53,379,410,3,NULL,2,2,'2019-09-24 15:27:34',0.00,'500.00',0.00,0.00,500.00,0.00,'0.00',NULL,NULL,NULL,NULL,NULL,NULL),(54,379,410,3,NULL,2,2,'2019-09-24 16:01:07',0.00,'500.00',0.00,0.00,500.00,0.00,'0.00',NULL,NULL,NULL,NULL,NULL,NULL),(55,379,410,3,NULL,2,2,'2019-09-24 16:05:15',0.00,'500.00',0.00,0.00,500.00,0.00,'0.00',NULL,NULL,NULL,NULL,NULL,NULL),(56,379,410,3,NULL,3,2,'2019-09-25 10:00:05',0.00,'250.00',0.00,0.00,250.00,0.00,'0.00',NULL,NULL,NULL,NULL,NULL,NULL),(57,379,410,3,NULL,3,2,'2019-09-25 10:00:47',0.00,'250.00',0.00,0.00,250.00,0.00,'0.00',NULL,NULL,NULL,NULL,NULL,NULL),(58,379,410,3,NULL,3,2,'2019-09-25 10:04:02',0.00,'250.00',0.00,0.00,250.00,0.00,'0.00',NULL,NULL,NULL,NULL,NULL,NULL),(59,379,410,3,NULL,3,2,'2019-09-25 10:10:26',0.00,'250.00',0.00,0.00,250.00,0.00,'0.00',NULL,NULL,NULL,NULL,NULL,NULL),(60,379,410,3,NULL,3,2,'2019-09-25 10:16:06',0.00,'200.00',0.00,0.00,200.00,0.00,'0.00',NULL,NULL,NULL,NULL,NULL,NULL),(61,379,410,3,NULL,3,2,'2019-09-25 10:34:17',0.00,'250.00',0.00,0.00,250.00,0.00,'0.00',NULL,NULL,NULL,NULL,NULL,NULL),(62,379,410,3,NULL,3,2,'2019-09-25 10:40:12',0.00,'150.00',0.00,0.00,150.00,0.00,'0.00',NULL,NULL,NULL,NULL,NULL,NULL),(63,379,410,3,NULL,2,2,'2019-09-26 09:29:43',0.00,'500.00',0.00,0.00,500.00,0.00,'0.00',NULL,NULL,NULL,NULL,NULL,NULL),(64,379,410,3,NULL,2,2,'2019-09-26 09:32:10',0.00,'500.00',0.00,0.00,500.00,0.00,'0.00',NULL,NULL,NULL,NULL,NULL,NULL),(65,379,410,3,NULL,2,2,'2019-09-26 09:32:49',0.00,'500.00',0.00,0.00,500.00,0.00,'0.00',NULL,NULL,NULL,NULL,NULL,NULL),(66,379,410,1,NULL,4,2,'2019-09-26 14:39:11',0.00,'15.00',0.00,NULL,15.00,0.00,NULL,NULL,NULL,NULL,NULL,NULL,NULL),(67,379,410,4,NULL,4,2,'2019-09-26 14:40:22',0.00,'30.00',0.00,NULL,30.00,0.00,NULL,NULL,NULL,NULL,NULL,NULL,NULL),(75,379,410,1,NULL,4,2,'2019-09-27 08:48:15',0.00,'40.00',0.00,NULL,40.00,0.00,NULL,NULL,NULL,NULL,NULL,NULL,NULL),(76,379,410,3,NULL,2,2,'2019-09-27 10:46:01',0.00,'700.00',0.00,NULL,700.00,0.00,NULL,NULL,NULL,NULL,NULL,NULL,NULL),(77,379,410,3,NULL,3,2,'2019-09-27 10:52:18',0.00,'250.00',0.00,NULL,250.00,0.00,NULL,NULL,NULL,NULL,NULL,NULL,NULL),(78,379,410,1,NULL,4,2,'2019-09-27 10:53:59',0.00,'20.00',0.00,NULL,20.00,0.00,NULL,NULL,NULL,NULL,NULL,NULL,NULL),(79,379,410,1,NULL,4,2,'2019-09-27 11:45:37',0.00,'20.00',0.00,NULL,20.00,0.00,NULL,NULL,NULL,NULL,NULL,NULL,NULL),(81,379,410,1,NULL,4,2,'2019-09-27 11:49:46',0.00,'20.00',0.00,NULL,20.00,0.00,NULL,NULL,NULL,NULL,NULL,NULL,NULL),(82,379,410,1,NULL,4,2,'2019-09-27 11:53:33',0.00,'50.00',0.00,NULL,50.00,0.00,NULL,NULL,NULL,NULL,NULL,NULL,NULL),(84,379,410,3,NULL,5,2,'2019-10-01 11:41:39',0.00,'25.00',0.00,NULL,25.00,0.00,NULL,NULL,NULL,NULL,NULL,NULL,NULL),(85,379,410,3,NULL,5,2,'2019-10-01 11:53:10',0.00,'350.00',0.00,NULL,350.00,0.00,NULL,NULL,NULL,NULL,NULL,NULL,NULL),(86,379,410,3,NULL,2,2,'2019-10-04 00:00:00',0.00,'30.00',0.00,0.00,30.00,0.00,'0.00',NULL,NULL,NULL,NULL,NULL,NULL),(87,379,410,3,NULL,2,2,'2019-10-04 00:00:00',0.00,'30.00',0.00,0.00,30.00,0.00,'0.00',NULL,NULL,NULL,NULL,NULL,NULL),(88,379,410,3,NULL,2,2,'2019-10-04 09:12:57',0.00,'35.00',0.00,0.00,35.00,0.00,'0.00',NULL,NULL,NULL,NULL,NULL,NULL),(89,379,410,3,NULL,3,2,'2019-10-04 09:22:48',0.00,'40.00',0.00,0.00,40.00,0.00,'0.00',NULL,NULL,NULL,NULL,NULL,NULL),(90,379,410,1,NULL,4,2,'2019-10-04 09:49:36',0.00,'35.00',0.00,0.00,35.00,0.00,'0.00',NULL,NULL,NULL,NULL,NULL,NULL),(91,379,410,3,NULL,5,2,'2019-10-04 10:05:02',0.00,'400.00',0.00,0.00,400.00,0.00,'0.00',NULL,NULL,NULL,NULL,NULL,NULL),(93,379,410,3,NULL,5,2,'2019-10-08 10:07:16',0.00,'250.00',0.00,NULL,250.00,0.00,NULL,NULL,NULL,NULL,NULL,NULL,NULL),(94,379,410,3,NULL,5,2,'2019-10-08 10:41:23',0.00,'120.00',0.00,NULL,120.00,0.00,NULL,NULL,NULL,NULL,NULL,NULL,NULL),(95,379,410,3,NULL,5,2,'2019-10-08 12:03:41',100.00,'IN_PROCESS',NULL,100.00,NULL,NULL,NULL,NULL,NULL,NULL,NULL,NULL,'RETIRO MANUAL'),(96,379,410,3,NULL,2,2,'2019-10-08 13:28:43',500.00,'COMPLETED',NULL,500.00,NULL,NULL,NULL,NULL,NULL,NULL,NULL,NULL,'Payment Shop'),(97,379,410,3,NULL,5,2,'2019-10-09 10:32:35',150.00,'IN_PROCESS',NULL,150.00,NULL,NULL,NULL,NULL,NULL,NULL,NULL,NULL,'RETIRO MANUAL'),(98,379,410,3,NULL,2,2,'2019-10-09 10:34:46',2.11,'IN_PROCESS',NULL,2.11,NULL,NULL,NULL,NULL,NULL,NULL,NULL,NULL,'Payment Shop'),(99,379,410,3,NULL,2,2,'2019-10-09 10:37:17',97.00,'IN_PROCESS',NULL,97.00,NULL,NULL,NULL,NULL,NULL,NULL,NULL,NULL,'Payment Shop'),(103,379,410,2,NULL,5,2,'2019-10-09 10:58:05',130.00,'CREATED',NULL,130.00,NULL,NULL,NULL,NULL,NULL,NULL,NULL,NULL,'Retiro manual '),(104,379,410,2,NULL,5,2,'2019-10-09 11:00:17',130.00,'CREATED',NULL,130.00,NULL,NULL,NULL,NULL,NULL,NULL,NULL,NULL,'Retiro manual '),(105,379,410,1,NULL,5,2,'2019-10-09 11:00:33',130.00,'CREATED',NULL,130.00,NULL,NULL,NULL,NULL,NULL,NULL,NULL,NULL,'Retiro manual '),(106,379,410,3,NULL,5,2,'2019-10-09 11:00:56',130.00,'IN_PROCESS',NULL,130.00,NULL,NULL,NULL,NULL,NULL,NULL,NULL,NULL,'Retiro manual '),(107,379,410,1,NULL,5,2,'2019-10-09 11:11:50',11.10,'IN_PROCESS',NULL,11.10,NULL,NULL,NULL,NULL,NULL,NULL,NULL,NULL,'hola'),(108,379,410,1,NULL,5,2,'2019-10-09 11:32:17',11.10,'IN_PROCESS',NULL,11.10,NULL,NULL,NULL,NULL,NULL,NULL,NULL,NULL,'hola'),(109,379,410,1,NULL,5,2,'2019-10-09 11:35:31',10.00,'IN_PROCESS',NULL,10.00,NULL,NULL,NULL,NULL,NULL,NULL,NULL,NULL,'Ggggg'),(110,379,410,3,NULL,2,2,'2019-10-09 11:36:10',10.00,'IN_PROCESS',NULL,10.00,NULL,NULL,NULL,NULL,NULL,NULL,NULL,NULL,'Payment Shop'),(111,379,410,3,NULL,2,2,'2019-10-09 11:37:44',10.00,'IN_PROCESS',NULL,10.00,NULL,NULL,NULL,NULL,NULL,NULL,NULL,NULL,'Payment Shop'),(112,379,410,1,NULL,5,2,'2019-10-09 11:49:54',11.11,'IN_PROCESS',NULL,11.11,NULL,NULL,NULL,NULL,NULL,NULL,NULL,NULL,'Gggg'),(113,379,410,1,NULL,5,2,'2019-10-09 11:50:26',95.00,'IN_PROCESS',NULL,95.00,NULL,NULL,NULL,NULL,NULL,NULL,NULL,NULL,'1234'),(114,379,410,1,NULL,5,2,'2019-10-09 11:56:54',12.45,'IN_PROCESS',NULL,12.45,NULL,NULL,NULL,NULL,NULL,NULL,NULL,NULL,'Ee'),(115,379,410,1,NULL,5,2,'2019-10-09 13:47:01',5.55,'IN_PROCESS',NULL,5.55,NULL,NULL,NULL,NULL,NULL,NULL,NULL,NULL,'Dff'),(116,379,410,3,NULL,2,2,'2019-10-09 13:56:20',10.00,'IN_PROCESS',NULL,10.00,NULL,NULL,NULL,NULL,NULL,NULL,NULL,NULL,'Payment Shop'),(117,379,410,1,NULL,5,2,'2019-10-09 14:44:28',1.11,'IN_PROCESS',NULL,1.11,NULL,NULL,NULL,NULL,NULL,NULL,NULL,NULL,'Kkkkk'),(118,379,410,3,NULL,2,2,'2019-10-09 14:45:16',10.00,'IN_PROCESS',NULL,10.00,NULL,NULL,NULL,NULL,NULL,NULL,NULL,NULL,'Payment Shop'),(119,379,410,3,NULL,2,2,'2019-10-09 14:48:07',150.00,'IN_PROCESS',NULL,150.00,NULL,NULL,NULL,NULL,NULL,NULL,NULL,NULL,'Payment Shop'),(120,379,410,3,NULL,2,2,'2019-10-09 14:50:38',150.00,'IN_PROCESS',NULL,150.00,NULL,NULL,NULL,NULL,NULL,NULL,NULL,NULL,'Payment Shop'),(121,379,410,1,NULL,2,2,'2019-10-09 14:57:23',10.00,'CREATED',NULL,10.00,NULL,NULL,NULL,NULL,NULL,NULL,NULL,NULL,'Payment Shop'),(122,379,410,3,NULL,2,2,'2019-10-09 14:57:45',150.00,'COMPLETED',NULL,150.00,NULL,NULL,NULL,NULL,NULL,NULL,NULL,NULL,'Payment Shop'),(123,379,410,3,NULL,2,2,'2019-10-09 14:59:15',10.00,'COMPLETED',NULL,10.00,NULL,NULL,NULL,NULL,NULL,NULL,NULL,NULL,'Payment Shop'),(124,379,410,3,NULL,2,2,'2019-10-09 15:14:12',10.00,'COMPLETED',NULL,10.00,NULL,NULL,NULL,NULL,NULL,NULL,NULL,NULL,'Payment Shop'),(125,379,410,3,NULL,2,2,'2019-10-09 15:36:31',10.00,'COMPLETED',NULL,10.00,NULL,NULL,NULL,NULL,NULL,NULL,NULL,NULL,'Payment Shop'),(126,379,410,3,NULL,2,2,'2019-10-09 15:55:39',10.00,'COMPLETED',NULL,10.00,NULL,NULL,NULL,NULL,NULL,NULL,NULL,NULL,'Payment Shop'),(127,379,410,1,NULL,5,2,'2019-10-09 15:58:41',11.10,'IN_PROCESS',NULL,11.10,NULL,NULL,NULL,NULL,NULL,NULL,NULL,NULL,'hola'),(128,379,410,1,NULL,2,2,'2019-10-09 15:59:10',5.00,'COMPLETED',NULL,5.00,NULL,NULL,NULL,NULL,NULL,NULL,NULL,NULL,'Payment Shop'),(129,379,410,3,NULL,2,2,'2019-10-09 16:03:29',10.00,'COMPLETED',NULL,10.00,NULL,NULL,NULL,NULL,NULL,NULL,NULL,NULL,'Payment Shop'),(130,379,410,3,NULL,2,2,'2019-10-09 16:06:50',10.00,'COMPLETED',NULL,10.00,NULL,NULL,NULL,NULL,NULL,NULL,NULL,NULL,'Payment Shop'),(131,379,410,3,NULL,2,2,'2019-10-09 16:13:55',10.00,'COMPLETED',NULL,10.00,NULL,NULL,NULL,NULL,NULL,NULL,NULL,NULL,'Payment Shop'),(132,379,410,3,NULL,2,2,'2019-10-09 16:20:04',40.89,'COMPLETED',NULL,40.89,NULL,NULL,NULL,NULL,NULL,NULL,NULL,NULL,'Payment Shop'),(133,379,410,3,NULL,2,2,'2019-10-09 16:21:00',10.00,'COMPLETED',NULL,10.00,NULL,NULL,NULL,NULL,NULL,NULL,NULL,NULL,'Payment Shop'),(134,379,410,3,NULL,2,2,'2019-10-09 16:24:53',10.00,'COMPLETED',NULL,10.00,NULL,NULL,NULL,NULL,NULL,NULL,NULL,NULL,'Payment Shop'),(135,379,410,3,NULL,2,2,'2019-10-09 16:25:52',80.00,'COMPLETED',NULL,80.00,NULL,NULL,NULL,NULL,NULL,NULL,NULL,NULL,'Payment Shop'),(136,379,410,1,NULL,2,2,'2019-10-09 16:36:15',90.00,'COMPLETED',NULL,90.00,NULL,NULL,NULL,NULL,NULL,NULL,NULL,NULL,'Payment Shop'),(137,379,410,1,NULL,5,2,'2019-10-10 10:26:22',10.00,'IN_PROCESS',NULL,10.00,NULL,NULL,NULL,NULL,NULL,NULL,NULL,NULL,'prueba'),(138,379,410,2,NULL,5,2,'2019-10-10 11:07:24',10.00,'IN_PROCESS',NULL,10.00,NULL,NULL,NULL,NULL,NULL,NULL,NULL,NULL,'prueba'),(139,379,410,2,NULL,6,2,'2019-10-10 11:20:29',10.00,'CREATED',NULL,10.00,NULL,NULL,NULL,NULL,NULL,NULL,NULL,NULL,'prueba'),(140,379,410,2,NULL,6,2,'2019-10-10 11:23:00',10.00,'CREATED',NULL,10.00,NULL,NULL,NULL,NULL,NULL,NULL,NULL,NULL,'prueba'),(141,379,410,1,NULL,5,2,'2019-10-10 16:12:38',10.00,'IN_PROCESS',NULL,10.00,NULL,NULL,NULL,NULL,NULL,NULL,NULL,NULL,'retiro'),(142,379,410,3,NULL,5,2,'2019-10-10 16:13:52',250.00,'IN_PROCESS',NULL,250.00,NULL,NULL,NULL,NULL,NULL,NULL,NULL,NULL,'RETIRO MANUAL'),(143,379,410,1,NULL,5,2,'2019-10-10 16:14:11',250.00,'IN_PROCESS',NULL,250.00,NULL,NULL,NULL,NULL,NULL,NULL,NULL,NULL,'RETIRO MANUAL'),(144,379,410,1,NULL,5,2,'2019-10-10 16:15:58',10.00,'IN_PROCESS',NULL,10.00,NULL,NULL,NULL,NULL,NULL,NULL,NULL,NULL,'retiro'),(145,379,410,1,NULL,5,2,'2019-10-10 16:22:29',10.00,'IN_PROCESS',NULL,10.00,NULL,NULL,NULL,NULL,NULL,NULL,NULL,NULL,'retiro'),(146,379,410,1,NULL,5,2,'2019-10-10 16:28:21',10.00,'IN_PROCESS',NULL,10.00,NULL,NULL,NULL,NULL,NULL,NULL,NULL,NULL,'retiro'),(153,379,410,1,NULL,5,2,'2019-10-10 16:50:28',10.00,'IN_PROCESS',NULL,10.00,NULL,NULL,NULL,NULL,NULL,NULL,NULL,NULL,'retiro'),(154,379,410,1,NULL,5,2,'2019-10-10 17:02:02',10.00,'IN_PROCESS',NULL,10.00,NULL,NULL,NULL,NULL,NULL,NULL,NULL,NULL,'retiro'),(155,379,410,1,NULL,5,2,'2019-10-10 17:06:38',10.00,'IN_PROCESS',NULL,10.00,NULL,NULL,NULL,NULL,NULL,NULL,NULL,NULL,'retiro'),(156,379,410,1,NULL,5,2,'2019-10-10 17:08:54',10.00,'IN_PROCESS',NULL,10.00,NULL,NULL,NULL,NULL,NULL,NULL,NULL,NULL,'retiro'),(157,379,410,1,NULL,5,2,'2019-10-10 17:53:52',10.00,'IN_PROCESS',NULL,10.00,NULL,NULL,NULL,NULL,NULL,NULL,NULL,NULL,'retiro'),(158,379,410,1,NULL,5,2,'2019-10-10 17:56:11',10.00,'IN_PROCESS',NULL,10.00,NULL,NULL,NULL,NULL,NULL,NULL,NULL,NULL,'retiro'),(160,379,410,1,NULL,5,2,'2019-10-10 18:03:41',10.00,'IN_PROCESS',NULL,10.00,NULL,NULL,NULL,NULL,NULL,NULL,NULL,NULL,'retiro'),(161,379,410,1,NULL,5,2,'2019-10-10 18:08:28',10.00,'IN_PROCESS',NULL,10.00,NULL,NULL,NULL,NULL,NULL,NULL,NULL,NULL,'retiro'),(162,379,410,2,NULL,2,2,'2019-10-11 16:05:28',20.00,'CREATED',NULL,20.00,NULL,NULL,NULL,NULL,NULL,NULL,NULL,NULL,'Payment Shop'),(163,379,410,2,NULL,2,2,'2019-10-11 16:08:53',20.00,'CREATED',NULL,20.00,NULL,NULL,NULL,NULL,NULL,NULL,NULL,NULL,'Payment Shop'),(171,379,410,2,NULL,2,2,'2019-10-11 16:39:48',20.00,'COMPLETED',NULL,20.00,NULL,NULL,NULL,NULL,NULL,NULL,NULL,NULL,'Payment Shop'),(172,379,410,2,NULL,5,2,'2019-10-11 16:48:58',10.00,'IN_PROCESS',NULL,10.00,NULL,NULL,NULL,NULL,NULL,NULL,NULL,NULL,'retiro'),(173,379,410,2,NULL,5,2,'2019-10-11 17:01:04',10.00,'IN_PROCESS',NULL,10.00,NULL,NULL,NULL,NULL,NULL,NULL,NULL,NULL,'tran'),(174,379,410,3,NULL,3,2,'2019-10-16 14:49:03',10.00,'COMPLETED',NULL,10.00,NULL,NULL,NULL,NULL,NULL,NULL,NULL,NULL,'Transfer between Accounts'),(176,379,410,1,NULL,5,2,'2019-10-16 15:00:02',10.00,'IN_PROCESS',NULL,10.00,NULL,NULL,NULL,NULL,NULL,NULL,NULL,NULL,'Prueba'),(177,379,410,1,NULL,2,2,'2019-10-16 15:06:28',200.00,'CREATED',NULL,200.00,NULL,NULL,NULL,NULL,NULL,NULL,NULL,NULL,'Payment Shop'),(178,379,410,1,NULL,2,2,'2019-10-16 15:07:08',200.00,'CREATED',NULL,200.00,NULL,NULL,NULL,NULL,NULL,NULL,NULL,NULL,'Payment Shop'),(179,379,410,3,NULL,2,2,'2019-10-16 15:07:45',200.00,'COMPLETED',NULL,200.00,NULL,NULL,NULL,NULL,NULL,NULL,NULL,NULL,'Payment Shop'),(180,379,410,3,NULL,3,2,'2019-10-16 16:28:32',10.00,'COMPLETED',NULL,10.00,NULL,NULL,NULL,NULL,NULL,NULL,NULL,NULL,'Transfer between Accounts'),(181,379,410,1,NULL,6,2,'2019-10-16 16:38:26',150.00,'CREATED',NULL,150.00,NULL,NULL,NULL,NULL,NULL,NULL,NULL,NULL,'prueba'),(182,379,410,2,NULL,6,2,'2019-10-16 16:38:42',150.00,'CREATED',NULL,150.00,NULL,NULL,NULL,NULL,NULL,NULL,NULL,NULL,'prueba'),(183,379,410,2,NULL,6,2,'2019-10-16 16:38:50',150.00,'CREATED',NULL,150.00,NULL,NULL,NULL,NULL,NULL,NULL,NULL,NULL,'prueba'),(184,379,410,2,NULL,6,2,'2019-10-16 16:40:17',150.00,'CREATED',NULL,150.00,NULL,NULL,NULL,NULL,NULL,NULL,NULL,NULL,'prueba'),(185,379,410,2,NULL,6,2,'2019-10-16 16:40:38',150.00,'CREATED',NULL,150.00,NULL,NULL,NULL,NULL,NULL,NULL,NULL,NULL,'prueba'),(186,379,410,2,NULL,6,2,'2019-10-16 16:42:21',150.00,'CREATED',NULL,150.00,NULL,NULL,NULL,NULL,NULL,NULL,NULL,NULL,'prueba'),(187,379,410,3,NULL,6,2,'2019-10-18 09:14:49',15.00,'IN_PROCESS',NULL,15.00,NULL,NULL,NULL,NULL,NULL,NULL,NULL,NULL,'prueba'),(188,379,410,3,NULL,6,2,'2019-10-18 09:49:12',15.00,'IN_PROCESS',NULL,15.00,NULL,NULL,NULL,NULL,NULL,NULL,NULL,NULL,'prueba'),(189,379,410,2,NULL,6,2,'2019-10-23 10:59:10',10000.00,'CREATED',NULL,10000.00,NULL,NULL,NULL,NULL,NULL,NULL,NULL,NULL,'gggghh'),(190,379,410,2,NULL,7,2,'2019-10-23 11:38:07',0.09,'CREATED',NULL,0.09,NULL,NULL,'Destination:542612594080 SkuidID:7209',NULL,NULL,NULL,NULL,NULL,'Recharge TopUp'),(191,379,410,2,NULL,7,2,'2019-10-23 11:42:14',10.00,'FAILED',NULL,10.25,NULL,NULL,'Destination:584125992035 SkuidID:7209',NULL,NULL,NULL,NULL,NULL,'Recharge TopUp'),(192,379,410,2,NULL,7,2,'2019-10-23 11:43:16',1.00,'FAILED',NULL,1.02,NULL,NULL,'Destination:542612594080 SkuidID:7209',NULL,NULL,NULL,NULL,NULL,'Recharge TopUp'),(193,379,410,2,NULL,7,2,'2019-10-23 11:43:48',0.09,'FAILED',NULL,0.09,NULL,NULL,'Destination:542612594080 SkuidID:7209',NULL,NULL,NULL,NULL,NULL,'Recharge TopUp'),(194,379,410,2,NULL,7,2,'2019-10-23 11:45:11',1.00,'FAILED',NULL,1.02,NULL,NULL,'Destination:542612594080 SkuidID:7209',NULL,NULL,NULL,NULL,NULL,'Recharge TopUp'),(195,379,410,2,NULL,7,2,'2019-10-23 11:45:34',0.09,'FAILED',NULL,0.09,NULL,NULL,'Destination:542612594080 SkuidID:7209',NULL,NULL,NULL,NULL,NULL,'Recharge TopUp'),(196,379,410,2,NULL,7,2,'2019-10-23 11:46:02',0.09,'FAILED',NULL,0.09,NULL,NULL,'Destination:5353693280 SkuidID:7209',NULL,NULL,NULL,NULL,NULL,'Recharge TopUp'),(197,379,410,2,NULL,7,2,'2019-10-23 11:46:13',1.00,'FAILED',NULL,1.02,NULL,NULL,'Destination:5353693280 SkuidID:7209',NULL,NULL,NULL,NULL,NULL,'Recharge TopUp'),(198,379,410,2,NULL,7,2,'2019-10-23 13:48:55',0.09,'FAILED',NULL,0.09,NULL,NULL,'Destination:542612594080 SkuidID:7209',NULL,NULL,NULL,NULL,NULL,'Recharge TopUp'),(199,379,410,2,NULL,7,2,'2019-10-23 13:49:08',0.09,'FAILED',NULL,0.09,NULL,NULL,'Destination:542612594080 SkuidID:7209',NULL,NULL,NULL,NULL,NULL,'Recharge TopUp'),(200,379,410,2,NULL,7,2,'2019-10-23 14:42:20',0.09,'FAILED',NULL,0.09,NULL,NULL,'Destination:542612594080 SkuidID:7209',NULL,NULL,NULL,NULL,NULL,'Recharge TopUp'),(201,379,410,2,NULL,7,2,'2019-10-23 14:43:03',1.02,'COMPLETED',NULL,1.05,NULL,NULL,'Destination:542612594080 SkuidID:16925',NULL,NULL,NULL,NULL,NULL,'Recharge TopUp'),(202,379,410,2,NULL,7,2,'2019-10-23 14:45:23',0.09,'FAILED',NULL,0.09,NULL,NULL,'Destination:5353693280 SkuidID:8825',NULL,NULL,NULL,NULL,NULL,'Recharge TopUp'),(203,379,410,2,NULL,7,2,'2019-10-23 14:45:38',10.00,'COMPLETED',NULL,10.25,NULL,NULL,'Destination:5353693280 SkuidID:8825',NULL,NULL,NULL,NULL,NULL,'Recharge TopUp'),(204,379,410,2,NULL,7,2,'2019-10-25 10:40:50',0.08,'FAILED',NULL,0.08,NULL,NULL,'Destination:542612594080 SkuidID:7209',NULL,NULL,NULL,NULL,NULL,'Recharge TopUp'),(205,379,410,2,NULL,7,2,'2019-10-25 11:06:19',0.08,'FAILED',NULL,0.08,NULL,NULL,'Destination:542612594080 SkuidID:7209',NULL,NULL,NULL,NULL,NULL,'Recharge TopUp'),(206,379,410,2,NULL,7,2,'2019-10-25 11:06:54',1.18,'COMPLETED',NULL,1.21,NULL,NULL,'Destination:542612594080 SkuidID:16926',NULL,NULL,NULL,NULL,NULL,'Recharge TopUp'),(207,379,410,2,NULL,7,2,'2019-10-25 11:11:56',0.09,'FAILED',NULL,0.09,NULL,NULL,'Destination:542612594080 SkuidID:8825',NULL,NULL,NULL,NULL,NULL,'Recharge TopUp'),(208,379,410,2,NULL,7,2,'2019-10-25 11:12:15',0.09,'FAILED',NULL,0.09,NULL,NULL,'Destination:542612594080 SkuidID:7209',NULL,NULL,NULL,NULL,NULL,'Recharge TopUp'),(209,379,410,2,NULL,7,2,'2019-10-25 11:14:03',1.01,'COMPLETED',NULL,1.04,NULL,NULL,'Destination:542612594080 SkuidID:16925',NULL,NULL,NULL,NULL,NULL,'Recharge TopUp'),(210,379,410,2,NULL,7,2,'2019-10-25 11:16:01',1.02,'FAILED',NULL,1.05,NULL,NULL,'Destination:542612594080 SkuidID:16925',NULL,NULL,NULL,NULL,NULL,'Recharge TopUp'),(211,379,410,2,NULL,7,2,'2019-10-25 11:17:46',0.08,'FAILED',NULL,0.08,NULL,NULL,'Destination:542612594080 SkuidID:7209',NULL,NULL,NULL,NULL,NULL,'Recharge TopUp'),(212,379,410,2,NULL,7,2,'2019-10-25 11:18:04',1.18,'COMPLETED',NULL,1.21,NULL,NULL,'Destination:542612594080 SkuidID:16926',NULL,NULL,NULL,NULL,NULL,'Recharge TopUp'),(213,379,410,2,NULL,7,2,'2019-10-25 11:18:05',1.02,'FAILED',NULL,1.05,NULL,NULL,'Destination:542612594080 SkuidID:16925',NULL,NULL,NULL,NULL,NULL,'Recharge TopUp'),(214,379,410,2,NULL,7,2,'2019-10-25 11:20:01',1.02,'FAILED',NULL,1.05,NULL,NULL,'Destination:542612594080 SkuidID:16925',NULL,NULL,NULL,NULL,NULL,'Recharge TopUp'),(215,379,410,2,NULL,7,2,'2019-10-25 11:22:35',1.01,'COMPLETED',NULL,1.04,NULL,NULL,'Destination:542612594080 SkuidID:16925',NULL,NULL,NULL,NULL,NULL,'Recharge TopUp'),(216,379,410,2,NULL,7,2,'2019-10-25 11:26:24',1.01,'COMPLETED',NULL,1.04,NULL,NULL,'Destination:542612594080 SkuidID:16925',NULL,NULL,NULL,NULL,NULL,'Recharge TopUp'),(217,379,410,2,NULL,7,2,'2019-10-25 11:26:50',10.00,'COMPLETED',NULL,10.25,NULL,NULL,'Destination:5353693280 SkuidID:8825',NULL,NULL,NULL,NULL,NULL,'Recharge TopUp'),(218,379,410,2,NULL,7,2,'2019-10-25 11:36:28',1.01,'COMPLETED',NULL,1.04,NULL,NULL,'Destination:542612594080 SkuidID:16925',NULL,NULL,NULL,NULL,NULL,'Recharge TopUp'),(219,379,410,2,NULL,7,2,'2019-10-25 11:38:40',1.01,'COMPLETED',NULL,1.04,NULL,NULL,'Destination:542612594080 SkuidID:16925',NULL,NULL,NULL,NULL,NULL,'Recharge TopUp'),(220,379,410,2,NULL,7,2,'2019-10-25 11:48:46',1.01,'FAILED',NULL,1.04,NULL,NULL,'Destination:542612594080 SkuidID:16925',NULL,NULL,NULL,NULL,NULL,'Recharge TopUp'),(221,379,410,2,NULL,7,2,'2019-10-25 11:49:25',1.01,'FAILED',NULL,1.04,NULL,NULL,'Destination:542612594080 SkuidID:16925',NULL,NULL,NULL,NULL,NULL,'Recharge TopUp'),(222,379,410,2,NULL,7,2,'2019-10-25 12:01:16',1.01,'FAILED',NULL,1.04,NULL,NULL,'Destination:542612594080 SkuidID:16925',NULL,NULL,NULL,NULL,NULL,'Recharge TopUp'),(223,379,410,2,NULL,7,2,'2019-10-25 12:07:27',1.01,'COMPLETED',NULL,1.04,NULL,NULL,'Destination:542612594080 SkuidID:16925',NULL,NULL,NULL,NULL,NULL,'Recharge TopUp'),(224,379,410,2,NULL,7,2,'2019-10-25 13:58:27',10.00,'COMPLETED',NULL,10.25,NULL,NULL,'Destination:5353693280 SkuidID:8825',NULL,NULL,NULL,NULL,NULL,'Recharge TopUp'),(225,379,410,2,NULL,7,2,'2019-10-25 14:01:52',10.00,'COMPLETED',NULL,10.25,NULL,NULL,'Destination:5353693280 SkuidID:8825',NULL,NULL,NULL,NULL,NULL,'Recharge TopUp'),(226,379,410,2,NULL,7,2,'2019-10-25 14:04:51',10.00,'COMPLETED',NULL,10.25,NULL,NULL,'Destination:5353693280 SkuidID:8825',NULL,NULL,NULL,NULL,NULL,'Recharge TopUp'),(227,379,410,2,NULL,7,2,'2019-10-25 14:05:04',10.00,'COMPLETED',NULL,10.25,NULL,NULL,'Destination:5353693280 SkuidID:8825',NULL,NULL,NULL,NULL,NULL,'Recharge TopUp'),(228,379,410,2,NULL,7,2,'2019-10-25 14:05:42',10.00,'COMPLETED',NULL,10.25,NULL,NULL,'Destination:5353693280 SkuidID:8825',NULL,NULL,NULL,NULL,NULL,'Recharge TopUp'),(229,379,410,2,NULL,7,2,'2019-10-25 14:05:52',10.00,'COMPLETED',NULL,10.25,NULL,NULL,'Destination:5353693280 SkuidID:8825',NULL,NULL,NULL,NULL,NULL,'Recharge TopUp'),(230,379,410,2,NULL,7,2,'2019-10-25 14:08:01',10.00,'COMPLETED',NULL,10.25,NULL,NULL,'Destination:5353693280 SkuidID:8825',NULL,NULL,NULL,NULL,NULL,'Recharge TopUp'),(231,379,410,2,NULL,7,2,'2019-10-25 14:09:39',10.00,'COMPLETED',NULL,10.25,NULL,NULL,'Destination:5353693280 SkuidID:8825',NULL,NULL,NULL,NULL,NULL,'Recharge TopUp'),(232,379,410,2,NULL,7,2,'2019-10-25 14:12:14',10.00,'COMPLETED',NULL,10.25,NULL,NULL,'Destination:5353693280 SkuidID:8825',NULL,NULL,NULL,NULL,NULL,'Recharge TopUp'),(233,379,410,2,NULL,7,2,'2019-10-25 14:14:22',10.00,'COMPLETED',NULL,10.25,NULL,NULL,'Destination:5353693280 SkuidID:8825',NULL,NULL,NULL,NULL,NULL,'Recharge TopUp'),(234,379,410,2,NULL,7,2,'2019-10-25 14:15:57',10.00,'COMPLETED',NULL,10.25,NULL,NULL,'Destination:5353693280 SkuidID:8825',NULL,NULL,NULL,NULL,NULL,'Recharge TopUp'),(235,379,410,2,NULL,7,2,'2019-10-25 14:27:48',10.00,'COMPLETED',NULL,10.25,NULL,NULL,'Destination:5353693280 SkuidID:8825',NULL,NULL,NULL,NULL,NULL,'Recharge TopUp'),(236,379,410,2,NULL,7,2,'2019-10-25 14:55:48',1.01,'COMPLETED',NULL,1.04,NULL,NULL,'Destination:542612594080 SkuidID:16925',NULL,NULL,NULL,NULL,NULL,'Recharge TopUp'),(237,379,410,2,NULL,7,2,'2019-10-25 15:46:58',1.01,'COMPLETED',NULL,1.04,NULL,NULL,'Destination:542612594080 SkuidID:16925',NULL,NULL,NULL,NULL,NULL,'Recharge TopUp'),(238,379,410,2,NULL,7,2,'2019-10-25 15:49:46',1.01,'COMPLETED',NULL,1.04,NULL,NULL,'Destination:542612594080 SkuidID:16925',NULL,NULL,NULL,NULL,NULL,'Recharge TopUp'),(239,379,410,2,NULL,7,2,'2019-10-25 15:59:04',1.01,'COMPLETED',NULL,1.04,NULL,NULL,'Destination:542612594080 SkuidID:16925',NULL,NULL,NULL,NULL,NULL,'Recharge TopUp'),(240,379,410,2,NULL,7,2,'2019-10-25 16:05:31',1.01,'COMPLETED',NULL,1.04,NULL,NULL,'Destination:542612594080 SkuidID:16925',NULL,NULL,NULL,NULL,NULL,'Recharge TopUp'),(241,379,410,2,NULL,7,2,'2019-10-25 16:05:50',10.00,'COMPLETED',NULL,10.25,NULL,NULL,'Destination:5353693280 SkuidID:8825',NULL,NULL,NULL,NULL,NULL,'Recharge TopUp'),(242,379,410,2,NULL,7,2,'2019-10-25 16:14:27',10.00,'COMPLETED',NULL,10.25,NULL,NULL,'Destination:5353693280 SkuidID:8825',NULL,NULL,NULL,NULL,NULL,'Recharge TopUp'),(243,379,410,2,NULL,7,2,'2019-10-25 16:16:40',10.00,'COMPLETED',NULL,10.25,NULL,NULL,'Destination:5353693280 SkuidID:8825',NULL,NULL,NULL,NULL,NULL,'Recharge TopUp'),(244,379,410,2,NULL,7,2,'2019-10-25 16:18:44',1.01,'COMPLETED',NULL,1.04,NULL,NULL,'Destination:542612594080 SkuidID:16925',NULL,NULL,NULL,NULL,NULL,'Recharge TopUp'),(245,379,410,2,NULL,7,2,'2019-10-25 16:20:19',10.00,'COMPLETED',NULL,10.25,NULL,NULL,'Destination:5353693280 SkuidID:8825',NULL,NULL,NULL,NULL,NULL,'Recharge TopUp'),(246,379,410,2,NULL,7,2,'2019-10-25 16:22:07',10.00,'COMPLETED',NULL,10.25,NULL,NULL,'Destination:5353693280 SkuidID:8825',NULL,NULL,NULL,NULL,NULL,'Recharge TopUp'),(247,379,410,2,NULL,7,2,'2019-10-25 16:22:56',10.00,'COMPLETED',NULL,10.25,NULL,NULL,'Destination:5353693280 SkuidID:8825',NULL,NULL,NULL,NULL,NULL,'Recharge TopUp'),(248,379,410,2,NULL,7,2,'2019-10-25 16:37:05',10.00,'COMPLETED',NULL,10.25,NULL,NULL,'Destination:5353693280 SkuidID:8825',NULL,NULL,NULL,NULL,NULL,'Recharge TopUp'),(249,379,410,2,NULL,7,2,'2019-10-25 16:40:21',10.00,'COMPLETED',NULL,10.25,NULL,NULL,'Destination:5353693280 SkuidID:8825',NULL,NULL,NULL,NULL,NULL,'Recharge TopUp'),(250,379,410,2,NULL,7,2,'2019-10-25 16:41:37',20.00,'COMPLETED',NULL,20.50,NULL,NULL,'Destination:5353693280 SkuidID:8825',NULL,NULL,NULL,NULL,NULL,'Recharge TopUp'),(251,379,410,2,NULL,7,2,'2019-10-28 11:16:06',10.00,'COMPLETED',NULL,10.25,NULL,NULL,'Destination:5353693280 SkuidID:8825',NULL,NULL,NULL,NULL,NULL,'Recharge TopUp'),(252,379,410,2,NULL,7,2,'2019-10-28 11:16:48',10.00,'COMPLETED',NULL,10.25,NULL,NULL,'Destination:5353693280 SkuidID:8825',NULL,NULL,NULL,NULL,NULL,'Recharge TopUp'),(253,379,410,2,NULL,7,2,'2019-10-28 11:37:06',5.77,'COMPLETED',NULL,5.91,NULL,NULL,'Destination:584142748070 SkuidID:26163',NULL,NULL,NULL,NULL,NULL,'Recharge TopUp'),(254,379,410,2,NULL,7,2,'2019-10-28 13:24:57',5.77,'COMPLETED',NULL,5.91,NULL,NULL,'Destination:584142748070 SkuidID:26163',NULL,NULL,NULL,NULL,NULL,'Recharge TopUp'),(255,379,410,2,NULL,7,2,'2019-10-28 15:59:18',11.53,'COMPLETED',NULL,11.82,NULL,NULL,'Destination:584142745858 SkuidID:26573',NULL,NULL,NULL,NULL,NULL,'Recharge TopUp'),(256,379,410,2,NULL,7,2,'2019-10-28 16:00:44',10.00,'COMPLETED',NULL,10.25,NULL,NULL,'Destination:5353633280 SkuidID:8825',NULL,NULL,NULL,NULL,NULL,'Recharge TopUp'),(257,379,410,2,NULL,7,2,'2019-10-29 11:39:05',5.77,'COMPLETED',NULL,5.91,NULL,NULL,'Destination:584142748070 SkuidID:26163',NULL,NULL,NULL,NULL,NULL,'Recharge TopUp'),(258,379,410,2,NULL,7,2,'2019-10-29 13:08:53',10.00,'COMPLETED',NULL,10.25,NULL,NULL,'Destination:5353693280 SkuidID:8825',NULL,NULL,NULL,NULL,NULL,'Recharge TopUp'),(259,379,410,2,NULL,7,2,'2019-10-29 13:09:27',5.77,'COMPLETED',NULL,5.91,NULL,NULL,'Destination:584142748070 SkuidID:26163',NULL,NULL,NULL,NULL,NULL,'Recharge TopUp'),(260,379,410,2,NULL,7,2,'2019-10-29 14:51:15',50.00,'COMPLETED',NULL,51.25,NULL,NULL,'Destination:5353693280 SkuidID:8825',NULL,NULL,NULL,NULL,NULL,'Recharge TopUp'),(261,379,410,2,NULL,7,2,'2019-10-29 15:54:23',5.77,'COMPLETED',NULL,5.91,NULL,NULL,'Destination:584142748070 SkuidID:26163',NULL,NULL,NULL,NULL,NULL,'Recharge TopUp'),(262,379,410,1,NULL,5,2,'2019-10-29 15:55:34',10.00,'IN_PROCESS',NULL,10.00,NULL,NULL,NULL,NULL,NULL,NULL,NULL,NULL,'gg'),(263,379,410,2,NULL,7,2,'2019-10-29 15:55:53',5.77,'COMPLETED',NULL,5.91,NULL,NULL,'Destination:584142748070 SkuidID:26163',NULL,NULL,NULL,NULL,NULL,'Recharge TopUp'),(264,379,410,2,NULL,7,2,'2019-10-29 16:01:18',5.77,'COMPLETED',NULL,5.91,NULL,NULL,'Destination:584142748070 SkuidID:26163',NULL,NULL,NULL,NULL,NULL,'Recharge TopUp'),(265,379,410,1,NULL,2,2,'2019-10-30 15:19:36',20.00,'CREATED',NULL,20.00,NULL,NULL,NULL,NULL,NULL,NULL,NULL,NULL,'Payment Shop'),(266,379,410,3,NULL,2,2,'2019-10-30 15:19:59',20.00,'COMPLETED',NULL,20.00,NULL,NULL,NULL,NULL,NULL,NULL,NULL,NULL,'Payment Shop'),(267,379,410,3,NULL,2,2,'2019-10-30 15:27:00',20.00,'COMPLETED',NULL,20.00,NULL,NULL,NULL,NULL,NULL,NULL,NULL,NULL,'Payment Shop'),(269,379,410,3,NULL,2,2,'2019-10-30 15:35:02',20.00,'COMPLETED',NULL,20.00,NULL,NULL,NULL,NULL,NULL,NULL,NULL,NULL,'Payment Shop'),(270,379,410,3,NULL,2,2,'2019-10-30 15:35:37',20.00,'COMPLETED',NULL,20.00,NULL,NULL,NULL,NULL,NULL,NULL,NULL,NULL,'Payment Shop'),(271,379,410,3,NULL,2,2,'2019-10-30 15:44:17',20.00,'COMPLETED',NULL,20.00,NULL,NULL,NULL,NULL,NULL,NULL,NULL,NULL,'Payment Shop'),(273,379,410,3,NULL,2,2,'2019-10-30 15:48:46',20.00,'COMPLETED',NULL,20.00,NULL,NULL,NULL,NULL,NULL,NULL,NULL,NULL,'Payment Shop'),(275,379,410,3,NULL,2,2,'2019-10-30 16:05:05',20.00,'COMPLETED',NULL,20.00,NULL,NULL,NULL,NULL,NULL,NULL,NULL,NULL,'Payment Shop'),(276,379,410,1,NULL,5,2,'2019-10-31 10:25:02',10.00,'IN_PROCESS',NULL,10.00,NULL,NULL,NULL,NULL,NULL,NULL,NULL,NULL,'retiro'),(277,379,410,1,NULL,6,2,'2019-10-31 10:55:09',10.00,'CREATED',NULL,10.00,NULL,NULL,NULL,NULL,NULL,NULL,NULL,NULL,'recarga'),(278,379,410,3,NULL,6,2,'2019-10-31 10:55:37',10.00,'IN_PROCESS',NULL,10.00,NULL,NULL,NULL,NULL,NULL,NULL,NULL,NULL,'recarga'),(279,379,410,3,NULL,6,2,'2019-10-31 11:01:09',10.00,'IN_PROCESS',NULL,10.00,NULL,NULL,NULL,NULL,NULL,NULL,NULL,NULL,'recarga'),(280,379,410,2,NULL,7,2,'2019-10-31 12:36:55',1.01,'FAILED',NULL,1.04,NULL,NULL,'Destination:542612594080 SkuidID:1468',NULL,NULL,NULL,NULL,NULL,'Recharge TopUp'),(281,379,410,2,NULL,7,2,'2019-10-31 12:38:27',1.01,'COMPLETED',NULL,1.04,NULL,NULL,'Destination:542612594080 SkuidID:16925',NULL,NULL,NULL,NULL,NULL,'Recharge TopUp'),(282,379,410,2,NULL,7,2,'2019-10-31 12:53:40',1.01,'COMPLETED',NULL,1.04,NULL,NULL,'Destination:542612594080 SkuidID:16925',NULL,NULL,NULL,NULL,NULL,'Recharge TopUp'),(283,379,410,2,NULL,7,2,'2019-10-31 13:03:56',1.01,'COMPLETED',NULL,1.04,NULL,NULL,'Destination:542612594080 SkuidID:16925',NULL,NULL,NULL,NULL,NULL,'Recharge TopUp'),(284,379,410,2,NULL,7,2,'2019-10-31 13:07:39',1.01,'COMPLETED',NULL,1.04,NULL,NULL,'Destination:542612594080 SkuidID:16925',NULL,NULL,NULL,NULL,NULL,'Recharge TopUp'),(287,379,410,2,NULL,7,2,'2019-10-31 13:15:42',1.01,'COMPLETED',NULL,1.04,NULL,NULL,'Destination:542612594080 SkuidID:16925',NULL,NULL,NULL,NULL,NULL,'Recharge TopUp'),(288,379,410,2,NULL,7,2,'2019-10-31 13:20:30',1.01,'COMPLETED',NULL,1.04,NULL,NULL,'Destination:542612594080 SkuidID:16925',NULL,NULL,NULL,NULL,NULL,'Recharge TopUp'),(289,379,410,3,NULL,2,2,'2019-10-31 15:27:54',20.00,'COMPLETED',NULL,20.00,NULL,NULL,NULL,NULL,NULL,NULL,NULL,NULL,'Payment Shop'),(290,379,410,3,NULL,2,2,'2019-10-31 15:30:55',20.00,'COMPLETED',NULL,20.00,NULL,NULL,NULL,NULL,NULL,NULL,NULL,NULL,'Payment Shop'),(292,379,410,3,NULL,2,2,'2019-10-31 15:40:30',20.00,'COMPLETED',NULL,20.00,NULL,NULL,NULL,NULL,NULL,NULL,NULL,NULL,'Payment Shop'),(294,379,410,3,NULL,2,2,'2019-10-31 15:43:31',20.00,'COMPLETED',NULL,20.00,NULL,NULL,NULL,NULL,NULL,NULL,NULL,NULL,'Payment Shop'),(295,379,410,3,NULL,2,2,'2019-10-31 15:43:46',20.00,'COMPLETED',NULL,20.00,NULL,NULL,NULL,NULL,NULL,NULL,NULL,NULL,'Payment Shop'),(296,379,410,3,NULL,2,2,'2019-10-31 15:48:28',20.00,'COMPLETED',NULL,20.00,NULL,NULL,NULL,NULL,NULL,NULL,NULL,NULL,'Payment Shop'),(297,379,410,3,NULL,2,2,'2019-10-31 16:17:41',20.00,'COMPLETED',NULL,20.00,NULL,NULL,NULL,NULL,NULL,NULL,NULL,NULL,'Payment Shop'),(298,379,410,3,NULL,2,2,'2019-10-31 16:24:39',20.00,'COMPLETED',NULL,20.00,NULL,NULL,NULL,NULL,NULL,NULL,NULL,NULL,'Payment Shop'),(299,379,410,3,NULL,2,2,'2019-10-31 16:28:03',20.00,'COMPLETED',NULL,20.00,NULL,NULL,NULL,NULL,NULL,NULL,NULL,NULL,'Payment Shop'),(301,379,410,1,NULL,3,2,'2019-10-31 17:06:11',10.00,'COMPLETED',NULL,10.00,NULL,NULL,NULL,NULL,NULL,NULL,NULL,NULL,'Transfer between Accounts'),(302,379,410,1,NULL,3,2,'2019-10-31 17:07:33',10.00,'COMPLETED',NULL,10.00,NULL,NULL,NULL,NULL,NULL,NULL,NULL,NULL,'Transfer between Accounts'),(303,379,410,1,NULL,3,2,'2019-10-31 17:24:34',10.00,'COMPLETED',NULL,10.00,NULL,NULL,NULL,NULL,NULL,NULL,NULL,NULL,'Transfer between Accounts'),(304,379,410,1,NULL,4,2,'2019-11-01 09:05:52',1.11,'COMPLETED',NULL,1.11,NULL,NULL,NULL,NULL,NULL,NULL,NULL,NULL,'cualquier cosa'),(305,379,410,1,NULL,4,2,'2019-11-01 09:10:37',11.11,'COMPLETED',NULL,11.11,NULL,NULL,NULL,NULL,NULL,NULL,NULL,NULL,'adad'),(306,379,410,1,NULL,4,2,'2019-11-01 09:21:56',2.00,'COMPLETED',NULL,2.00,NULL,NULL,NULL,NULL,NULL,NULL,NULL,NULL,'exchange'),(307,379,410,1,NULL,4,2,'2019-11-01 09:34:59',2.00,'COMPLETED',NULL,2.00,NULL,NULL,NULL,NULL,NULL,NULL,NULL,NULL,'exchange'),(308,379,410,2,NULL,7,2,'2019-11-01 09:35:22',1.01,'COMPLETED',NULL,1.04,NULL,NULL,'Destination:542612594080 SkuidID:16925',NULL,NULL,NULL,NULL,NULL,'Recharge TopUp'),(309,379,410,1,NULL,4,2,'2019-11-01 09:38:40',10.00,'COMPLETED',NULL,10.00,NULL,NULL,NULL,NULL,NULL,NULL,NULL,NULL,'cualquier cosa'),(310,379,410,2,NULL,7,2,'2019-11-01 09:39:39',1.01,'COMPLETED',NULL,1.04,NULL,NULL,'Destination:542612594080 SkuidID:16925',NULL,NULL,NULL,NULL,NULL,'Recharge TopUp'),(311,379,410,1,NULL,4,2,'2019-11-01 09:40:17',2.00,'COMPLETED',NULL,2.00,NULL,NULL,NULL,NULL,NULL,NULL,NULL,NULL,'exchange'),(312,379,410,1,NULL,3,2,'2019-11-01 09:59:34',10.00,'COMPLETED',NULL,10.00,NULL,NULL,NULL,NULL,NULL,NULL,NULL,NULL,'Transfer between Accounts'),(313,379,410,2,NULL,7,2,'2019-11-01 10:06:04',1.01,'COMPLETED',NULL,1.04,NULL,NULL,'Destination:542612594080 SkuidID:16925',NULL,NULL,NULL,NULL,NULL,'Recharge TopUp'),(314,379,410,1,NULL,4,2,'2019-11-01 10:18:37',2.00,'COMPLETED',NULL,2.00,NULL,NULL,NULL,NULL,NULL,NULL,NULL,NULL,'exchange'),(315,379,410,1,NULL,4,2,'2019-11-01 10:27:30',2.00,'COMPLETED',NULL,2.00,NULL,NULL,NULL,NULL,NULL,NULL,NULL,NULL,'exchange'),(316,379,410,1,NULL,4,2,'2019-11-01 10:37:43',2.00,'COMPLETED',NULL,2.00,NULL,NULL,NULL,NULL,NULL,NULL,NULL,NULL,'exchange'),(317,379,410,1,NULL,4,2,'2019-11-01 10:41:57',2.00,'COMPLETED',NULL,2.00,NULL,NULL,NULL,NULL,NULL,NULL,NULL,NULL,'exchange'),(318,379,410,1,NULL,4,2,'2019-11-01 10:45:20',10.00,'COMPLETED',NULL,10.00,NULL,NULL,NULL,NULL,NULL,NULL,NULL,NULL,'cualquier cosa'),(319,379,410,1,NULL,4,2,'2019-11-01 10:46:22',10.00,'COMPLETED',NULL,10.00,NULL,NULL,NULL,NULL,NULL,NULL,NULL,NULL,'cualquier cosa'),(320,379,410,1,NULL,4,2,'2019-11-01 10:51:17',10.00,'COMPLETED',NULL,10.00,NULL,NULL,NULL,NULL,NULL,NULL,NULL,NULL,'cualquier cosa'),(321,379,410,1,NULL,4,2,'2019-11-01 10:56:08',10.00,'COMPLETED',NULL,10.00,NULL,NULL,NULL,NULL,NULL,NULL,NULL,NULL,'cualquier cosa'),(322,379,410,1,NULL,4,2,'2019-11-01 10:58:00',2.00,'COMPLETED',NULL,2.00,NULL,NULL,NULL,NULL,NULL,NULL,NULL,NULL,'exchange'),(323,379,410,1,NULL,4,2,'2019-11-01 10:58:51',2.00,'COMPLETED',NULL,2.00,NULL,NULL,NULL,NULL,NULL,NULL,NULL,NULL,'exchange'),(324,379,410,1,NULL,4,2,'2019-11-01 10:59:07',10.00,'COMPLETED',NULL,10.00,NULL,NULL,NULL,NULL,NULL,NULL,NULL,NULL,'cualquier cosa'),(325,379,410,1,NULL,4,2,'2019-11-01 10:59:11',10.00,'COMPLETED',NULL,10.00,NULL,NULL,NULL,NULL,NULL,NULL,NULL,NULL,'cualquier cosa'),(326,379,410,1,NULL,4,2,'2019-11-01 10:59:12',10.00,'COMPLETED',NULL,10.00,NULL,NULL,NULL,NULL,NULL,NULL,NULL,NULL,'cualquier cosa'),(327,379,410,1,NULL,4,2,'2019-11-01 11:03:03',2.00,'COMPLETED',NULL,2.00,NULL,NULL,NULL,NULL,NULL,NULL,NULL,NULL,'exchange'),(328,379,410,1,NULL,4,2,'2019-11-01 11:07:34',10.00,'COMPLETED',NULL,10.00,NULL,NULL,NULL,NULL,NULL,NULL,NULL,NULL,'cualquier cosa'),(329,379,410,1,NULL,4,2,'2019-11-01 11:09:56',10.00,'COMPLETED',NULL,10.00,NULL,NULL,NULL,NULL,NULL,NULL,NULL,NULL,'cualquier cosa'),(330,379,410,1,NULL,4,2,'2019-11-01 11:12:16',2.00,'COMPLETED',NULL,2.00,NULL,NULL,NULL,NULL,NULL,NULL,NULL,NULL,'exchange'),(331,379,410,1,NULL,4,2,'2019-11-01 11:16:42',10.00,'COMPLETED',NULL,10.00,NULL,NULL,NULL,NULL,NULL,NULL,NULL,NULL,'cualquier cosa'),(332,379,410,1,NULL,4,2,'2019-11-01 11:19:29',114.00,'COMPLETED',NULL,114.00,NULL,NULL,NULL,NULL,NULL,NULL,NULL,NULL,'cualquier cosa'),(333,379,410,1,NULL,4,2,'2019-11-01 11:23:28',10.00,'COMPLETED',NULL,10.00,NULL,NULL,NULL,NULL,NULL,NULL,NULL,NULL,'cualquier cosa'),(334,379,410,1,NULL,4,2,'2019-11-01 11:52:32',10.00,'COMPLETED',NULL,10.00,NULL,NULL,NULL,NULL,NULL,NULL,NULL,NULL,'cualquier cosa'),(335,379,410,1,NULL,4,2,'2019-11-01 11:52:33',10.00,'COMPLETED',NULL,10.00,NULL,NULL,NULL,NULL,NULL,NULL,NULL,NULL,'cualquier cosa'),(336,379,410,1,NULL,4,2,'2019-11-01 11:53:03',10.00,'COMPLETED',NULL,10.00,NULL,NULL,NULL,NULL,NULL,NULL,NULL,NULL,'cualquier cosa'),(337,379,410,1,NULL,4,2,'2019-11-01 11:53:05',10.00,'COMPLETED',NULL,10.00,NULL,NULL,NULL,NULL,NULL,NULL,NULL,NULL,'cualquier cosa'),(338,379,410,1,NULL,4,2,'2019-11-01 13:44:58',2.00,'COMPLETED',NULL,2.00,NULL,NULL,NULL,NULL,NULL,NULL,NULL,NULL,'exchange'),(340,379,410,1,NULL,4,2,'2019-11-01 13:59:14',2.00,'COMPLETED',NULL,2.00,NULL,NULL,NULL,NULL,NULL,NULL,NULL,NULL,'exchange'),(341,379,410,1,NULL,4,2,'2019-11-01 14:36:06',2.00,'COMPLETED',NULL,2.00,NULL,NULL,NULL,NULL,NULL,NULL,NULL,NULL,'exchange'),(342,379,410,1,NULL,4,2,'2019-11-01 14:39:35',2.00,'COMPLETED',NULL,2.00,NULL,NULL,NULL,NULL,NULL,NULL,NULL,NULL,'exchange'),(343,379,410,1,NULL,4,2,'2019-11-01 14:43:05',2.00,'COMPLETED',NULL,2.00,NULL,NULL,NULL,NULL,NULL,NULL,NULL,NULL,'exchange'),(344,379,410,1,NULL,5,2,'2019-11-01 14:44:27',10.00,'IN_PROCESS',NULL,10.00,NULL,NULL,NULL,NULL,NULL,NULL,NULL,NULL,'retiro'),(345,379,410,1,NULL,3,2,'2019-11-01 14:47:17',10.00,'COMPLETED',NULL,10.00,NULL,NULL,NULL,NULL,NULL,NULL,NULL,NULL,'Transfer between Accounts'),(346,379,410,1,NULL,4,2,'2019-11-01 14:55:53',2.00,'COMPLETED',NULL,2.00,NULL,NULL,NULL,NULL,NULL,NULL,NULL,NULL,'exchange'),(347,379,410,1,NULL,4,2,'2019-11-01 15:08:26',2.00,'COMPLETED',NULL,2.00,NULL,NULL,NULL,NULL,NULL,NULL,NULL,NULL,'exchange'),(348,379,410,1,NULL,4,2,'2019-11-01 16:29:12',2.00,'COMPLETED',NULL,2.00,NULL,NULL,NULL,NULL,NULL,NULL,NULL,NULL,'exchange'),(349,379,410,1,NULL,4,2,'2019-11-01 16:31:16',2.00,'COMPLETED',NULL,2.00,NULL,NULL,NULL,NULL,NULL,NULL,NULL,NULL,'exchange'),(350,379,410,1,NULL,4,2,'2019-11-01 16:34:07',2.00,'COMPLETED',NULL,2.00,NULL,NULL,NULL,NULL,NULL,NULL,NULL,NULL,'exchange'),(353,379,410,1,NULL,4,2,'2019-11-01 16:49:04',2.00,'COMPLETED',NULL,2.00,NULL,NULL,NULL,NULL,NULL,NULL,NULL,NULL,'exchange'),(354,379,410,1,NULL,4,2,'2019-11-01 16:52:00',2.00,'COMPLETED',NULL,2.00,NULL,NULL,NULL,NULL,NULL,NULL,NULL,NULL,'exchange'),(355,379,410,1,NULL,4,2,'2019-11-01 16:53:39',2.00,'COMPLETED',NULL,2.00,NULL,NULL,NULL,NULL,NULL,NULL,NULL,NULL,'exchange'),(356,379,410,1,NULL,4,2,'2019-11-01 16:58:34',2.00,'COMPLETED',NULL,2.00,NULL,NULL,NULL,NULL,NULL,NULL,NULL,NULL,'exchange'),(357,379,410,1,NULL,4,2,'2019-11-04 09:14:47',2.00,'COMPLETED',NULL,2.00,NULL,NULL,NULL,NULL,NULL,NULL,NULL,NULL,'exchange'),(358,379,410,1,NULL,4,2,'2019-11-04 09:25:27',2.00,'COMPLETED',NULL,2.00,NULL,NULL,NULL,NULL,NULL,NULL,NULL,NULL,'exchange'),(359,379,410,3,NULL,2,2,'2019-11-04 11:02:56',20.00,'COMPLETED',NULL,20.00,NULL,NULL,NULL,NULL,NULL,NULL,NULL,NULL,'Payment Shop'),(361,379,410,3,NULL,2,2,'2019-11-04 11:15:04',20.00,'COMPLETED',NULL,20.00,NULL,NULL,NULL,NULL,NULL,NULL,NULL,NULL,'Payment Shop'),(362,379,410,1,NULL,4,2,'2019-11-04 11:15:41',2.00,'COMPLETED',NULL,2.00,NULL,NULL,NULL,NULL,NULL,NULL,NULL,NULL,'exchange'),(363,379,410,1,NULL,2,2,'2019-11-04 11:17:04',20.00,'CREATED',NULL,20.00,NULL,NULL,NULL,NULL,NULL,NULL,NULL,NULL,'Payment Shop'),(364,379,410,1,NULL,2,2,'2019-11-04 11:21:51',20.00,'COMPLETED',NULL,20.00,NULL,NULL,NULL,NULL,NULL,NULL,NULL,NULL,'Payment Shop'),(367,379,410,1,NULL,4,2,'2019-11-04 11:32:06',2.00,'COMPLETED',NULL,2.00,NULL,NULL,NULL,NULL,NULL,NULL,NULL,NULL,'exchange'),(368,379,410,1,NULL,4,2,'2019-11-04 11:33:09',2.00,'COMPLETED',NULL,2.00,NULL,NULL,NULL,NULL,NULL,NULL,NULL,NULL,'exchange'),(369,379,410,1,NULL,4,2,'2019-11-04 11:36:28',2.00,'COMPLETED',NULL,2.00,NULL,NULL,NULL,NULL,NULL,NULL,NULL,NULL,'exchange'),(371,379,410,1,NULL,5,2,'2019-11-04 11:44:43',10.00,'IN_PROCESS',NULL,10.00,NULL,NULL,NULL,NULL,NULL,NULL,NULL,NULL,'retiro'),(372,379,410,1,NULL,5,2,'2019-11-04 11:50:54',10.00,'IN_PROCESS',NULL,10.00,NULL,NULL,NULL,NULL,NULL,NULL,NULL,NULL,'retiro'),(373,379,410,1,NULL,5,2,'2019-11-04 11:52:39',10.00,'IN_PROCESS',NULL,10.00,NULL,NULL,NULL,NULL,NULL,NULL,NULL,NULL,'retiro'),(374,435,435,1,NULL,5,2,'2019-11-04 11:55:21',10.00,'IN_PROCESS',NULL,10.00,NULL,NULL,NULL,NULL,NULL,NULL,NULL,NULL,'retiro'),(375,435,435,1,NULL,4,2,'2019-11-04 11:56:29',2.00,'COMPLETED',NULL,2.00,NULL,NULL,NULL,NULL,NULL,NULL,NULL,NULL,'exchange'),(376,435,435,1,NULL,5,2,'2019-11-04 12:01:17',10.00,'IN_PROCESS',NULL,10.00,NULL,NULL,NULL,NULL,NULL,NULL,NULL,NULL,'retiro'),(377,379,410,1,NULL,3,2,'2019-11-04 12:01:41',10.00,'COMPLETED',NULL,10.00,NULL,NULL,NULL,NULL,NULL,NULL,NULL,NULL,'Transfer between Accounts'),(378,379,410,1,NULL,5,2,'2019-11-08 11:00:36',0.10,'IN_PROCESS',NULL,0.10,NULL,NULL,NULL,NULL,NULL,NULL,NULL,NULL,'hhhh'),(379,379,410,1,NULL,3,2,'2019-11-11 09:00:41',10.00,'COMPLETED',NULL,10.00,NULL,NULL,NULL,NULL,NULL,NULL,NULL,NULL,'Transfer between Accounts'),(380,379,410,1,NULL,3,2,'2019-11-11 09:23:13',10.00,'COMPLETED',NULL,10.00,NULL,NULL,NULL,NULL,NULL,NULL,NULL,NULL,'Transfer between Accounts'),(381,379,410,1,NULL,3,2,'2019-11-11 09:25:11',10.00,'COMPLETED',NULL,10.00,NULL,NULL,NULL,NULL,NULL,NULL,NULL,NULL,'Transfer between Accounts'),(382,379,410,1,NULL,2,2,'2019-11-11 09:35:54',10.00,'COMPLETED',NULL,10.00,NULL,NULL,NULL,NULL,NULL,NULL,NULL,NULL,'Payment Shop'),(383,379,410,1,NULL,2,2,'2019-11-11 09:47:47',1.00,'COMPLETED',NULL,1.00,NULL,NULL,NULL,NULL,NULL,NULL,NULL,NULL,'Payment Shop'),(384,379,410,1,NULL,3,2,'2019-11-11 09:58:36',10.00,'COMPLETED',NULL,10.00,NULL,NULL,NULL,NULL,NULL,NULL,NULL,NULL,'Transfer between Accounts'),(385,379,410,2,NULL,7,2,'2019-11-11 10:04:59',4.41,'COMPLETED',NULL,4.52,NULL,NULL,'Destination:584142748070 SkuidID:26163',NULL,NULL,NULL,NULL,NULL,'Recharge TopUp'),(386,379,410,1,NULL,4,2,'2019-11-11 10:44:39',10.00,'COMPLETED',NULL,10.00,NULL,NULL,NULL,NULL,NULL,NULL,NULL,NULL,'cualquier cosa'),(387,379,410,1,NULL,2,2,'2019-11-11 14:32:08',10.00,'COMPLETED',NULL,10.00,NULL,NULL,NULL,NULL,NULL,NULL,NULL,NULL,'Payment Shop'),(388,379,410,1,NULL,3,2,'2019-11-11 14:40:28',11.11,'COMPLETED',NULL,11.11,NULL,NULL,NULL,NULL,NULL,NULL,NULL,NULL,'Transfer between Accounts'),(389,379,410,1,NULL,2,2,'2019-11-11 15:06:25',10.00,'COMPLETED',NULL,10.00,NULL,NULL,NULL,NULL,NULL,NULL,NULL,NULL,'Payment Shop'),(390,379,410,1,NULL,2,2,'2019-11-11 15:15:11',1.00,'COMPLETED',NULL,1.00,NULL,NULL,NULL,NULL,NULL,NULL,NULL,NULL,'Payment Shop'),(391,379,410,1,NULL,3,2,'2019-11-11 15:16:08',1.00,'COMPLETED',NULL,1.00,NULL,NULL,NULL,NULL,NULL,NULL,NULL,NULL,'Transfer between Accounts'),(392,379,379,1,NULL,6,2,'2019-11-11 15:41:20',55.55,'CREATED',NULL,55.55,NULL,NULL,NULL,NULL,NULL,NULL,NULL,NULL,'ggggg'),(393,379,379,1,NULL,6,2,'2019-11-11 15:41:30',55.55,'CREATED',NULL,55.55,NULL,NULL,NULL,NULL,NULL,NULL,NULL,NULL,'ggggg'),(394,379,379,1,NULL,6,2,'2019-11-11 15:41:39',10.00,'CREATED',NULL,10.00,NULL,NULL,NULL,NULL,NULL,NULL,NULL,NULL,'ggggg'),(395,379,379,1,NULL,6,2,'2019-11-11 15:44:03',10.00,'CREATED',NULL,10.00,NULL,NULL,NULL,NULL,NULL,NULL,NULL,NULL,'gggg'),(396,379,379,1,NULL,6,2,'2019-11-11 15:45:35',5.55,'CREATED',NULL,5.55,NULL,NULL,NULL,NULL,NULL,NULL,NULL,NULL,'ggggg'),(397,379,379,1,NULL,5,2,'2019-11-11 15:52:13',10.00,'IN_PROCESS',NULL,10.00,NULL,NULL,NULL,NULL,NULL,NULL,NULL,NULL,'ggggg'),(398,439,439,1,NULL,6,2,'2019-11-12 08:37:20',55.55,'CREATED',NULL,55.55,NULL,NULL,NULL,NULL,NULL,NULL,NULL,NULL,'hhhh'),(399,379,410,1,NULL,4,2,'2019-11-12 13:27:57',10.00,'COMPLETED',NULL,10.00,NULL,NULL,NULL,NULL,NULL,NULL,NULL,NULL,'cualquier cosa'),(400,379,410,1,NULL,4,2,'2019-11-12 13:27:58',10.00,'COMPLETED',NULL,10.00,NULL,NULL,NULL,NULL,NULL,NULL,NULL,NULL,'cualquier cosa'),(401,379,410,1,NULL,4,2,'2019-11-12 13:31:23',10.00,'COMPLETED',NULL,10.00,NULL,NULL,NULL,NULL,NULL,NULL,NULL,NULL,'cualquier cosa'),(402,379,379,1,NULL,4,2,'2019-11-12 13:35:24',100.00,'COMPLETED',NULL,100.00,NULL,NULL,NULL,NULL,NULL,NULL,NULL,NULL,'cualquier cosa'),(403,379,379,1,NULL,6,2,'2019-11-12 13:36:13',55.55,'CREATED',NULL,55.55,NULL,NULL,NULL,NULL,NULL,NULL,NULL,NULL,'vvvhhhh'),(404,379,379,1,NULL,6,2,'2019-11-12 13:39:29',55.55,'IN_PROCESS',NULL,55.55,NULL,NULL,NULL,NULL,NULL,NULL,NULL,NULL,'vvvhhhh'),(405,379,379,1,NULL,4,2,'2019-11-12 16:39:08',2.00,'COMPLETED',NULL,2.00,NULL,NULL,NULL,NULL,NULL,NULL,NULL,NULL,'exchange'),(406,379,379,2,NULL,7,2,'2019-11-13 09:28:36',58.54,'COMPLETED',NULL,60.00,NULL,NULL,'Destination:584241934005 SkuidID:26712',NULL,NULL,NULL,NULL,NULL,'Recharge TopUp'),(407,435,435,1,NULL,4,2,'2019-11-13 10:48:18',2.00,'COMPLETED',NULL,2.00,NULL,NULL,NULL,NULL,NULL,NULL,NULL,NULL,'exchange'),(408,379,379,1,NULL,5,2,'2019-11-13 15:34:50',10.00,'IN_PROCESS',NULL,10.00,NULL,NULL,NULL,NULL,NULL,NULL,NULL,NULL,'retiro'),(409,379,379,1,NULL,5,2,'2019-11-13 15:35:37',10.00,'IN_PROCESS',NULL,10.00,NULL,NULL,NULL,NULL,NULL,NULL,NULL,NULL,'retiro'),(410,379,379,1,NULL,5,2,'2019-11-13 15:38:21',640.00,'IN_PROCESS',NULL,640.00,NULL,NULL,NULL,NULL,NULL,NULL,NULL,NULL,'00gghg'),(411,379,379,1,NULL,4,2,'2019-11-13 17:49:52',2.00,'COMPLETED',NULL,2.00,NULL,NULL,NULL,NULL,NULL,NULL,NULL,NULL,'exchange'),(412,435,435,1,NULL,4,2,'2019-11-13 17:50:21',2.00,'COMPLETED',NULL,2.00,NULL,NULL,NULL,NULL,NULL,NULL,NULL,NULL,'exchange'),(421,435,435,1,NULL,4,2,'2019-11-15 12:10:08',2.00,'COMPLETED',NULL,2.00,NULL,NULL,NULL,NULL,NULL,NULL,NULL,NULL,'exchange'),(422,435,435,1,NULL,4,2,'2019-11-15 12:10:34',2.00,'COMPLETED',NULL,2.00,NULL,NULL,NULL,NULL,NULL,NULL,NULL,NULL,'exchange'),(423,435,435,1,NULL,4,2,'2019-11-15 12:10:42',2.00,'COMPLETED',NULL,2.00,NULL,NULL,NULL,NULL,NULL,NULL,NULL,NULL,'exchange'),(424,435,435,1,NULL,4,2,'2019-11-15 12:25:18',2.00,'COMPLETED',NULL,2.00,NULL,NULL,NULL,NULL,NULL,NULL,NULL,NULL,'exchange'),(425,435,435,1,NULL,4,2,'2019-11-15 12:27:49',2.00,'COMPLETED',NULL,2.00,NULL,NULL,NULL,NULL,NULL,NULL,NULL,NULL,'exchange'),(426,435,435,1,NULL,4,2,'2019-11-15 12:28:02',2.00,'COMPLETED',NULL,2.00,NULL,NULL,NULL,NULL,NULL,NULL,NULL,NULL,'exchange'),(427,435,435,1,NULL,6,2,'2019-11-15 12:28:36',10.00,'IN_PROCESS',NULL,10.00,NULL,NULL,NULL,NULL,NULL,NULL,NULL,NULL,'recarga'),(428,379,379,1,NULL,4,2,'2019-11-19 10:29:46',2.00,'COMPLETED',NULL,2.00,NULL,NULL,NULL,NULL,NULL,NULL,NULL,NULL,'exchange'),(429,379,379,2,NULL,7,2,'2019-11-20 16:50:43',1.01,'COMPLETED',NULL,1.04,NULL,NULL,'Destination:542612594080 SkuidID:16925',NULL,NULL,NULL,NULL,NULL,'Recharge TopUp'),(430,379,379,1,NULL,4,2,'2019-11-20 16:57:53',2.00,'COMPLETED',NULL,2.00,NULL,NULL,NULL,NULL,NULL,NULL,NULL,NULL,'exchange'),(431,379,435,1,NULL,3,2,'2019-11-20 17:12:22',10.00,'COMPLETED',NULL,10.00,NULL,NULL,NULL,NULL,NULL,NULL,NULL,NULL,'Transfer between Accounts'),(432,379,380,3,NULL,2,2,'2019-11-20 17:44:17',20.00,'COMPLETED',NULL,20.00,NULL,NULL,NULL,NULL,NULL,NULL,NULL,NULL,'Payment Shop'),(433,379,435,1,NULL,3,2,'2019-11-20 17:44:56',10.00,'COMPLETED',NULL,10.00,NULL,NULL,NULL,NULL,NULL,NULL,NULL,NULL,'Transfer between Accounts'),(434,379,379,1,NULL,4,2,'2019-11-20 17:45:21',2.00,'COMPLETED',NULL,2.00,NULL,NULL,NULL,NULL,NULL,NULL,NULL,NULL,'exchange'),(435,379,379,1,NULL,5,2,'2019-11-20 17:46:13',10.00,'IN_PROCESS',NULL,10.00,NULL,NULL,NULL,NULL,NULL,NULL,NULL,NULL,'retiro'),(436,379,379,1,NULL,6,2,'2019-11-20 17:46:42',10.00,'IN_PROCESS',NULL,10.00,NULL,NULL,NULL,NULL,NULL,NULL,NULL,NULL,'recarga'),(437,379,379,1,NULL,4,2,'2019-11-20 17:46:55',2.00,'COMPLETED',NULL,2.00,NULL,NULL,NULL,NULL,NULL,NULL,NULL,NULL,'exchange'),(438,379,379,2,NULL,7,2,'2019-11-20 17:48:25',1.01,'COMPLETED',NULL,1.04,NULL,NULL,'Destination:542612594080 SkuidID:16925',NULL,NULL,NULL,NULL,NULL,'Recharge TopUp'),(439,379,380,3,NULL,2,2,'2019-11-20 17:48:52',20.00,'COMPLETED',NULL,20.00,NULL,NULL,NULL,NULL,NULL,NULL,NULL,NULL,'Payment Shop'),(440,379,380,3,NULL,2,2,'2019-11-20 17:52:24',20.00,'COMPLETED',NULL,20.00,NULL,NULL,NULL,NULL,NULL,NULL,NULL,NULL,'Payment Shop'),(441,379,380,3,NULL,2,2,'2019-11-20 18:14:13',20.00,'COMPLETED',NULL,20.00,NULL,NULL,NULL,NULL,NULL,NULL,NULL,NULL,'Payment Shop'),(442,379,380,3,NULL,2,2,'2019-11-20 18:18:11',20.00,'COMPLETED',NULL,20.00,NULL,NULL,NULL,NULL,NULL,NULL,NULL,NULL,'Payment Shop'),(443,379,379,1,NULL,5,2,'2019-11-20 18:18:26',10.00,'IN_PROCESS',NULL,10.00,NULL,NULL,NULL,NULL,NULL,NULL,NULL,NULL,'retiro'),(444,379,435,1,NULL,3,2,'2019-11-22 09:34:25',10.00,'COMPLETED',NULL,10.00,NULL,NULL,NULL,NULL,NULL,NULL,NULL,NULL,'Transfer between Accounts'),(445,379,380,3,NULL,2,2,'2019-11-22 09:45:58',20.00,'COMPLETED',NULL,20.00,NULL,NULL,NULL,NULL,NULL,NULL,NULL,NULL,'Payment Shop'),(446,379,435,1,NULL,2,2,'2019-11-22 09:50:26',1.23,'COMPLETED',NULL,1.23,NULL,NULL,NULL,NULL,NULL,NULL,NULL,NULL,'Payment Shop'),(447,379,435,1,NULL,2,2,'2019-11-22 09:53:29',0.13,'COMPLETED',NULL,0.13,NULL,NULL,NULL,NULL,NULL,NULL,NULL,NULL,'Payment Shop'),(448,379,435,1,NULL,2,2,'2019-11-22 09:59:32',12.34,'COMPLETED',NULL,12.34,NULL,NULL,NULL,NULL,NULL,NULL,NULL,NULL,'Payment Shop'),(449,379,435,1,NULL,2,2,'2019-11-22 10:04:29',1.24,'COMPLETED',NULL,1.24,NULL,NULL,NULL,NULL,NULL,NULL,NULL,NULL,'Payment Shop'),(450,379,435,1,NULL,2,2,'2019-11-22 10:11:52',12.34,'COMPLETED',NULL,12.34,NULL,NULL,NULL,NULL,NULL,NULL,NULL,NULL,'Payment Shop'),(451,379,379,1,NULL,6,2,'2019-11-22 10:18:43',0.56,'IN_PROCESS',NULL,0.56,NULL,NULL,NULL,NULL,NULL,NULL,NULL,NULL,'q233445'),(452,379,379,1,NULL,5,2,'2019-11-22 10:19:18',0.56,'IN_PROCESS',NULL,0.56,NULL,NULL,NULL,NULL,NULL,NULL,NULL,NULL,'fffg'),(453,379,379,1,NULL,4,2,'2019-11-22 10:23:13',1.12,'COMPLETED',NULL,1.12,NULL,NULL,NULL,NULL,NULL,NULL,NULL,NULL,'cualquier cosa'),(454,379,379,1,NULL,4,2,'2019-11-22 10:23:15',1.12,'COMPLETED',NULL,1.12,NULL,NULL,NULL,NULL,NULL,NULL,NULL,NULL,'cualquier cosa'),(455,379,435,1,NULL,3,2,'2019-11-22 10:31:42',8.88,'COMPLETED',NULL,8.88,NULL,NULL,NULL,NULL,NULL,NULL,NULL,NULL,'Transfer between Accounts'),(456,379,379,2,NULL,7,2,'2019-11-22 10:39:55',3.50,'COMPLETED',NULL,3.59,NULL,NULL,'Destination:584142748070 SkuidID:26163',NULL,NULL,NULL,NULL,NULL,'Recharge TopUp'),(457,379,379,1,NULL,4,2,'2019-11-22 14:51:46',1.23,'COMPLETED',NULL,1.23,NULL,NULL,NULL,NULL,NULL,NULL,NULL,NULL,'cualquier cosa'),(458,379,379,1,NULL,4,2,'2019-11-22 14:52:30',1.23,'COMPLETED',NULL,1.23,NULL,NULL,NULL,NULL,NULL,NULL,NULL,NULL,'cualquier cosa'),(459,379,379,1,NULL,4,2,'2019-11-22 14:54:03',1.24,'COMPLETED',NULL,1.24,NULL,NULL,NULL,NULL,NULL,NULL,NULL,NULL,'cualquier cosa'),(460,379,379,1,NULL,4,2,'2019-11-22 14:55:09',1.23,'COMPLETED',NULL,1.23,NULL,NULL,NULL,NULL,NULL,NULL,NULL,NULL,'cualquier cosa'),(461,379,379,1,NULL,4,2,'2019-11-22 14:55:26',12.34,'COMPLETED',NULL,12.34,NULL,NULL,NULL,NULL,NULL,NULL,NULL,NULL,'cualquier cosa'),(462,379,379,1,NULL,4,2,'2019-11-22 14:55:29',12.34,'COMPLETED',NULL,12.34,NULL,NULL,NULL,NULL,NULL,NULL,NULL,NULL,'cualquier cosa'),(463,379,379,1,NULL,4,2,'2019-11-22 14:56:02',1.23,'COMPLETED',NULL,1.23,NULL,NULL,NULL,NULL,NULL,NULL,NULL,NULL,'cualquier cosa'),(464,379,379,1,NULL,4,2,'2019-11-22 14:59:00',1.24,'COMPLETED',NULL,1.24,NULL,NULL,NULL,NULL,NULL,NULL,NULL,NULL,'cualquier cosa'),(465,379,379,1,NULL,4,2,'2019-11-22 14:59:02',1.24,'COMPLETED',NULL,1.24,NULL,NULL,NULL,NULL,NULL,NULL,NULL,NULL,'cualquier cosa'),(466,379,379,1,NULL,4,2,'2019-11-22 15:03:36',12.34,'COMPLETED',NULL,12.34,NULL,NULL,NULL,NULL,NULL,NULL,NULL,NULL,'cualquier cosa'),(467,379,379,1,NULL,4,2,'2019-11-22 15:03:40',12.34,'COMPLETED',NULL,12.34,NULL,NULL,NULL,NULL,NULL,NULL,NULL,NULL,'cualquier cosa'),(468,379,379,1,NULL,4,2,'2019-11-22 15:13:48',1.23,'COMPLETED',NULL,1.23,NULL,NULL,NULL,NULL,NULL,NULL,NULL,NULL,'cualquier cosa'),(469,379,379,1,NULL,4,2,'2019-11-22 15:14:06',0.12,'COMPLETED',NULL,0.12,NULL,NULL,NULL,NULL,NULL,NULL,NULL,NULL,'cualquier cosa'),(470,379,379,1,NULL,4,2,'2019-11-22 15:15:24',1.26,'COMPLETED',NULL,1.26,NULL,NULL,NULL,NULL,NULL,NULL,NULL,NULL,'cualquier cosa'),(471,379,379,1,NULL,4,2,'2019-11-22 15:15:26',1.26,'COMPLETED',NULL,1.26,NULL,NULL,NULL,NULL,NULL,NULL,NULL,NULL,'cualquier cosa'),(472,379,379,1,NULL,4,2,'2019-11-22 15:15:29',1.26,'COMPLETED',NULL,1.26,NULL,NULL,NULL,NULL,NULL,NULL,NULL,NULL,'cualquier cosa'),(473,379,379,1,NULL,4,2,'2019-11-22 15:20:50',1.24,'COMPLETED',NULL,1.24,NULL,NULL,NULL,NULL,NULL,NULL,NULL,NULL,'cualquier cosa'),(474,379,379,1,NULL,4,2,'2019-11-22 15:20:54',1.24,'COMPLETED',NULL,1.24,NULL,NULL,NULL,NULL,NULL,NULL,NULL,NULL,'cualquier cosa'),(475,379,379,1,NULL,4,2,'2019-11-22 15:23:00',1.23,'COMPLETED',NULL,1.23,NULL,NULL,NULL,NULL,NULL,NULL,NULL,NULL,'cualquier cosa'),(476,379,379,1,NULL,4,2,'2019-11-22 15:23:41',1.23,'COMPLETED',NULL,1.23,NULL,NULL,NULL,NULL,NULL,NULL,NULL,NULL,'cualquier cosa'),(477,379,379,1,NULL,4,2,'2019-11-22 15:23:45',1.23,'COMPLETED',NULL,1.23,NULL,NULL,NULL,NULL,NULL,NULL,NULL,NULL,'cualquier cosa'),(478,379,379,1,NULL,4,2,'2019-11-22 15:23:47',1.23,'COMPLETED',NULL,1.23,NULL,NULL,NULL,NULL,NULL,NULL,NULL,NULL,'cualquier cosa'),(479,379,379,1,NULL,4,2,'2019-11-22 15:31:17',12.34,'COMPLETED',NULL,12.34,NULL,NULL,NULL,NULL,NULL,NULL,NULL,NULL,'cualquier cosa'),(480,379,379,1,NULL,4,2,'2019-11-22 15:43:40',12.34,'COMPLETED',NULL,12.34,NULL,NULL,NULL,NULL,NULL,NULL,NULL,NULL,'cualquier cosa'),(481,379,379,1,NULL,4,2,'2019-11-22 15:46:55',12.34,'COMPLETED',NULL,12.34,NULL,NULL,NULL,NULL,NULL,NULL,NULL,NULL,'cualquier cosa'),(482,379,379,1,NULL,4,2,'2019-11-22 15:47:22',1.24,'COMPLETED',NULL,1.24,NULL,NULL,NULL,NULL,NULL,NULL,NULL,NULL,'cualquier cosa'),(483,379,379,1,NULL,4,2,'2019-11-22 15:47:47',1.23,'COMPLETED',NULL,1.23,NULL,NULL,NULL,NULL,NULL,NULL,NULL,NULL,'cualquier cosa'),(484,379,379,1,NULL,4,2,'2019-11-22 15:54:15',1.23,'COMPLETED',NULL,1.23,NULL,NULL,NULL,NULL,NULL,NULL,NULL,NULL,'cualquier cosa'),(485,379,379,1,NULL,4,2,'2019-11-22 15:54:17',1.23,'COMPLETED',NULL,1.23,NULL,NULL,NULL,NULL,NULL,NULL,NULL,NULL,'cualquier cosa'),(486,379,379,1,NULL,4,2,'2019-11-22 15:54:39',12.34,'COMPLETED',NULL,12.34,NULL,NULL,NULL,NULL,NULL,NULL,NULL,NULL,'cualquier cosa'),(487,379,379,1,NULL,4,2,'2019-11-22 15:54:41',12.34,'COMPLETED',NULL,12.34,NULL,NULL,NULL,NULL,NULL,NULL,NULL,NULL,'cualquier cosa'),(488,379,379,1,NULL,4,2,'2019-11-22 15:58:19',0.12,'COMPLETED',NULL,0.12,NULL,NULL,NULL,NULL,NULL,NULL,NULL,NULL,'cualquier cosa'),(489,379,379,1,NULL,4,2,'2019-11-22 15:58:22',0.12,'COMPLETED',NULL,0.12,NULL,NULL,NULL,NULL,NULL,NULL,NULL,NULL,'cualquier cosa'),(490,379,379,1,NULL,4,2,'2019-11-22 15:58:25',0.12,'COMPLETED',NULL,0.12,NULL,NULL,NULL,NULL,NULL,NULL,NULL,NULL,'cualquier cosa'),(491,379,379,1,NULL,4,2,'2019-11-22 15:58:27',0.12,'COMPLETED',NULL,0.12,NULL,NULL,NULL,NULL,NULL,NULL,NULL,NULL,'cualquier cosa'),(492,379,379,1,NULL,4,2,'2019-11-22 16:02:02',1.23,'COMPLETED',NULL,1.23,NULL,NULL,NULL,NULL,NULL,NULL,NULL,NULL,'cualquier cosa'),(493,379,379,1,NULL,4,2,'2019-11-22 16:07:23',1.23,'COMPLETED',NULL,1.23,NULL,NULL,NULL,NULL,NULL,NULL,NULL,NULL,'cualquier cosa'),(494,379,379,1,NULL,4,2,'2019-11-22 16:09:13',0.12,'COMPLETED',NULL,0.12,NULL,NULL,NULL,NULL,NULL,NULL,NULL,NULL,'cualquier cosa'),(495,379,379,1,NULL,4,2,'2019-11-22 16:11:52',12.34,'COMPLETED',NULL,12.34,NULL,NULL,NULL,NULL,NULL,NULL,NULL,NULL,'cualquier cosa'),(496,379,379,1,NULL,4,2,'2019-11-22 16:14:12',1.23,'COMPLETED',NULL,1.23,NULL,NULL,NULL,NULL,NULL,NULL,NULL,NULL,'cualquier cosa'),(497,379,379,1,NULL,4,2,'2019-11-22 16:14:15',1.23,'COMPLETED',NULL,1.23,NULL,NULL,NULL,NULL,NULL,NULL,NULL,NULL,'cualquier cosa'),(498,379,379,1,NULL,4,2,'2019-11-22 16:17:01',1.23,'COMPLETED',NULL,1.23,NULL,NULL,NULL,NULL,NULL,NULL,NULL,NULL,'cualquier cosa'),(499,379,379,1,NULL,4,2,'2019-11-22 16:20:38',1.23,'COMPLETED',NULL,1.23,NULL,NULL,NULL,NULL,NULL,NULL,NULL,NULL,'cualquier cosa'),(500,379,379,1,NULL,4,2,'2019-11-22 16:20:41',1.23,'COMPLETED',NULL,1.23,NULL,NULL,NULL,NULL,NULL,NULL,NULL,NULL,'cualquier cosa'),(501,379,379,1,NULL,4,2,'2019-11-22 16:20:43',1.23,'COMPLETED',NULL,1.23,NULL,NULL,NULL,NULL,NULL,NULL,NULL,NULL,'cualquier cosa'),(502,379,379,1,NULL,4,2,'2019-11-22 16:20:46',1.23,'COMPLETED',NULL,1.23,NULL,NULL,NULL,NULL,NULL,NULL,NULL,NULL,'cualquier cosa'),(503,379,379,1,NULL,4,2,'2019-11-22 16:20:48',1.23,'COMPLETED',NULL,1.23,NULL,NULL,NULL,NULL,NULL,NULL,NULL,NULL,'cualquier cosa'),(504,379,379,1,NULL,4,2,'2019-11-22 16:20:52',1.23,'COMPLETED',NULL,1.23,NULL,NULL,NULL,NULL,NULL,NULL,NULL,NULL,'cualquier cosa'),(505,379,379,1,NULL,4,2,'2019-11-22 16:20:54',1.23,'COMPLETED',NULL,1.23,NULL,NULL,NULL,NULL,NULL,NULL,NULL,NULL,'cualquier cosa'),(506,379,379,1,NULL,4,2,'2019-11-22 16:21:28',12.34,'COMPLETED',NULL,12.34,NULL,NULL,NULL,NULL,NULL,NULL,NULL,NULL,'cualquier cosa'),(507,379,379,1,NULL,4,2,'2019-11-22 16:21:31',12.34,'COMPLETED',NULL,12.34,NULL,NULL,NULL,NULL,NULL,NULL,NULL,NULL,'cualquier cosa'),(508,379,379,1,NULL,4,2,'2019-11-22 16:21:33',12.34,'COMPLETED',NULL,12.34,NULL,NULL,NULL,NULL,NULL,NULL,NULL,NULL,'cualquier cosa'),(509,379,379,1,NULL,4,2,'2019-11-22 16:21:36',12.34,'COMPLETED',NULL,12.34,NULL,NULL,NULL,NULL,NULL,NULL,NULL,NULL,'cualquier cosa'),(510,379,379,1,NULL,4,2,'2019-11-22 16:21:38',12.34,'COMPLETED',NULL,12.34,NULL,NULL,NULL,NULL,NULL,NULL,NULL,NULL,'cualquier cosa'),(511,379,379,1,NULL,4,2,'2019-11-22 16:23:49',1.23,'COMPLETED',NULL,1.23,NULL,NULL,NULL,NULL,NULL,NULL,NULL,NULL,'cualquier cosa'),(512,379,379,1,NULL,4,2,'2019-11-22 16:25:25',1.23,'COMPLETED',NULL,1.23,NULL,NULL,NULL,NULL,NULL,NULL,NULL,NULL,'cualquier cosa'),(513,379,379,1,NULL,4,2,'2019-11-22 16:28:19',1.23,'COMPLETED',NULL,1.23,NULL,NULL,NULL,NULL,NULL,NULL,NULL,NULL,'cualquier cosa'),(514,379,379,1,NULL,4,2,'2019-11-22 16:31:09',1.23,'COMPLETED',NULL,1.23,NULL,NULL,NULL,NULL,NULL,NULL,NULL,NULL,'cualquier cosa'),(515,379,379,1,NULL,4,2,'2019-11-22 16:31:29',0.12,'COMPLETED',NULL,0.12,NULL,NULL,NULL,NULL,NULL,NULL,NULL,NULL,'cualquier cosa'),(516,379,379,1,NULL,4,2,'2019-11-22 16:34:54',1.23,'COMPLETED',NULL,1.23,NULL,NULL,NULL,NULL,NULL,NULL,NULL,NULL,'cualquier cosa'),(517,379,379,1,NULL,4,2,'2019-11-22 16:36:29',1.34,'COMPLETED',NULL,1.34,NULL,NULL,NULL,NULL,NULL,NULL,NULL,NULL,'cualquier cosa'),(518,379,379,1,NULL,4,2,'2019-11-22 16:36:53',12.34,'COMPLETED',NULL,12.34,NULL,NULL,NULL,NULL,NULL,NULL,NULL,NULL,'cualquier cosa'),(519,379,379,1,NULL,4,2,'2019-11-22 16:37:22',1.24,'COMPLETED',NULL,1.24,NULL,NULL,NULL,NULL,NULL,NULL,NULL,NULL,'cualquier cosa'),(520,379,379,1,NULL,4,2,'2019-11-22 16:42:32',12.34,'COMPLETED',NULL,12.34,NULL,NULL,NULL,NULL,NULL,NULL,NULL,NULL,'cualquier cosa'),(521,379,379,1,NULL,4,2,'2019-11-22 16:44:37',1.23,'COMPLETED',NULL,1.23,NULL,NULL,NULL,NULL,NULL,NULL,NULL,NULL,'cualquier cosa'),(522,379,379,1,NULL,4,2,'2019-11-22 16:46:16',1.23,'COMPLETED',NULL,1.23,NULL,NULL,NULL,NULL,NULL,NULL,NULL,NULL,'cualquier cosa'),(523,379,379,1,NULL,5,2,'2019-11-27 14:41:18',0.55,'IN_PROCESS',NULL,0.55,NULL,NULL,NULL,NULL,NULL,NULL,NULL,NULL,'gghhh'),(524,379,379,1,NULL,4,2,'2019-12-04 09:42:36',2.00,'COMPLETED',NULL,2.00,NULL,NULL,NULL,NULL,NULL,NULL,NULL,NULL,'exchange'),(525,379,379,1,NULL,4,2,'2019-12-04 09:50:06',2.00,'COMPLETED',NULL,2.00,NULL,NULL,NULL,NULL,NULL,NULL,NULL,NULL,'exchange'),(526,379,379,1,NULL,4,2,'2019-12-04 09:53:18',2.00,'COMPLETED',NULL,2.00,NULL,NULL,NULL,NULL,NULL,NULL,NULL,NULL,'exchange'),(528,379,379,1,NULL,4,2,'2019-12-04 10:11:20',2.00,'COMPLETED',NULL,2.00,NULL,NULL,NULL,NULL,NULL,NULL,NULL,NULL,'exchange'),(529,379,435,3,NULL,3,2,'2020-01-17 14:18:58',1.00,'COMPLETED',NULL,1.00,NULL,NULL,NULL,NULL,NULL,NULL,NULL,NULL,'Transfer between Accounts'),(530,379,435,3,NULL,3,2,'2020-01-17 14:55:27',0.12,'COMPLETED',NULL,0.12,NULL,NULL,NULL,NULL,NULL,NULL,NULL,NULL,'Transfer between Accounts'),(531,379,435,3,NULL,3,2,'2020-01-17 14:57:38',0.55,'COMPLETED',NULL,0.55,NULL,NULL,NULL,NULL,NULL,NULL,NULL,NULL,'Transfer between Accounts'),(532,379,435,3,NULL,3,2,'2020-01-17 15:02:37',0.55,'COMPLETED',NULL,0.55,NULL,NULL,NULL,NULL,NULL,NULL,NULL,NULL,'Transfer between Accounts'),(533,379,379,1,NULL,6,2,'2020-01-17 15:09:55',0.22,'IN_PROCESS',NULL,0.22,NULL,NULL,NULL,NULL,NULL,NULL,NULL,NULL,'wwffg'),(534,379,379,1,NULL,5,2,'2020-01-17 15:10:15',12.33,'IN_PROCESS',NULL,12.33,NULL,NULL,NULL,NULL,NULL,NULL,NULL,NULL,'fggh'),(535,379,435,3,NULL,3,2,'2020-01-17 15:11:02',0.05,'COMPLETED',NULL,0.05,NULL,NULL,NULL,NULL,NULL,NULL,NULL,NULL,'Transfer between Accounts'),(536,379,435,3,NULL,3,2,'2020-01-17 15:12:55',0.05,'COMPLETED',NULL,0.05,NULL,NULL,NULL,NULL,NULL,NULL,NULL,NULL,'Transfer between Accounts'),(537,379,435,3,NULL,3,2,'2020-01-17 16:49:33',0.55,'COMPLETED',NULL,0.55,NULL,NULL,NULL,NULL,NULL,NULL,NULL,NULL,'Transfer between Accounts'),(538,379,435,3,NULL,3,2,'2020-01-17 16:58:38',0.55,'COMPLETED',NULL,0.55,NULL,NULL,NULL,NULL,NULL,NULL,NULL,NULL,'Transfer between Accounts'),(539,379,379,1,NULL,4,2,'2020-01-17 17:03:30',2.00,'COMPLETED',NULL,2.00,NULL,NULL,NULL,NULL,NULL,NULL,NULL,NULL,'exchange'),(540,379,379,3,NULL,4,2,'2020-01-17 17:09:11',11.11,'COMPLETED',NULL,11.11,NULL,NULL,NULL,NULL,NULL,NULL,NULL,NULL,'cualquier cosa'),(541,379,379,2,NULL,6,2,'2020-01-18 14:25:29',100.00,'CREATED',NULL,100.00,NULL,NULL,NULL,NULL,NULL,NULL,NULL,NULL,'100'),(542,379,379,1,NULL,5,2,'2020-01-18 14:25:54',10.00,'IN_PROCESS',NULL,10.00,NULL,NULL,NULL,NULL,NULL,NULL,NULL,NULL,'pago'),(543,379,379,1,NULL,6,2,'2020-01-18 15:12:26',10.00,'IN_PROCESS',NULL,10.00,NULL,NULL,NULL,NULL,NULL,NULL,NULL,NULL,'pago'),(544,379,379,1,NULL,5,2,'2020-01-18 15:12:50',1500.00,'IN_PROCESS',NULL,1500.00,NULL,NULL,NULL,NULL,NULL,NULL,NULL,NULL,'pGo'),(545,379,379,3,NULL,4,2,'2020-01-18 15:13:14',10.00,'COMPLETED',NULL,10.00,NULL,NULL,NULL,NULL,NULL,NULL,NULL,NULL,'cualquier cosa'),(546,379,379,1,NULL,6,2,'2020-01-18 16:06:23',10.00,'IN_PROCESS',NULL,10.00,NULL,NULL,NULL,NULL,NULL,NULL,NULL,NULL,'pago '),(547,379,379,3,NULL,4,2,'2020-01-18 16:12:23',100.00,'COMPLETED',NULL,100.00,NULL,NULL,NULL,NULL,NULL,NULL,NULL,NULL,'cualquier cosa'),(548,379,435,3,NULL,3,2,'2020-01-18 16:16:46',200.00,'COMPLETED',NULL,200.00,NULL,NULL,NULL,NULL,NULL,NULL,NULL,NULL,'Transfer between Accounts'),(549,379,435,1,NULL,3,2,'2020-01-18 16:18:28',100.00,'COMPLETED',NULL,100.00,NULL,NULL,NULL,NULL,NULL,NULL,NULL,NULL,'Transfer between Accounts'),(550,379,379,2,NULL,7,2,'2020-01-18 16:21:28',1.49,'COMPLETED',NULL,1.53,NULL,NULL,'Destination:584241934005 SkuidID:26163',NULL,NULL,NULL,NULL,NULL,'Recharge TopUp'),(551,379,379,2,NULL,7,2,'2020-01-18 16:24:19',0.40,'COMPLETED',NULL,0.41,NULL,NULL,'Destination:584168148361 SkuidID:26210',NULL,NULL,NULL,NULL,NULL,'Recharge TopUp'),(552,379,379,1,NULL,5,2,'2020-01-19 13:56:51',180.00,'IN_PROCESS',NULL,180.00,NULL,NULL,NULL,NULL,NULL,NULL,NULL,NULL,'prueba retiro '),(560,379,379,2,NULL,7,2,'2020-01-19 16:38:15',1.01,'FAILED',NULL,1.04,NULL,NULL,'Destination:5353693280 SkuidID:16925',NULL,NULL,NULL,NULL,NULL,'Recharge TopUp'),(561,379,379,2,NULL,7,2,'2020-01-19 16:39:29',1.49,'COMPLETED',NULL,1.53,NULL,NULL,'Destination:584241934005 SkuidID:26163',NULL,NULL,NULL,NULL,NULL,'Recharge TopUp'),(562,379,441,2,NULL,3,2,'2020-01-19 16:40:35',20.00,'COMPLETED',NULL,20.00,NULL,NULL,NULL,NULL,NULL,NULL,NULL,NULL,'Transfer between Accounts'),(563,379,379,1,NULL,4,2,'2020-01-19 16:41:14',20.00,'COMPLETED',NULL,20.00,NULL,NULL,NULL,NULL,NULL,NULL,NULL,NULL,'cualquier cosa'),(564,379,379,2,NULL,7,2,'2020-01-19 16:44:28',1.49,'FAILED',NULL,1.53,NULL,NULL,'Destination:584241934005 SkuidID:26163',NULL,NULL,NULL,NULL,NULL,'Recharge TopUp'),(565,379,379,2,NULL,7,2,'2020-01-19 16:44:50',1.49,'FAILED',NULL,1.53,NULL,NULL,'Destination:584241934005 SkuidID:26163',NULL,NULL,NULL,NULL,NULL,'Recharge TopUp'),(566,379,379,2,NULL,7,2,'2020-01-19 16:46:36',11.00,'COMPLETED',NULL,11.28,NULL,NULL,'Destination:5353693280 SkuidID:8825',NULL,NULL,NULL,NULL,NULL,'Recharge TopUp'),(567,455,455,2,NULL,6,2,'2020-01-19 19:34:50',12000.00,'IN_PROCESS',NULL,12000.00,NULL,NULL,NULL,NULL,NULL,NULL,NULL,NULL,'pago'),(568,455,455,1,NULL,6,2,'2020-01-19 19:35:18',18000.00,'IN_PROCESS',NULL,18000.00,NULL,NULL,NULL,NULL,NULL,NULL,NULL,NULL,'recarga'),(569,455,455,2,NULL,7,2,'2020-01-19 19:37:48',1.49,'FAILED',NULL,1.53,NULL,NULL,'Destination:584241934005 SkuidID:26163',NULL,NULL,NULL,NULL,NULL,'Recharge TopUp'),(570,455,455,2,NULL,7,2,'2020-01-19 19:38:47',10.20,'COMPLETED',NULL,10.46,NULL,NULL,'Destination:5353693280 SkuidID:8825',NULL,NULL,NULL,NULL,NULL,'Recharge TopUp'),(571,456,456,1,NULL,6,2,'2020-01-19 21:26:05',100.00,'IN_PROCESS',NULL,100.00,NULL,NULL,NULL,NULL,NULL,NULL,NULL,NULL,'pago'),(572,456,456,2,NULL,6,2,'2020-01-19 21:26:30',12000.00,'IN_PROCESS',NULL,12000.00,NULL,NULL,NULL,NULL,NULL,NULL,NULL,NULL,'kdkd'),(573,456,455,2,NULL,3,2,'2020-01-19 21:32:56',20.00,'COMPLETED',NULL,20.00,NULL,NULL,NULL,NULL,NULL,NULL,NULL,NULL,'Transfer between Accounts'),(574,379,379,2,NULL,7,2,'2020-01-22 10:05:04',50.00,'FAILED',NULL,51.25,NULL,NULL,'Destination:59898119191 SkuidID:25149',NULL,NULL,NULL,NULL,NULL,'Recharge TopUp'),(575,456,456,2,NULL,7,2,'2020-01-22 10:11:23',50.00,'FAILED',NULL,51.25,NULL,NULL,'Destination:59898119191 SkuidID:25149',NULL,NULL,NULL,NULL,NULL,'Recharge TopUp'),(576,456,456,2,NULL,7,2,'2020-01-22 10:13:02',50.00,'FAILED',NULL,51.25,NULL,NULL,'Destination:59898119191 SkuidID:25149',NULL,NULL,NULL,NULL,NULL,'Recharge TopUp'),(577,456,456,2,NULL,7,2,'2020-01-22 10:13:37',60.00,'FAILED',NULL,61.50,NULL,NULL,'Destination:59898119191 SkuidID:25149',NULL,NULL,NULL,NULL,NULL,'Recharge TopUp'),(578,379,379,2,NULL,7,2,'2020-01-22 10:23:50',50.00,'FAILED',NULL,51.25,NULL,NULL,'Destination:59898119191 SkuidID:25149',NULL,NULL,NULL,NULL,NULL,'Recharge TopUp'),(579,379,379,2,NULL,7,2,'2020-01-22 10:26:52',200.00,'FAILED',NULL,205.00,NULL,NULL,'Destination:59898119191 SkuidID:25149',NULL,NULL,NULL,NULL,NULL,'Recharge TopUp'),(580,379,379,2,NULL,7,2,'2020-01-22 10:27:56',200.00,'FAILED',NULL,205.00,NULL,NULL,'Destination:59898119191 SkuidID:25149',NULL,NULL,NULL,NULL,NULL,'Recharge TopUp'),(581,379,379,2,NULL,7,2,'2020-01-22 10:28:08',200.00,'FAILED',NULL,205.00,NULL,NULL,'Destination:59898119191 SkuidID:25149',NULL,NULL,NULL,NULL,NULL,'Recharge TopUp'),(582,379,379,2,NULL,7,2,'2020-01-22 10:28:43',200.00,'FAILED',NULL,205.00,NULL,NULL,'Destination:59898119191 SkuidID:25149',NULL,NULL,NULL,NULL,NULL,'Recharge TopUp'),(583,379,379,2,NULL,7,2,'2020-01-22 10:33:17',380.00,'FAILED',NULL,389.50,NULL,NULL,'Destination:59898119191 SkuidID:25149',NULL,NULL,NULL,NULL,NULL,'Recharge TopUp'),(584,379,379,2,NULL,7,2,'2020-01-22 10:38:38',380.00,'FAILED',NULL,389.50,NULL,NULL,'Destination:59898119191 SkuidID:25149',NULL,NULL,NULL,NULL,NULL,'Recharge TopUp'),(585,379,379,2,NULL,7,2,'2020-01-22 10:39:15',50.00,'FAILED',NULL,51.25,NULL,NULL,'Destination:59898119191 SkuidID:25149',NULL,NULL,NULL,NULL,NULL,'Recharge TopUp'),(586,379,379,2,NULL,7,2,'2020-01-22 10:50:34',200.00,'FAILED',NULL,205.00,NULL,NULL,'Destination:59898119191 SkuidID:25149',NULL,NULL,NULL,NULL,NULL,'Recharge TopUp'),(587,379,379,2,NULL,7,2,'2020-01-22 11:39:06',2.00,'COMPLETED',NULL,2.05,NULL,NULL,'Destination:59898119191 SkuidID:25149',NULL,NULL,NULL,NULL,NULL,'Recharge TopUp'),(588,379,379,2,NULL,7,2,'2020-01-22 11:43:11',10.00,'COMPLETED',NULL,10.25,NULL,NULL,'Destination:5353693280 SkuidID:8825',NULL,NULL,NULL,NULL,NULL,'Recharge TopUp'),(589,379,379,2,NULL,7,2,'2020-01-22 13:44:51',10.00,'COMPLETED',NULL,10.25,NULL,NULL,'Destination:59898119191 SkuidID:25149',NULL,NULL,NULL,NULL,NULL,'Recharge TopUp'),(590,379,456,3,NULL,8,5,'2020-01-27 11:06:26',1.00,'CREATED',NULL,1.00,NULL,NULL,NULL,NULL,NULL,NULL,NULL,NULL,'Transfer card to card'),(591,379,456,3,NULL,8,5,'2020-01-27 11:28:19',1.00,'CREATED',NULL,1.00,NULL,NULL,NULL,NULL,NULL,NULL,NULL,NULL,'Transfer card to card'),(592,379,458,3,NULL,8,5,'2020-01-27 12:55:13',1.00,'COMPLETED',NULL,1.00,NULL,NULL,NULL,NULL,NULL,NULL,NULL,NULL,'Transfer card to card'),(593,379,458,3,NULL,8,5,'2020-01-27 13:21:48',1.00,'COMPLETED',NULL,1.00,NULL,NULL,NULL,NULL,NULL,NULL,NULL,NULL,'Transfer card to card'),(594,379,458,3,NULL,8,5,'2020-01-27 13:24:16',1.00,'COMPLETED',NULL,1.00,NULL,NULL,NULL,NULL,NULL,NULL,NULL,NULL,'Transfer card to card'),(595,379,458,3,NULL,8,5,'2020-01-27 13:30:19',1.00,'COMPLETED',NULL,1.00,NULL,NULL,NULL,NULL,NULL,NULL,NULL,NULL,'Transfer card to card'),(596,456,379,3,NULL,8,5,'2020-01-27 14:51:47',0.01,'COMPLETED',NULL,0.01,NULL,NULL,NULL,NULL,NULL,NULL,NULL,NULL,'Transfer card to card'),(597,456,379,3,NULL,8,5,'2020-01-27 14:53:21',0.01,'COMPLETED',NULL,0.01,NULL,NULL,NULL,NULL,NULL,NULL,NULL,NULL,'Transfer card to card'),(598,379,458,3,NULL,8,5,'2020-01-27 14:55:55',0.01,'COMPLETED',NULL,0.01,NULL,NULL,NULL,NULL,NULL,NULL,NULL,NULL,'Transfer card to card'),(599,456,379,3,NULL,8,5,'2020-01-27 14:57:30',0.01,'COMPLETED',NULL,0.01,NULL,NULL,NULL,NULL,NULL,NULL,NULL,NULL,'Transfer card to card'),(600,456,458,3,NULL,8,5,'2020-01-27 14:59:24',0.01,'COMPLETED',NULL,0.01,NULL,NULL,NULL,NULL,NULL,NULL,NULL,NULL,'Transfer card to card'),(601,456,458,3,NULL,8,5,'2020-01-27 15:09:50',0.01,'COMPLETED',NULL,0.01,NULL,NULL,NULL,NULL,NULL,NULL,NULL,NULL,'Transfer card to card'),(602,456,379,3,NULL,8,5,'2020-01-27 15:15:22',0.01,'COMPLETED',NULL,0.01,NULL,NULL,NULL,NULL,NULL,NULL,NULL,NULL,'Transfer card to card'),(603,458,379,3,NULL,8,5,'2020-01-27 15:18:27',0.01,'COMPLETED',NULL,0.01,NULL,NULL,NULL,NULL,NULL,NULL,NULL,NULL,'Transfer card to card'),(604,458,379,3,NULL,8,5,'2020-01-27 15:25:22',0.01,'COMPLETED',NULL,0.01,NULL,NULL,NULL,NULL,NULL,NULL,NULL,NULL,'Transfer card to card'),(605,379,458,3,NULL,8,5,'2020-01-27 15:30:52',0.01,'COMPLETED',NULL,0.01,NULL,NULL,NULL,NULL,NULL,NULL,NULL,NULL,'Transfer card to card'),(606,458,379,3,NULL,8,5,'2020-01-27 15:50:36',0.01,'COMPLETED',NULL,0.01,NULL,NULL,NULL,NULL,NULL,NULL,NULL,NULL,'Transfer card to card'),(607,458,379,3,NULL,8,5,'2020-01-27 16:17:21',0.01,'COMPLETED',NULL,0.01,NULL,NULL,NULL,NULL,NULL,NULL,NULL,NULL,'Transfer card to card'),(608,458,379,3,NULL,8,5,'2020-01-28 09:29:12',0.01,'COMPLETED',NULL,0.01,NULL,NULL,NULL,NULL,NULL,NULL,NULL,NULL,'Transfer card to card'),(609,379,458,3,NULL,8,5,'2020-02-04 16:09:33',0.01,'COMPLETED',NULL,0.01,NULL,NULL,NULL,NULL,NULL,NULL,NULL,NULL,'Transfer card to card'),(610,379,458,3,NULL,8,5,'2020-02-04 16:12:52',0.01,'COMPLETED',NULL,0.01,NULL,NULL,NULL,NULL,NULL,NULL,NULL,NULL,'Transfer card to card'),(611,379,458,3,NULL,8,5,'2020-02-04 16:14:19',0.01,'COMPLETED',NULL,0.01,NULL,NULL,NULL,NULL,NULL,NULL,NULL,NULL,'Transfer card to card'),(612,379,456,3,NULL,8,5,'2020-02-04 16:15:49',1.00,'COMPLETED',NULL,1.00,NULL,NULL,NULL,NULL,NULL,NULL,NULL,NULL,'Transfer card to card'),(613,379,456,3,NULL,8,5,'2020-02-04 16:27:57',1.00,'COMPLETED',NULL,1.00,NULL,NULL,NULL,NULL,NULL,NULL,NULL,NULL,'Transfer card to card'),(614,379,456,3,NULL,8,5,'2020-02-07 10:56:38',0.01,'COMPLETED',NULL,0.01,NULL,NULL,NULL,NULL,NULL,NULL,NULL,NULL,'Transfer card to card'),(615,379,458,3,NULL,8,5,'2020-02-07 11:01:13',0.01,'COMPLETED',NULL,0.01,NULL,NULL,NULL,NULL,NULL,NULL,NULL,NULL,'Transfer card to card'),(616,379,456,3,NULL,8,5,'2020-02-07 11:04:35',0.01,'COMPLETED',NULL,0.01,NULL,NULL,NULL,NULL,NULL,NULL,NULL,NULL,'Transfer card to card'),(617,379,455,3,NULL,8,5,'2020-02-07 11:13:11',0.01,'COMPLETED',NULL,0.01,NULL,NULL,NULL,NULL,NULL,NULL,NULL,NULL,'Transfer card to card'),(618,379,456,3,NULL,8,5,'2020-02-07 11:14:57',0.01,'COMPLETED',NULL,0.01,NULL,NULL,NULL,NULL,NULL,NULL,NULL,NULL,'Transfer card to card'),(619,379,458,3,NULL,8,5,'2020-02-07 11:16:35',0.01,'COMPLETED',NULL,0.01,NULL,NULL,NULL,NULL,NULL,NULL,NULL,NULL,'Transfer card to card'),(620,379,458,3,NULL,8,5,'2020-02-07 11:50:29',20.00,'COMPLETED',NULL,20.00,NULL,NULL,NULL,NULL,NULL,NULL,NULL,NULL,'Transfer card to card'),(621,379,455,3,NULL,8,5,'2020-02-07 11:51:23',20.00,'COMPLETED',NULL,20.00,NULL,NULL,NULL,NULL,NULL,NULL,NULL,NULL,'Transfer card to card'),(622,379,379,2,NULL,7,2,'2020-02-10 10:01:01',1.46,'COMPLETED',NULL,1.50,NULL,NULL,'Destination:584241934005 SkuidID:26163',NULL,NULL,NULL,NULL,NULL,'Recharge TopUp'),(623,379,379,2,NULL,4,2,'2020-02-10 10:02:18',100.00,'COMPLETED',NULL,100.00,NULL,NULL,NULL,NULL,NULL,NULL,NULL,NULL,'cualquier cosa'),(624,379,458,1,NULL,3,2,'2020-02-10 10:03:40',10.00,'COMPLETED',NULL,10.00,NULL,NULL,NULL,NULL,NULL,NULL,NULL,NULL,'Transfer between Accounts'),(625,379,456,3,NULL,8,5,'2020-02-10 16:03:34',0.01,'COMPLETED',NULL,0.01,NULL,NULL,NULL,NULL,NULL,NULL,NULL,NULL,'Transfer card to card'),(626,379,456,3,NULL,8,5,'2020-02-10 16:07:23',0.01,'COMPLETED',NULL,0.01,NULL,NULL,NULL,NULL,NULL,NULL,NULL,NULL,'Transfer card to card'),(627,379,456,3,NULL,8,5,'2020-02-10 16:09:21',0.01,'COMPLETED',NULL,0.01,NULL,NULL,NULL,NULL,NULL,NULL,NULL,NULL,'Transfer card to card'),(628,455,456,3,NULL,8,5,'2020-02-19 16:45:13',0.12,'COMPLETED',NULL,0.12,NULL,NULL,NULL,NULL,NULL,NULL,NULL,NULL,'Transfer card to card'),(629,455,456,3,NULL,8,5,'2020-02-19 17:27:26',2.00,'COMPLETED',NULL,2.00,NULL,NULL,NULL,NULL,NULL,NULL,NULL,NULL,'Transfer card to card'),(630,456,455,3,NULL,8,5,'2020-02-19 18:00:54',0.15,'COMPLETED',NULL,0.15,NULL,NULL,NULL,NULL,NULL,NULL,NULL,NULL,'Transfer card to card'),(631,455,455,1,NULL,4,2,'2020-02-19 18:02:56',1.00,'COMPLETED',NULL,1.00,NULL,NULL,NULL,NULL,NULL,NULL,NULL,NULL,'cualquier cosa'),(632,455,456,3,NULL,8,5,'2020-02-19 19:13:15',0.01,'COMPLETED',NULL,0.01,NULL,NULL,NULL,NULL,NULL,NULL,NULL,NULL,'Transfer card to card'),(633,455,456,2,NULL,3,2,'2020-02-26 18:36:52',20.00,'COMPLETED',NULL,20.00,NULL,NULL,NULL,NULL,NULL,NULL,NULL,NULL,'Transfer between Accounts'),(634,379,379,1,NULL,6,2,'2020-03-04 14:35:35',5.55,'IN_PROCESS',NULL,5.55,NULL,NULL,NULL,NULL,NULL,NULL,NULL,NULL,'prueba'),(635,379,379,1,NULL,5,2,'2020-03-04 14:37:14',55.55,'IN_PROCESS',NULL,55.55,NULL,NULL,NULL,NULL,NULL,NULL,NULL,NULL,'Prueba'),(636,379,379,1,NULL,4,2,'2020-03-04 14:40:08',4.44,'COMPLETED',NULL,4.44,NULL,NULL,NULL,NULL,NULL,NULL,NULL,NULL,'cualquier cosa'),(637,379,458,1,NULL,3,2,'2020-03-04 14:44:14',0.11,'COMPLETED',NULL,0.11,NULL,NULL,NULL,NULL,NULL,NULL,NULL,NULL,'Transfer between Accounts'),(638,379,379,2,NULL,7,2,'2020-03-04 14:47:53',3.87,'COMPLETED',NULL,3.97,NULL,NULL,'Destination:584142745678 SkuidID:26574',NULL,NULL,NULL,NULL,NULL,'Recharge TopUp'),(639,379,379,2,NULL,4,2,'2020-03-04 16:16:51',1000.00,'COMPLETED',NULL,1000.00,NULL,NULL,NULL,NULL,NULL,NULL,NULL,NULL,'cualquier cosa'),(640,379,379,1,NULL,4,2,'2020-03-04 16:17:42',50.00,'COMPLETED',NULL,50.00,NULL,NULL,NULL,NULL,NULL,NULL,NULL,NULL,'cualquier cosa'),(641,379,379,1,NULL,6,2,'2020-03-04 20:19:32',0.01,'IN_PROCESS',NULL,0.01,NULL,NULL,NULL,NULL,NULL,NULL,NULL,NULL,'hola'),(642,379,379,1,NULL,5,2,'2020-03-04 20:21:39',0.01,'IN_PROCESS',NULL,0.01,NULL,NULL,NULL,NULL,NULL,NULL,NULL,NULL,'Hola'),(643,379,379,1,NULL,4,2,'2020-03-04 20:22:20',10.00,'COMPLETED',NULL,10.00,NULL,NULL,NULL,NULL,NULL,NULL,NULL,NULL,'cualquier cosa'),(644,379,458,1,NULL,3,2,'2020-03-04 20:23:00',10.00,'COMPLETED',NULL,10.00,NULL,NULL,NULL,NULL,NULL,NULL,NULL,NULL,'Transfer between Accounts'),(645,379,379,1,NULL,7,2,'2020-03-04 20:23:59',3.87,'COMPLETED',NULL,4.87,NULL,NULL,'Destination:584241934005 SkuidID:26574',NULL,NULL,NULL,NULL,NULL,'Recharge TopUp'),(646,379,402,1,NULL,2,2,'2020-03-04 20:27:24',1.00,'COMPLETED',NULL,1.00,NULL,NULL,NULL,NULL,NULL,NULL,NULL,NULL,'Payment Shop'),(648,379,379,1,NULL,4,2,'2020-03-05 09:41:14',150000.00,'COMPLETED',NULL,150000.00,NULL,NULL,NULL,NULL,NULL,NULL,NULL,NULL,'cualquier cosa'),(649,379,379,1,NULL,4,2,'2020-03-05 09:45:41',70000.00,'COMPLETED',NULL,70000.00,NULL,NULL,NULL,NULL,NULL,NULL,NULL,NULL,'cualquier cosa'),(650,379,379,3,NULL,4,2,'2020-03-05 10:57:08',1.00,'COMPLETED',NULL,1.00,NULL,NULL,NULL,NULL,NULL,NULL,NULL,NULL,'cualquier cosa'),(651,379,402,1,NULL,2,2,'2020-03-05 11:22:13',100.00,'COMPLETED',NULL,100.00,NULL,NULL,NULL,NULL,NULL,NULL,NULL,NULL,'Payment Shop'),(652,379,379,1,NULL,4,2,'2020-03-05 11:36:37',20000.00,'COMPLETED',NULL,20000.00,NULL,NULL,NULL,NULL,NULL,NULL,NULL,NULL,'cualquier cosa'),(653,379,458,3,NULL,3,2,'2020-03-05 11:39:04',0.01,'COMPLETED',NULL,0.01,NULL,NULL,NULL,NULL,NULL,NULL,NULL,NULL,'Transfer between Accounts'),(654,379,458,2,NULL,9,2,'2020-03-05 13:46:04',20.00,'COMPLETED',NULL,20.00,NULL,NULL,NULL,NULL,NULL,NULL,NULL,NULL,'Transfer Remittance'),(655,379,20,2,NULL,9,2,'2020-03-05 14:07:48',2.00,'COMPLETED',NULL,2.00,NULL,NULL,NULL,NULL,NULL,NULL,NULL,NULL,'Transfer Remittance'),(656,379,458,2,NULL,9,2,'2020-03-05 14:08:05',2.00,'COMPLETED',NULL,2.00,NULL,NULL,NULL,NULL,NULL,NULL,NULL,NULL,'Transfer Remittance'),(657,379,458,2,NULL,9,2,'2020-03-05 14:27:03',2.00,'COMPLETED',NULL,2.00,NULL,NULL,NULL,NULL,NULL,NULL,NULL,NULL,'Transfer Remittance'),(658,379,458,2,NULL,9,2,'2020-03-05 14:37:41',2.00,'COMPLETED',NULL,2.00,NULL,NULL,NULL,NULL,NULL,NULL,NULL,NULL,'Transfer Remittance'),(659,379,NULL,2,NULL,9,2,'2020-03-09 16:56:23',2.00,'COMPLETED',NULL,2.00,NULL,NULL,NULL,NULL,NULL,NULL,NULL,NULL,'Transfer Remittance'),(660,379,NULL,2,NULL,9,2,'2020-03-09 16:56:40',2.00,'COMPLETED',NULL,2.00,NULL,NULL,NULL,NULL,NULL,NULL,NULL,NULL,'Transfer Remittance'),(661,379,NULL,2,NULL,9,2,'2020-03-09 16:56:52',2.00,'COMPLETED',NULL,2.00,NULL,NULL,NULL,NULL,NULL,NULL,NULL,NULL,'Transfer Remittance'),(663,379,NULL,2,NULL,9,2,'2020-03-09 17:03:05',2.00,'COMPLETED',NULL,2.00,NULL,NULL,NULL,NULL,NULL,NULL,NULL,NULL,'Transfer Remittance'),(664,379,NULL,2,NULL,9,2,'2020-03-09 17:07:21',2.00,'COMPLETED',NULL,2.00,NULL,NULL,NULL,NULL,NULL,NULL,NULL,NULL,'Transfer Remittance'),(665,379,NULL,2,NULL,9,2,'2020-03-09 17:15:33',2.00,'COMPLETED',NULL,2.00,NULL,NULL,NULL,NULL,NULL,NULL,NULL,NULL,'Transfer Remittance'),(666,379,NULL,2,NULL,9,2,'2020-03-09 17:20:17',2.00,'COMPLETED',NULL,2.00,NULL,NULL,NULL,NULL,NULL,NULL,NULL,NULL,'Transfer Remittance'),(667,379,NULL,2,NULL,9,2,'2020-03-09 17:23:28',2.00,'COMPLETED',NULL,2.00,NULL,NULL,NULL,NULL,NULL,NULL,NULL,NULL,'Transfer Remittance'),(669,379,NULL,2,NULL,9,2,'2020-03-09 17:29:16',2.00,'COMPLETED',NULL,2.00,NULL,NULL,NULL,NULL,NULL,NULL,NULL,NULL,'Transfer Remittance'),(671,379,NULL,2,NULL,9,2,'2020-03-09 17:44:29',2.00,'COMPLETED',NULL,2.00,NULL,NULL,NULL,NULL,NULL,NULL,NULL,NULL,'Transfer Remittance'),(673,379,NULL,2,NULL,9,2,'2020-03-10 09:55:39',2.00,'COMPLETED',NULL,2.00,NULL,NULL,NULL,NULL,NULL,NULL,NULL,NULL,'Transfer Remittance'),(676,379,NULL,2,NULL,9,2,'2020-03-10 10:07:19',2.00,'COMPLETED',NULL,2.00,NULL,NULL,NULL,NULL,NULL,NULL,NULL,NULL,'Transfer Remittance'),(677,379,NULL,2,NULL,9,2,'2020-03-10 10:09:15',2.00,'COMPLETED',NULL,2.00,NULL,NULL,NULL,NULL,NULL,NULL,NULL,NULL,'Transfer Remittance'),(678,379,NULL,2,NULL,9,2,'2020-03-10 10:16:39',2.00,'COMPLETED',NULL,2.00,NULL,NULL,NULL,NULL,NULL,NULL,NULL,NULL,'Transfer Remittance'),(679,379,NULL,2,NULL,9,2,'2020-03-10 10:52:56',2.00,'COMPLETED',NULL,2.00,NULL,NULL,NULL,NULL,NULL,NULL,NULL,NULL,'Transfer Remittance'),(680,379,NULL,2,NULL,9,2,'2020-03-10 10:53:15',2.00,'COMPLETED',NULL,2.00,NULL,NULL,NULL,NULL,NULL,NULL,NULL,NULL,'Transfer Remittance'),(681,379,NULL,2,NULL,9,2,'2020-03-10 10:56:36',2.00,'COMPLETED',NULL,2.00,NULL,NULL,NULL,NULL,NULL,NULL,NULL,NULL,'Transfer Remittance'),(683,379,NULL,2,NULL,9,2,'2020-03-10 11:15:29',2.00,'COMPLETED',NULL,2.00,NULL,NULL,NULL,NULL,NULL,NULL,NULL,NULL,'Transfer Remittance'),(684,379,NULL,2,NULL,9,2,'2020-03-10 11:15:30',2.00,'COMPLETED',NULL,2.00,NULL,NULL,NULL,NULL,NULL,NULL,NULL,NULL,'Transfer Remittance'),(685,379,NULL,2,NULL,9,2,'2020-03-10 11:15:33',2.00,'COMPLETED',NULL,2.00,NULL,NULL,NULL,NULL,NULL,NULL,NULL,NULL,'Transfer Remittance'),(686,379,NULL,2,NULL,9,2,'2020-03-10 11:16:54',2.00,'COMPLETED',NULL,2.00,NULL,NULL,NULL,NULL,NULL,NULL,NULL,NULL,'Transfer Remittance'),(687,379,NULL,2,NULL,9,2,'2020-03-10 11:46:37',2.00,'COMPLETED',NULL,2.00,NULL,NULL,NULL,NULL,NULL,NULL,NULL,NULL,'Transfer Remittance'),(688,379,NULL,2,NULL,9,2,'2020-03-10 11:48:52',2.00,'COMPLETED',NULL,2.00,NULL,NULL,NULL,NULL,NULL,NULL,NULL,NULL,'Transfer Remittance'),(689,379,NULL,2,NULL,9,2,'2020-03-10 15:02:57',2.00,'COMPLETED',NULL,2.00,NULL,NULL,NULL,NULL,NULL,NULL,NULL,NULL,'Transfer Remittance'),(692,379,NULL,2,NULL,9,2,'2020-03-10 15:31:19',2.00,'COMPLETED',NULL,2.00,NULL,NULL,NULL,NULL,NULL,NULL,NULL,NULL,'Transfer Remittance'),(697,379,NULL,2,NULL,9,2,'2020-03-10 16:40:25',2.00,'COMPLETED',NULL,2.00,NULL,NULL,NULL,NULL,NULL,NULL,NULL,NULL,'Transfer Remittance'),(698,379,NULL,2,NULL,9,2,'2020-03-11 15:27:49',2.00,'COMPLETED',NULL,2.00,NULL,NULL,NULL,NULL,NULL,NULL,NULL,NULL,'Transfer Remittance'),(699,379,NULL,2,NULL,9,2,'2020-03-11 15:27:54',2.00,'COMPLETED',NULL,2.00,NULL,NULL,NULL,NULL,NULL,NULL,NULL,NULL,'Transfer Remittance'),(700,379,NULL,2,NULL,9,2,'2020-03-11 15:27:57',2.00,'COMPLETED',NULL,2.00,NULL,NULL,NULL,NULL,NULL,NULL,NULL,NULL,'Transfer Remittance'),(701,379,NULL,2,NULL,9,2,'2020-03-11 15:44:45',2.00,'COMPLETED',NULL,2.00,NULL,NULL,NULL,NULL,NULL,NULL,NULL,NULL,'Transfer Remittance'),(703,379,NULL,2,NULL,9,2,'2020-03-11 15:53:50',2.00,'COMPLETED',NULL,2.00,NULL,NULL,NULL,NULL,NULL,NULL,NULL,NULL,'Transfer Remittance'),(704,379,NULL,2,NULL,9,2,'2020-03-11 15:54:01',2.00,'COMPLETED',NULL,2.00,NULL,NULL,NULL,NULL,NULL,NULL,NULL,NULL,'Transfer Remittance'),(705,379,NULL,2,NULL,9,2,'2020-03-11 15:54:14',2.00,'COMPLETED',NULL,2.00,NULL,NULL,NULL,NULL,NULL,NULL,NULL,NULL,'Transfer Remittance'),(706,379,NULL,2,NULL,9,2,'2020-03-11 15:54:45',2.00,'COMPLETED',NULL,2.00,NULL,NULL,NULL,NULL,NULL,NULL,NULL,NULL,'Transfer Remittance'),(707,379,NULL,2,NULL,9,2,'2020-03-11 17:15:00',2.00,'COMPLETED',NULL,2.00,NULL,NULL,NULL,NULL,NULL,NULL,NULL,NULL,'Transfer Remittance'),(708,379,NULL,2,NULL,9,2,'2020-03-12 12:49:18',2.00,'COMPLETED',NULL,2.00,NULL,NULL,NULL,NULL,NULL,NULL,NULL,NULL,'Transfer Remittance'),(709,379,NULL,2,NULL,9,2,'2020-03-13 10:48:52',6.22,'COMPLETED',NULL,6.22,NULL,NULL,NULL,NULL,NULL,NULL,NULL,NULL,'Transfer Remittance'),(710,379,NULL,2,NULL,9,2,'2020-03-13 10:51:26',2.00,'COMPLETED',NULL,2.00,NULL,NULL,NULL,NULL,NULL,NULL,NULL,NULL,'Transfer Remittance'),(711,379,NULL,2,NULL,9,2,'2020-03-13 10:59:26',2.00,'COMPLETED',NULL,2.00,NULL,NULL,NULL,NULL,NULL,NULL,NULL,NULL,'Transfer Remittance'),(712,379,NULL,2,NULL,9,2,'2020-03-13 11:01:13',2.00,'COMPLETED',NULL,2.00,NULL,NULL,NULL,NULL,NULL,NULL,NULL,NULL,'Transfer Remittance'),(713,379,NULL,2,NULL,9,2,'2020-03-13 11:01:39',6.22,'COMPLETED',NULL,6.22,NULL,NULL,NULL,NULL,NULL,NULL,NULL,NULL,'Transfer Remittance'),(714,379,NULL,2,NULL,9,2,'2020-03-13 11:02:22',6.22,'COMPLETED',NULL,6.22,NULL,NULL,NULL,NULL,NULL,NULL,NULL,NULL,'Transfer Remittance'),(715,379,NULL,2,NULL,9,2,'2020-03-13 11:02:39',6.22,'COMPLETED',NULL,6.22,NULL,NULL,NULL,NULL,NULL,NULL,NULL,NULL,'Transfer Remittance'),(716,379,NULL,2,NULL,9,2,'2020-03-13 11:03:26',6.22,'COMPLETED',NULL,6.22,NULL,NULL,NULL,NULL,NULL,NULL,NULL,NULL,'Transfer Remittance'),(717,379,NULL,2,NULL,9,2,'2020-03-13 11:04:24',6.22,'COMPLETED',NULL,6.22,NULL,NULL,NULL,NULL,NULL,NULL,NULL,NULL,'Transfer Remittance'),(718,379,NULL,2,NULL,9,2,'2020-03-13 11:04:28',6.22,'COMPLETED',NULL,6.22,NULL,NULL,NULL,NULL,NULL,NULL,NULL,NULL,'Transfer Remittance'),(719,379,NULL,2,NULL,9,2,'2020-03-13 11:05:23',9.55,'COMPLETED',NULL,9.55,NULL,NULL,NULL,NULL,NULL,NULL,NULL,NULL,'Transfer Remittance'),(720,379,NULL,2,NULL,9,2,'2020-03-13 11:08:53',9.55,'COMPLETED',NULL,9.55,NULL,NULL,NULL,NULL,NULL,NULL,NULL,NULL,'Transfer Remittance'),(722,379,NULL,2,NULL,9,2,'2020-03-13 11:18:55',9.55,'COMPLETED',NULL,9.55,NULL,NULL,NULL,NULL,NULL,NULL,NULL,NULL,'Transfer Remittance'),(724,379,NULL,2,NULL,9,2,'2020-03-13 11:36:24',9.55,'COMPLETED',NULL,9.55,NULL,NULL,NULL,NULL,NULL,NULL,NULL,NULL,'Transfer Remittance'),(725,379,NULL,2,NULL,9,2,'2020-03-13 11:49:16',6.22,'COMPLETED',NULL,6.22,NULL,NULL,NULL,NULL,NULL,NULL,NULL,NULL,'Transfer Remittance'),(726,379,NULL,2,NULL,9,2,'2020-03-13 11:55:46',6.22,'COMPLETED',NULL,6.22,NULL,NULL,NULL,NULL,NULL,NULL,NULL,NULL,'Transfer Remittance'),(727,379,NULL,2,NULL,9,2,'2020-03-13 12:48:51',6.22,'COMPLETED',NULL,6.22,NULL,NULL,NULL,NULL,NULL,NULL,NULL,NULL,'Transfer Remittance'),(730,379,NULL,2,NULL,9,2,'2020-03-13 14:11:07',6.22,'COMPLETED',NULL,6.22,NULL,NULL,NULL,NULL,NULL,NULL,NULL,NULL,'Transfer Remittance'),(731,379,NULL,2,NULL,9,2,'2020-03-13 14:31:36',59.55,'COMPLETED',NULL,59.55,NULL,NULL,NULL,NULL,NULL,NULL,NULL,NULL,'Transfer Remittance'),(732,379,NULL,2,NULL,9,2,'2020-03-13 14:45:49',4.55,'COMPLETED',NULL,4.55,NULL,NULL,NULL,NULL,NULL,NULL,NULL,NULL,'Transfer Remittance'),(733,379,NULL,2,NULL,9,2,'2020-03-13 16:08:46',9.55,'COMPLETED',NULL,9.55,NULL,NULL,NULL,NULL,NULL,NULL,NULL,NULL,'Transfer Remittance'),(734,379,NULL,2,NULL,9,2,'2020-03-13 16:09:33',6.22,'COMPLETED',NULL,6.22,NULL,NULL,NULL,NULL,NULL,NULL,NULL,NULL,'Transfer Remittance'),(735,379,NULL,2,NULL,9,2,'2020-03-13 16:10:39',6.55,'COMPLETED',NULL,6.55,NULL,NULL,NULL,NULL,NULL,NULL,NULL,NULL,'Transfer Remittance'),(736,379,379,2,NULL,10,2,'2020-04-13 20:53:14',1.00,'CREATED',NULL,1.00,NULL,NULL,NULL,NULL,NULL,NULL,NULL,NULL,'Purchase Balance Afinitas'),(745,379,379,2,NULL,10,2,'2020-04-13 21:34:57',1.00,'COMPLETED',NULL,1.00,NULL,NULL,NULL,NULL,NULL,NULL,NULL,NULL,'Purchase Balance Afinitas'),(746,379,379,2,NULL,10,2,'2020-04-13 21:40:22',1.00,'COMPLETED',NULL,1.00,NULL,NULL,NULL,NULL,NULL,NULL,NULL,NULL,'Purchase Balance Afinitas'),(747,379,379,2,NULL,10,2,'2020-04-13 21:48:30',1.00,'COMPLETED',NULL,1.00,NULL,NULL,NULL,NULL,NULL,NULL,NULL,NULL,'Purchase Balance Afinitas'),(752,379,435,1,NULL,3,2,'2020-04-20 21:22:52',10.00,'COMPLETED',NULL,10.00,NULL,NULL,NULL,NULL,NULL,NULL,NULL,NULL,'Transfer between Accounts'),(753,379,435,1,NULL,3,2,'2020-04-20 21:58:22',10.00,'COMPLETED',NULL,10.00,NULL,NULL,NULL,NULL,NULL,NULL,NULL,NULL,'Transfer between Accounts'),(754,379,379,2,NULL,10,2,'2020-04-23 15:19:58',1.00,'IN_PROCESS',NULL,1.00,NULL,NULL,NULL,NULL,NULL,NULL,NULL,NULL,'Purchase Balance Afinitas'),(757,379,379,2,NULL,10,2,'2020-04-23 15:36:19',1.00,'IN_PROCESS',NULL,1.00,NULL,NULL,NULL,NULL,NULL,NULL,NULL,NULL,'Purchase Balance Afinitas'),(758,379,379,2,NULL,10,2,'2020-04-23 15:38:31',1.00,'IN_PROCESS',NULL,1.00,NULL,NULL,NULL,NULL,NULL,NULL,NULL,NULL,'Purchase Balance Afinitas'),(760,379,379,2,NULL,10,2,'2020-04-23 15:50:55',1.00,'IN_PROCESS',NULL,1.00,NULL,NULL,NULL,NULL,NULL,NULL,NULL,NULL,'Purchase Balance Afinitas'),(761,379,379,2,NULL,10,2,'2020-04-23 16:00:18',1.00,'IN_PROCESS',NULL,1.00,NULL,NULL,NULL,NULL,NULL,NULL,NULL,NULL,'Purchase Balance Afinitas'),(762,379,379,2,NULL,10,2,'2020-04-23 16:03:16',1.00,'COMPLETED',NULL,1.00,NULL,NULL,NULL,NULL,NULL,NULL,NULL,NULL,'Purchase Balance Afinitas'),(763,379,379,2,NULL,10,2,'2020-04-23 16:10:04',1.00,'COMPLETED',NULL,1.00,NULL,NULL,NULL,NULL,NULL,NULL,NULL,NULL,'Purchase Balance Afinitas'),(764,379,379,2,NULL,10,2,'2020-04-24 08:29:44',1.00,'IN_PROCESS',NULL,1.00,NULL,NULL,NULL,NULL,NULL,NULL,NULL,NULL,'Purchase Balance Afinitas'),(765,379,379,2,NULL,10,2,'2020-04-24 08:30:47',1.00,'IN_PROCESS',NULL,1.00,NULL,NULL,NULL,NULL,NULL,NULL,NULL,NULL,'Purchase Balance Afinitas'),(766,379,379,2,NULL,10,2,'2020-04-24 08:31:01',1.00,'IN_PROCESS',NULL,1.00,NULL,NULL,NULL,NULL,NULL,NULL,NULL,NULL,'Purchase Balance Afinitas'),(767,379,379,2,NULL,10,2,'2020-04-24 08:32:32',1.00,'IN_PROCESS',NULL,1.00,NULL,NULL,NULL,NULL,NULL,NULL,NULL,NULL,'Purchase Balance Afinitas'),(768,379,379,2,NULL,10,2,'2020-04-24 08:36:39',1.00,'IN_PROCESS',NULL,1.00,NULL,NULL,NULL,NULL,NULL,NULL,NULL,NULL,'Purchase Balance Afinitas'),(772,379,379,2,NULL,10,2,'2020-04-24 08:50:26',1.00,'IN_PROCESS',NULL,1.00,NULL,NULL,NULL,NULL,NULL,NULL,NULL,NULL,'Purchase Balance Afinitas'),(774,379,379,2,NULL,10,2,'2020-04-24 09:02:24',1.00,'IN_PROCESS',NULL,1.00,NULL,NULL,NULL,NULL,NULL,NULL,NULL,NULL,'Purchase Balance Afinitas'),(775,379,435,1,NULL,3,2,'2020-05-06 01:50:51',10.00,'COMPLETED',NULL,10.00,NULL,NULL,NULL,NULL,NULL,NULL,NULL,NULL,'Transfer between Accounts'),(776,379,435,1,NULL,2,2,'2020-05-06 02:07:48',20.00,'COMPLETED',NULL,20.00,NULL,NULL,NULL,NULL,NULL,NULL,NULL,NULL,'Payment Shop'),(777,379,458,1,NULL,3,2,'2020-05-06 02:36:42',200.00,'COMPLETED',NULL,200.00,NULL,NULL,NULL,NULL,NULL,NULL,NULL,NULL,'Transfer between Accounts'),(778,379,458,1,NULL,3,2,'2020-05-06 02:37:43',200.00,'COMPLETED',NULL,200.00,NULL,NULL,NULL,NULL,NULL,NULL,NULL,NULL,'Transfer between Accounts'),(779,379,379,2,NULL,6,2,'2020-05-06 02:38:46',2000.00,'IN_PROCESS',NULL,2000.00,NULL,NULL,NULL,NULL,NULL,NULL,NULL,NULL,'12'),(781,379,379,2,NULL,10,2,'2020-05-06 03:10:17',1.00,'IN_PROCESS',NULL,1.00,NULL,NULL,NULL,NULL,NULL,NULL,NULL,NULL,'Purchase Balance Afinitas'),(782,379,379,2,NULL,10,2,'2020-05-06 03:26:31',1.00,'COMPLETED',NULL,1.00,NULL,NULL,NULL,NULL,NULL,NULL,NULL,NULL,'Purchase Balance Afinitas'),(783,379,379,2,NULL,10,2,'2020-05-06 03:28:20',20.00,'COMPLETED',NULL,20.00,NULL,NULL,NULL,NULL,NULL,NULL,NULL,NULL,'Purchase Balance Afinitas'),(784,379,379,2,NULL,10,2,'2020-05-06 03:29:48',200.00,'COMPLETED',NULL,200.00,NULL,NULL,NULL,NULL,NULL,NULL,NULL,NULL,'Purchase Balance Afinitas'),(785,379,379,2,NULL,10,2,'2020-05-06 03:31:19',20.00,'COMPLETED',NULL,20.00,NULL,NULL,NULL,NULL,NULL,NULL,NULL,NULL,'Purchase Balance Afinitas'),(786,379,379,1,NULL,5,2,'2020-05-06 03:31:57',2.00,'IN_PROCESS',NULL,2.00,NULL,NULL,NULL,NULL,NULL,NULL,NULL,NULL,'Pago'),(787,379,379,3,NULL,4,2,'2020-05-06 03:32:41',200.00,'COMPLETED',NULL,200.00,NULL,NULL,NULL,NULL,NULL,NULL,NULL,NULL,'cualquier cosa'),(788,379,379,1,NULL,7,2,'2020-05-06 05:11:15',1.64,'COMPLETED',NULL,2.64,NULL,NULL,'Destination:584241934005 SkuidID:26574',NULL,NULL,NULL,NULL,NULL,'Recharge TopUp'),(789,379,379,1,NULL,6,2,'2020-05-06 07:46:04',9.56,'IN_PROCESS',NULL,9.56,NULL,NULL,NULL,NULL,NULL,NULL,NULL,NULL,'qjjjf'),(790,379,379,2,NULL,10,2,'2020-05-06 07:46:42',20.00,'COMPLETED',NULL,20.00,NULL,NULL,NULL,NULL,NULL,NULL,NULL,NULL,'Purchase Balance Afinitas'),(791,379,458,2,NULL,3,2,'2020-05-06 07:47:38',20.00,'COMPLETED',NULL,20.00,NULL,NULL,NULL,NULL,NULL,NULL,NULL,NULL,'Transfer between Accounts'),(792,379,379,3,NULL,4,2,'2020-05-06 07:48:14',200.00,'COMPLETED',NULL,200.00,NULL,NULL,NULL,NULL,NULL,NULL,NULL,NULL,'cualquier cosa'),(793,379,NULL,2,NULL,9,2,'2020-05-06 07:50:23',16.00,'COMPLETED',NULL,16.00,NULL,NULL,NULL,NULL,NULL,NULL,NULL,NULL,'Transfer Remittance'),(794,379,NULL,2,NULL,9,2,'2020-05-06 07:52:36',16.00,'COMPLETED',NULL,16.00,NULL,NULL,NULL,NULL,NULL,NULL,NULL,NULL,'Transfer Remittance'),(795,379,NULL,2,NULL,9,2,'2020-05-06 07:52:51',16.00,'COMPLETED',NULL,16.00,NULL,NULL,NULL,NULL,NULL,NULL,NULL,NULL,'Transfer Remittance'),(796,379,NULL,2,NULL,9,2,'2020-05-06 07:53:09',16.00,'COMPLETED',NULL,16.00,NULL,NULL,NULL,NULL,NULL,NULL,NULL,NULL,'Transfer Remittance'),(797,379,NULL,2,NULL,9,2,'2020-05-06 07:53:17',16.00,'COMPLETED',NULL,16.00,NULL,NULL,NULL,NULL,NULL,NULL,NULL,NULL,'Transfer Remittance'),(798,379,NULL,2,NULL,9,2,'2020-05-06 07:53:22',16.00,'COMPLETED',NULL,16.00,NULL,NULL,NULL,NULL,NULL,NULL,NULL,NULL,'Transfer Remittance'),(799,379,NULL,2,NULL,9,2,'2020-05-06 08:38:48',2.00,'COMPLETED',NULL,2.00,NULL,NULL,NULL,NULL,NULL,NULL,NULL,NULL,'Transfer Remittance'),(800,379,NULL,2,NULL,9,2,'2020-05-06 08:41:14',204.00,'COMPLETED',NULL,204.00,NULL,NULL,NULL,NULL,NULL,NULL,NULL,NULL,'Transfer Remittance'),(801,379,NULL,2,NULL,9,2,'2020-05-06 08:43:41',204.00,'COMPLETED',NULL,204.00,NULL,NULL,NULL,NULL,NULL,NULL,NULL,NULL,'Transfer Remittance'),(802,379,NULL,2,NULL,9,2,'2020-05-06 08:46:59',204.00,'COMPLETED',NULL,204.00,NULL,NULL,NULL,NULL,NULL,NULL,NULL,NULL,'Transfer Remittance'),(803,379,NULL,2,NULL,9,2,'2020-05-06 08:54:50',204.00,'COMPLETED',NULL,204.00,NULL,NULL,NULL,NULL,NULL,NULL,NULL,NULL,'Transfer Remittance'),(804,379,NULL,2,NULL,9,2,'2020-05-06 08:55:02',204.00,'COMPLETED',NULL,204.00,NULL,NULL,NULL,NULL,NULL,NULL,NULL,NULL,'Transfer Remittance'),(805,379,NULL,2,NULL,9,2,'2020-05-06 08:55:09',204.00,'COMPLETED',NULL,204.00,NULL,NULL,NULL,NULL,NULL,NULL,NULL,NULL,'Transfer Remittance'),(806,379,NULL,2,NULL,9,2,'2020-05-06 08:55:16',204.00,'COMPLETED',NULL,204.00,NULL,NULL,NULL,NULL,NULL,NULL,NULL,NULL,'Transfer Remittance'),(807,379,NULL,2,NULL,9,2,'2020-05-06 08:58:54',204.00,'COMPLETED',NULL,204.00,NULL,NULL,NULL,NULL,NULL,NULL,NULL,NULL,'Transfer Remittance'),(808,379,NULL,2,NULL,9,2,'2020-05-06 09:05:53',6.00,'COMPLETED',NULL,6.00,NULL,NULL,NULL,NULL,NULL,NULL,NULL,NULL,'Transfer Remittance'),(809,379,NULL,2,NULL,9,2,'2020-05-06 09:06:43',6.00,'COMPLETED',NULL,6.00,NULL,NULL,NULL,NULL,NULL,NULL,NULL,NULL,'Transfer Remittance'),(810,379,NULL,2,NULL,9,2,'2020-05-06 09:10:29',6.00,'COMPLETED',NULL,6.00,NULL,NULL,NULL,NULL,NULL,NULL,NULL,NULL,'Transfer Remittance'),(811,379,NULL,2,NULL,9,2,'2020-05-06 09:10:55',6.00,'COMPLETED',NULL,6.00,NULL,NULL,NULL,NULL,NULL,NULL,NULL,NULL,'Transfer Remittance'),(812,379,NULL,2,NULL,9,2,'2020-05-06 09:14:23',6.00,'COMPLETED',NULL,6.00,NULL,NULL,NULL,NULL,NULL,NULL,NULL,NULL,'Transfer Remittance'),(813,379,NULL,2,NULL,9,2,'2020-05-06 09:19:17',6.00,'COMPLETED',NULL,6.00,NULL,NULL,NULL,NULL,NULL,NULL,NULL,NULL,'Transfer Remittance'),(814,379,NULL,2,NULL,9,2,'2020-05-06 09:26:40',6.00,'COMPLETED',NULL,6.00,NULL,NULL,NULL,NULL,NULL,NULL,NULL,NULL,'Transfer Remittance'),(815,379,379,2,NULL,10,2,'2020-05-08 23:25:04',1.00,'IN_PROCESS',NULL,1.00,NULL,NULL,NULL,NULL,NULL,NULL,NULL,NULL,'Purchase Balance Afinitas'),(816,379,379,2,NULL,10,2,'2020-05-08 23:25:12',1.00,'IN_PROCESS',NULL,1.00,NULL,NULL,NULL,NULL,NULL,NULL,NULL,NULL,'Purchase Balance Afinitas'),(817,379,379,2,NULL,10,2,'2020-05-08 23:25:59',1.00,'IN_PROCESS',NULL,1.00,NULL,NULL,NULL,NULL,NULL,NULL,NULL,NULL,'Purchase Balance Afinitas'),(818,379,379,2,NULL,10,2,'2020-05-08 23:27:26',1.00,'IN_PROCESS',NULL,1.00,NULL,NULL,NULL,NULL,NULL,NULL,NULL,NULL,'Purchase Balance Afinitas'),(819,379,379,2,NULL,10,2,'2020-05-10 02:31:53',10.00,'IN_PROCESS',NULL,10.00,NULL,NULL,NULL,NULL,NULL,NULL,NULL,NULL,'Purchase Balance Afinitas'),(820,379,379,2,NULL,10,2,'2020-05-10 02:37:43',1.00,'IN_PROCESS',NULL,1.00,NULL,NULL,NULL,NULL,NULL,NULL,NULL,NULL,'Purchase Balance Afinitas'),(821,379,379,2,NULL,10,2,'2020-05-10 02:38:25',1.00,'IN_PROCESS',NULL,1.00,NULL,NULL,NULL,NULL,NULL,NULL,NULL,NULL,'Purchase Balance Afinitas'),(822,379,379,2,NULL,10,2,'2020-05-10 02:48:06',1.00,'IN_PROCESS',NULL,1.00,NULL,NULL,NULL,NULL,NULL,NULL,NULL,NULL,'Purchase Balance Afinitas'),(823,379,379,2,NULL,10,2,'2020-05-10 02:48:55',1.00,'IN_PROCESS',NULL,1.00,NULL,NULL,NULL,NULL,NULL,NULL,NULL,NULL,'Purchase Balance Afinitas'),(824,379,379,2,NULL,10,2,'2020-05-10 03:13:46',1.00,'IN_PROCESS',NULL,1.00,NULL,NULL,NULL,NULL,NULL,NULL,NULL,NULL,'Purchase Balance Afinitas'),(825,379,379,2,NULL,10,2,'2020-05-10 09:45:15',100.00,'IN_PROCESS',NULL,100.00,NULL,NULL,NULL,NULL,NULL,NULL,NULL,NULL,'Purchase Balance Afinitas'),(826,379,379,2,NULL,10,2,'2020-05-10 09:45:51',100.00,'IN_PROCESS',NULL,100.00,NULL,NULL,NULL,NULL,NULL,NULL,NULL,NULL,'Purchase Balance Afinitas'),(827,379,379,2,NULL,10,2,'2020-05-10 09:46:57',12.34,'IN_PROCESS',NULL,12.34,NULL,NULL,NULL,NULL,NULL,NULL,NULL,NULL,'Purchase Balance Afinitas'),(828,379,379,2,NULL,10,2,'2020-05-10 09:51:13',100.00,'IN_PROCESS',NULL,100.00,NULL,NULL,NULL,NULL,NULL,NULL,NULL,NULL,'Purchase Balance Afinitas'),(829,379,379,1,NULL,6,2,'2020-05-10 09:57:44',5000.00,'IN_PROCESS',NULL,5000.00,NULL,NULL,NULL,NULL,NULL,NULL,NULL,NULL,'recarga Manual desde el banco'),(830,379,379,2,NULL,10,2,'2020-05-10 09:58:22',20.00,'IN_PROCESS',NULL,20.00,NULL,NULL,NULL,NULL,NULL,NULL,NULL,NULL,'Purchase Balance Afinitas'),(831,379,379,3,NULL,4,2,'2020-05-10 09:59:20',10.00,'COMPLETED',NULL,10.00,NULL,NULL,NULL,NULL,NULL,NULL,NULL,NULL,'cualquier cosa'),(832,379,458,1,NULL,3,2,'2020-05-10 10:00:18',200.00,'COMPLETED',NULL,200.00,NULL,NULL,NULL,NULL,NULL,NULL,NULL,NULL,'Transfer between Accounts'),(833,379,379,1,NULL,7,2,'2020-05-10 10:01:09',1.66,'FAILED',NULL,2.66,NULL,NULL,'Destination:584241934005 SkuidID:26574',NULL,NULL,NULL,NULL,NULL,'Recharge TopUp'),(834,379,379,1,NULL,7,2,'2020-05-10 10:01:42',1.66,'FAILED',NULL,2.66,NULL,NULL,'Destination:584241934005 SkuidID:26574',NULL,NULL,NULL,NULL,NULL,'Recharge TopUp'),(835,379,379,1,NULL,7,2,'2020-05-10 10:02:26',2.07,'COMPLETED',NULL,3.07,NULL,NULL,'Destination:584241934005 SkuidID:26575',NULL,NULL,NULL,NULL,NULL,'Recharge TopUp'),(836,379,NULL,2,NULL,9,2,'2020-05-10 10:03:44',24.00,'COMPLETED',NULL,24.00,NULL,NULL,NULL,NULL,NULL,NULL,NULL,NULL,'Transfer Remittance'),(837,379,379,3,NULL,4,2,'2020-05-11 13:52:48',10.00,'COMPLETED',NULL,10.00,NULL,NULL,NULL,NULL,NULL,NULL,NULL,NULL,'cualquier cosa'),(838,379,NULL,2,NULL,9,2,'2020-05-18 14:32:51',16.00,'COMPLETED',NULL,16.00,NULL,NULL,NULL,NULL,NULL,NULL,NULL,NULL,'Transfer Remittance'),(839,379,379,1,NULL,6,2,'2020-05-18 22:25:23',200.00,'IN_PROCESS',NULL,200.00,NULL,NULL,NULL,NULL,NULL,NULL,NULL,NULL,'pago'),(840,379,379,2,NULL,10,2,'2020-05-18 22:26:21',20.00,'IN_PROCESS',NULL,20.00,NULL,NULL,NULL,NULL,NULL,NULL,NULL,NULL,'Purchase Balance Afinitas'),(841,379,379,1,NULL,5,2,'2020-05-18 22:27:10',20.00,'IN_PROCESS',NULL,20.00,NULL,NULL,NULL,NULL,NULL,NULL,NULL,NULL,'Alo'),(842,379,379,1,NULL,4,2,'2020-05-18 22:28:16',200.00,'COMPLETED',NULL,200.00,NULL,NULL,NULL,NULL,NULL,NULL,NULL,NULL,'cualquier cosa'),(843,379,458,1,NULL,3,2,'2020-05-18 22:29:13',2000.00,'COMPLETED',NULL,2000.00,NULL,NULL,NULL,NULL,NULL,NULL,NULL,NULL,'Transfer between Accounts'),(844,379,379,2,NULL,7,2,'2020-05-18 22:30:42',1.58,'FAILED',NULL,1.62,NULL,NULL,'Destination:584241934005 SkuidID:26574',NULL,NULL,NULL,NULL,NULL,'Recharge TopUp'),(845,379,379,2,NULL,7,2,'2020-05-18 22:31:11',1.97,'COMPLETED',NULL,2.02,NULL,NULL,'Destination:584241934005 SkuidID:26575',NULL,NULL,NULL,NULL,NULL,'Recharge TopUp'),(846,379,NULL,2,NULL,9,2,'2020-05-18 22:33:54',195.00,'COMPLETED',NULL,195.00,NULL,NULL,NULL,NULL,NULL,NULL,NULL,NULL,'Transfer Remittance'),(847,462,462,1,NULL,6,2,'2020-05-20 00:49:58',1000.00,'IN_PROCESS',NULL,1000.00,NULL,NULL,NULL,NULL,NULL,NULL,NULL,NULL,'transferencia '),(848,462,462,3,NULL,6,2,'2020-05-20 00:50:46',1000.00,'IN_PROCESS',NULL,1000.00,NULL,NULL,NULL,NULL,NULL,NULL,NULL,NULL,'trans '),(849,462,462,1,NULL,5,2,'2020-05-20 00:57:19',0.01,'IN_PROCESS',NULL,0.01,NULL,NULL,NULL,NULL,NULL,NULL,NULL,NULL,'Pago'),(850,462,462,1,NULL,4,2,'2020-05-20 00:58:32',0.01,'COMPLETED',NULL,0.01,NULL,NULL,NULL,NULL,NULL,NULL,NULL,NULL,'cualquier cosa'),(851,462,379,1,NULL,3,2,'2020-05-20 00:59:22',0.01,'COMPLETED',NULL,0.01,NULL,NULL,NULL,NULL,NULL,NULL,NULL,NULL,'Transfer between Accounts'),(852,462,NULL,2,NULL,9,2,'2020-05-20 01:01:36',-3.99,'COMPLETED',NULL,-3.99,NULL,NULL,NULL,NULL,NULL,NULL,NULL,NULL,'Transfer Remittance'),(853,462,NULL,2,NULL,9,2,'2020-05-20 01:01:42',-3.99,'COMPLETED',NULL,-3.99,NULL,NULL,NULL,NULL,NULL,NULL,NULL,NULL,'Transfer Remittance');
/*!40000 ALTER TABLE `transaction` ENABLE KEYS */;
UNLOCK TABLES;

--
-- Table structure for table `transaction_source`
--

DROP TABLE IF EXISTS `transaction_source`;
/*!40101 SET @saved_cs_client     = @@character_set_client */;
/*!40101 SET character_set_client = utf8 */;
CREATE TABLE `transaction_source` (
  `id` bigint(3) NOT NULL AUTO_INCREMENT,
  `name` varchar(45) NOT NULL,
  PRIMARY KEY (`id`)
) ENGINE=InnoDB AUTO_INCREMENT=7 DEFAULT CHARSET=latin1 COMMENT='Contiene el origen de la transaccion, si es por IVR, pagina ';
/*!40101 SET character_set_client = @saved_cs_client */;

--
-- Dumping data for table `transaction_source`
--

LOCK TABLES `transaction_source` WRITE;
/*!40000 ALTER TABLE `transaction_source` DISABLE KEYS */;
INSERT INTO `transaction_source` VALUES (1,'ALODIGA'),(2,'alo'),(3,'alo'),(4,'CUSTOMER_WEB'),(5,'ACCOUNT_WEB'),(6,'ACCOUNT_WEB');
/*!40000 ALTER TABLE `transaction_source` ENABLE KEYS */;
UNLOCK TABLES;

--
-- Table structure for table `transaction_type`
--

DROP TABLE IF EXISTS `transaction_type`;
/*!40101 SET @saved_cs_client     = @@character_set_client */;
/*!40101 SET character_set_client = utf8 */;
CREATE TABLE `transaction_type` (
  `id` bigint(3) NOT NULL AUTO_INCREMENT,
  `value` varchar(45) NOT NULL,
  PRIMARY KEY (`id`)
) ENGINE=InnoDB AUTO_INCREMENT=11 DEFAULT CHARSET=latin1;
/*!40101 SET character_set_client = @saved_cs_client */;

--
-- Dumping data for table `transaction_type`
--

LOCK TABLES `transaction_type` WRITE;
/*!40000 ALTER TABLE `transaction_type` DISABLE KEYS */;
INSERT INTO `transaction_type` VALUES (1,'PRODUCT_RECHARGE'),(2,'PRODUCT_PAYMENT'),(3,'PRODUCT_TRANSFER'),(4,'PRODUCT_EXCHANGE'),(5,'WITHDRAWALS_MANUAL'),(6,'MANUAL_RECHARGE'),(7,'TOP_UP_RECHARGE'),(8,'TRANSFER_CARD_TO_CARD'),(9,'TRANSFER_REMITTANCE'),(10,'PURCHASE_BALANCE');
/*!40000 ALTER TABLE `transaction_type` ENABLE KEYS */;
UNLOCK TABLES;

--
-- Table structure for table `userWS`
--

DROP TABLE IF EXISTS `userWS`;
/*!40101 SET @saved_cs_client     = @@character_set_client */;
/*!40101 SET character_set_client = utf8 */;
CREATE TABLE `userWS` (
  `usuario` varchar(50) NOT NULL,
  `password` varchar(50) NOT NULL,
  PRIMARY KEY (`usuario`)
) ENGINE=InnoDB DEFAULT CHARSET=utf8;
/*!40101 SET character_set_client = @saved_cs_client */;

--
-- Dumping data for table `userWS`
--

LOCK TABLES `userWS` WRITE;
/*!40000 ALTER TABLE `userWS` DISABLE KEYS */;
INSERT INTO `userWS` VALUES ('userWS','passwordWS');
/*!40000 ALTER TABLE `userWS` ENABLE KEYS */;
UNLOCK TABLES;

--
-- Table structure for table `user_has_bank`
--

DROP TABLE IF EXISTS `user_has_bank`;
/*!40101 SET @saved_cs_client     = @@character_set_client */;
/*!40101 SET character_set_client = utf8 */;
CREATE TABLE `user_has_bank` (
  `id` bigint(10) NOT NULL AUTO_INCREMENT,
  `userSourceId` bigint(20) NOT NULL,
  `bankId` bigint(20) NOT NULL,
  `accountNumber` varchar(25) NOT NULL,
  PRIMARY KEY (`id`),
  KEY `fk_user_has_bank_has_bank_id` (`bankId`),
  CONSTRAINT `fk_user_has_bank_has_bank_id` FOREIGN KEY (`bankId`) REFERENCES `bank` (`id`)
) ENGINE=InnoDB AUTO_INCREMENT=2 DEFAULT CHARSET=latin1;
/*!40101 SET character_set_client = @saved_cs_client */;

--
-- Dumping data for table `user_has_bank`
--

LOCK TABLES `user_has_bank` WRITE;
/*!40000 ALTER TABLE `user_has_bank` DISABLE KEYS */;
INSERT INTO `user_has_bank` VALUES (1,379,2,'01340132852369');
/*!40000 ALTER TABLE `user_has_bank` ENABLE KEYS */;
UNLOCK TABLES;

--
-- Table structure for table `user_has_card`
--

DROP TABLE IF EXISTS `user_has_card`;
/*!40101 SET @saved_cs_client     = @@character_set_client */;
/*!40101 SET character_set_client = utf8 */;
CREATE TABLE `user_has_card` (
  `id` bigint(10) NOT NULL AUTO_INCREMENT,
  `userId` bigint(10) NOT NULL,
  `cardId` bigint(10) NOT NULL,
  `aditional` varchar(45) DEFAULT NULL,
  PRIMARY KEY (`id`),
  KEY `user_product_has_carduserProduct_idx` (`userId`),
  KEY `user_product_has_card_has_card_idx` (`cardId`),
  CONSTRAINT `fk_user_product_has_card_1` FOREIGN KEY (`cardId`) REFERENCES `card` (`id`) ON DELETE NO ACTION ON UPDATE NO ACTION
) ENGINE=InnoDB AUTO_INCREMENT=21 DEFAULT CHARSET=latin1;
/*!40101 SET character_set_client = @saved_cs_client */;

--
-- Dumping data for table `user_has_card`
--

LOCK TABLES `user_has_card` WRITE;
/*!40000 ALTER TABLE `user_has_card` DISABLE KEYS */;
INSERT INTO `user_has_card` VALUES (5,455,7,NULL),(6,456,8,NULL),(16,457,18,NULL),(18,458,20,NULL),(19,379,21,NULL),(20,462,22,NULL);
/*!40000 ALTER TABLE `user_has_card` ENABLE KEYS */;
UNLOCK TABLES;

--
-- Table structure for table `user_has_country`
--

DROP TABLE IF EXISTS `user_has_country`;
/*!40101 SET @saved_cs_client     = @@character_set_client */;
/*!40101 SET character_set_client = utf8 */;
CREATE TABLE `user_has_country` (
  `id` bigint(10) NOT NULL AUTO_INCREMENT,
  `userId` bigint(10) NOT NULL,
  `countryId` bigint(10) NOT NULL,
  `additional` varchar(45) DEFAULT NULL,
  PRIMARY KEY (`id`)
) ENGINE=InnoDB AUTO_INCREMENT=2 DEFAULT CHARSET=latin1;
/*!40101 SET character_set_client = @saved_cs_client */;

--
-- Dumping data for table `user_has_country`
--

LOCK TABLES `user_has_country` WRITE;
/*!40000 ALTER TABLE `user_has_country` DISABLE KEYS */;
INSERT INTO `user_has_country` VALUES (1,379,1,NULL);
/*!40000 ALTER TABLE `user_has_country` ENABLE KEYS */;
UNLOCK TABLES;

--
-- Table structure for table `user_has_product`
--

DROP TABLE IF EXISTS `user_has_product`;
/*!40101 SET @saved_cs_client     = @@character_set_client */;
/*!40101 SET character_set_client = utf8 */;
CREATE TABLE `user_has_product` (
  `id` bigint(10) NOT NULL AUTO_INCREMENT,
  `productId` bigint(3) NOT NULL,
  `userSourceId` bigint(10) NOT NULL,
  `beginningDate` datetime NOT NULL,
  `endingDate` datetime DEFAULT NULL,
  PRIMARY KEY (`id`),
  KEY `fk_product_has_provider_product1` (`productId`),
  KEY `fk_product_has_provider_user_source_id` (`userSourceId`)
) ENGINE=MyISAM AUTO_INCREMENT=45 DEFAULT CHARSET=latin1;
/*!40101 SET character_set_client = @saved_cs_client */;

--
-- Dumping data for table `user_has_product`
--

LOCK TABLES `user_has_product` WRITE;
/*!40000 ALTER TABLE `user_has_product` DISABLE KEYS */;
INSERT INTO `user_has_product` VALUES (23,2,457,'2020-01-20 12:01:02',NULL),(24,1,457,'2020-01-20 12:01:02',NULL),(28,1,458,'2020-01-20 15:45:52',NULL),(6,1,442,'2020-01-17 15:29:39',NULL),(7,2,442,'2020-01-17 15:29:39',NULL),(8,2,455,'2020-01-19 17:14:27',NULL),(9,1,455,'2020-01-19 17:14:27',NULL),(35,2,459,'2020-03-06 10:26:08',NULL),(12,2,456,'2020-01-19 20:56:40',NULL),(13,1,456,'2020-01-19 20:56:40',NULL),(34,3,379,'2020-01-20 16:03:11',NULL),(26,3,457,'2020-01-20 14:40:49',NULL),(29,2,458,'2020-01-20 15:45:52',NULL),(30,3,458,'2020-01-20 16:03:11',NULL),(31,1,379,'2020-01-20 16:03:11',NULL),(32,2,379,'2020-01-20 16:03:11',NULL),(36,1,459,'2020-03-06 10:26:08',NULL),(37,1,460,'2020-05-06 08:21:42',NULL),(38,2,460,'2020-05-06 08:21:42',NULL),(39,1,461,'2020-05-06 08:33:20',NULL),(40,2,461,'2020-05-06 08:33:22',NULL),(41,4,379,'2020-05-06 08:33:22',NULL),(42,1,462,'2020-05-19 13:30:06',NULL),(43,2,462,'2020-05-19 13:30:06',NULL),(44,3,462,'2020-05-19 13:30:06',NULL);
/*!40000 ALTER TABLE `user_has_product` ENABLE KEYS */;
UNLOCK TABLES;

--
-- Table structure for table `validation_collection`
--

DROP TABLE IF EXISTS `validation_collection`;
/*!40101 SET @saved_cs_client     = @@character_set_client */;
/*!40101 SET character_set_client = utf8 */;
CREATE TABLE `validation_collection` (
  `id` bigint(10) NOT NULL AUTO_INCREMENT,
  `name` varchar(45) NOT NULL,
  `countryId` bigint(10) NOT NULL,
  `status` varchar(45) NOT NULL,
  `languageId` bigint(10) NOT NULL,
  `additional` varchar(45) DEFAULT NULL,
  PRIMARY KEY (`id`),
  KEY `fk_validation_collection_has_country_idx` (`countryId`),
  CONSTRAINT `fk_validation_collection_has_country` FOREIGN KEY (`countryId`) REFERENCES `country` (`id`) ON DELETE NO ACTION ON UPDATE NO ACTION
) ENGINE=InnoDB AUTO_INCREMENT=6 DEFAULT CHARSET=latin1;
/*!40101 SET character_set_client = @saved_cs_client */;

--
-- Dumping data for table `validation_collection`
--

LOCK TABLES `validation_collection` WRITE;
/*!40000 ALTER TABLE `validation_collection` DISABLE KEYS */;
INSERT INTO `validation_collection` VALUES (1,'Cedula',1,'1',3,NULL),(2,'Passport',47,'1',1,NULL),(3,'Licencia de Conducir',1,'1',3,NULL),(4,'identification card',1,'1',1,NULL),(5,'Pasaporte',47,'1',1,NULL);
/*!40000 ALTER TABLE `validation_collection` ENABLE KEYS */;
UNLOCK TABLES;

--
-- Table structure for table `withdrawal`
--

DROP TABLE IF EXISTS `withdrawal`;
/*!40101 SET @saved_cs_client     = @@character_set_client */;
/*!40101 SET character_set_client = utf8 */;
CREATE TABLE `withdrawal` (
  `id` bigint(20) NOT NULL AUTO_INCREMENT,
  `userSourceId` bigint(10) DEFAULT NULL,
  `productId` bigint(20) DEFAULT NULL,
  `transactionId` bigint(3) DEFAULT NULL,
  `bankId` bigint(3) NOT NULL,
  `accountBank` varchar(40) DEFAULT NULL,
  `commisionId` bigint(20) DEFAULT NULL,
  `typeWithdrawalId` bigint(20) DEFAULT NULL,
  `additional` varchar(500) DEFAULT NULL,
  `additional2` varchar(500) DEFAULT NULL,
  PRIMARY KEY (`id`),
  KEY `fk_withdrawal_has_product_id` (`productId`),
  KEY `fk_withdrawal_has_transaction_id` (`transactionId`),
  KEY `fk_withdrawal_has_commision_id` (`commisionId`),
  KEY `fk_withdrawal_has_type_withdrawal_id` (`typeWithdrawalId`),
  KEY `fk_withdrawal_bank1_idx` (`bankId`),
  CONSTRAINT `fk_withdrawal_bank1` FOREIGN KEY (`bankId`) REFERENCES `bank` (`id`),
  CONSTRAINT `fk_withdrawal_has_commision_id` FOREIGN KEY (`commisionId`) REFERENCES `commission` (`id`),
  CONSTRAINT `fk_withdrawal_has_product_id` FOREIGN KEY (`productId`) REFERENCES `product` (`id`),
  CONSTRAINT `fk_withdrawal_has_transaction_id` FOREIGN KEY (`transactionId`) REFERENCES `transaction` (`id`),
  CONSTRAINT `fk_withdrawal_has_type_withdrawal_id` FOREIGN KEY (`typeWithdrawalId`) REFERENCES `withdrawal_type` (`id`)
) ENGINE=InnoDB AUTO_INCREMENT=2 DEFAULT CHARSET=latin1;
/*!40101 SET character_set_client = @saved_cs_client */;

--
-- Dumping data for table `withdrawal`
--

LOCK TABLES `withdrawal` WRITE;
/*!40000 ALTER TABLE `withdrawal` DISABLE KEYS */;
INSERT INTO `withdrawal` VALUES (1,379,3,23,1,'501878200085697411',10,NULL,NULL,NULL);
/*!40000 ALTER TABLE `withdrawal` ENABLE KEYS */;
UNLOCK TABLES;

--
-- Table structure for table `withdrawal_type`
--

DROP TABLE IF EXISTS `withdrawal_type`;
/*!40101 SET @saved_cs_client     = @@character_set_client */;
/*!40101 SET character_set_client = utf8 */;
CREATE TABLE `withdrawal_type` (
  `id` bigint(3) NOT NULL AUTO_INCREMENT,
  `name` varchar(45) NOT NULL,
  PRIMARY KEY (`id`)
) ENGINE=InnoDB DEFAULT CHARSET=latin1;
/*!40101 SET character_set_client = @saved_cs_client */;

--
-- Dumping data for table `withdrawal_type`
--

LOCK TABLES `withdrawal_type` WRITE;
/*!40000 ALTER TABLE `withdrawal_type` DISABLE KEYS */;
/*!40000 ALTER TABLE `withdrawal_type` ENABLE KEYS */;
UNLOCK TABLES;
/*!40103 SET TIME_ZONE=@OLD_TIME_ZONE */;

/*!40101 SET SQL_MODE=@OLD_SQL_MODE */;
/*!40014 SET FOREIGN_KEY_CHECKS=@OLD_FOREIGN_KEY_CHECKS */;
/*!40014 SET UNIQUE_CHECKS=@OLD_UNIQUE_CHECKS */;
/*!40101 SET CHARACTER_SET_CLIENT=@OLD_CHARACTER_SET_CLIENT */;
/*!40101 SET CHARACTER_SET_RESULTS=@OLD_CHARACTER_SET_RESULTS */;
/*!40101 SET COLLATION_CONNECTION=@OLD_COLLATION_CONNECTION */;
/*!40111 SET SQL_NOTES=@OLD_SQL_NOTES */;

-- Dump completed on 2020-05-20 23:23:25
